16413,1.40,1.26,1.37
16428,1.51,1.26,1.37
16443,1.18,1.26,1.37
16458,1.24,1.26,1.37
16473,1.31,1.27,1.37
16488,1.36,1.26,1.36
16503,1.17,1.26,1.36
16518,1.20,1.26,1.35
16533,1.49,1.26,1.36
16548,1.59,1.26,1.36
16563,1.40,1.26,1.36
16578,1.33,1.26,1.36
16593,1.37,1.26,1.36
16608,1.39,1.27,1.37
16623,1.40,1.27,1.37
16638,1.51,1.26,1.37
16653,1.60,1.26,1.37
16668,1.44,1.26,1.38
16683,1.34,1.26,1.37
16698,1.66,1.26,1.38
16713,1.45,1.26,1.37
16728,1.48,1.26,1.38
16743,1.45,1.26,1.38
16758,1.39,1.26,1.38
16773,1.27,1.26,1.38
16788,1.13,1.26,1.38
16803,1.38,1.26,1.38
16818,1.34,1.26,1.37
16833,1.55,1.26,1.37
16848,1.37,1.26,1.38
16863,1.49,1.26,1.38
16878,1.32,1.26,1.38
16893,1.52,1.25,1.37
16908,1.23,1.26,1.37
16923,1.48,1.25,1.37
16938,1.51,1.26,1.38
16953,1.28,1.26,1.38
16968,1.14,1.26,1.37
16983,1.48,1.25,1.37
16998,1.27,1.26,1.37
17013,1.27,1.25,1.37
17028,1.15,1.25,1.36
17043,1.42,1.25,1.37
17058,1.61,1.25,1.37
17073,1.19,1.24,1.36
17088,1.41,1.24,1.36
17103,1.46,1.24,1.36
17118,1.33,1.25,1.36
17133,1.46,1.24,1.36
17148,1.18,1.24,1.36
17163,1.32,1.24,1.35
17178,1.39,1.24,1.35
17193,1.30,1.24,1.35
17208,1.42,1.24,1.35
17223,1.44,1.24,1.36
17238,1.45,1.24,1.36
17253,1.45,1.24,1.36
17268,1.29,1.24,1.36
17283,1.60,1.24,1.37
17298,1.27,1.25,1.37
17313,1.45,1.25,1.37
17328,1.35,1.25,1.37
17343,1.58,1.25,1.38
17358,1.49,1.25,1.38
17373,1.40,1.25,1.38
17388,1.39,1.25,1.38
17403,1.35,1.25,1.38
17418,1.41,1.25,1.38
17433,1.28,1.25,1.38
17448,1.28,1.25,1.37
17463,1.43,1.25,1.38
17478,1.42,1.24,1.37
17493,1.51,1.24,1.38
17508,1.43,1.24,1.38
17523,1.39,1.25,1.38
17538,1.34,1.24,1.38
17553,1.30,1.24,1.37
17568,1.32,1.24,1.37
17583,1.40,1.24,1.37
17598,1.58,1.24,1.37
17613,1.28,1.24,1.37
17628,1.39,1.24,1.37
17643,1.30,1.24,1.37
17658,1.19,1.23,1.36
17673,1.51,1.23,1.36
17688,1.41,1.23,1.36
17703,1.25,1.23,1.36
17718,1.34,1.23,1.36
17733,1.44,1.23,1.36
17748,1.34,1.24,1.37
17763,1.44,1.24,1.37
17778,1.48,1.24,1.37
17793,1.38,1.24,1.37
17808,1.41,1.24,1.37
17823,1.46,1.24,1.38
17838,1.79,1.24,1.38
17853,1.29,1.24,1.38
17868,1.28,1.24,1.38
17883,1.34,1.24,1.38
17898,1.47,1.24,1.38
17913,1.30,1.23,1.37
17928,1.26,1.23,1.37
17943,1.34,1.23,1.37
17958,1.29,1.23,1.36
17973,1.47,1.23,1.36
17988,1.41,1.22,1.36
18003,1.38,1.23,1.37
18018,1.57,1.23,1.37
18033,1.30,1.23,1.37
18048,1.42,1.23,1.37
18063,1.42,1.22,1.37
18078,1.44,1.22,1.37
18093,1.45,1.22,1.37
18108,1.44,1.22,1.37
18123,1.42,1.22,1.37
18138,1.26,1.22,1.37
18153,1.40,1.22,1.37
18168,1.27,1.22,1.37
18183,1.20,1.22,1.36
18198,1.43,1.22,1.36
18213,1.37,1.22,1.37
18228,1.27,1.22,1.36
18243,1.45,1.22,1.37
18258,1.60,1.22,1.37
18273,1.15,1.22,1.36
18288,1.57,1.22,1.37
18303,1.40,1.22,1.37
18318,1.31,1.22,1.37
18333,1.12,1.22,1.36
18348,1.34,1.22,1.36
18363,1.52,1.22,1.37
18378,1.45,1.22,1.37
18393,1.53,1.22,1.37
18408,1.39,1.22,1.37
18423,1.38,1.22,1.37
18438,1.38,1.22,1.37
18453,1.64,1.22,1.37
18468,1.43,1.22,1.37
18483,1.50,1.22,1.38
18498,1.41,1.22,1.38
18513,1.43,1.22,1.38
18528,1.41,1.22,1.38
18543,1.31,1.22,1.38
18558,1.42,1.22,1.38
18573,1.43,1.22,1.38
18588,1.36,1.22,1.38
18603,1.42,1.22,1.38
18618,1.20,1.22,1.38
18633,1.50,1.22,1.38
18648,1.49,1.23,1.39
18663,1.31,1.23,1.39
18678,1.39,1.23,1.39
18693,1.21,1.23,1.38
18708,1.56,1.23,1.39
18723,1.55,1.23,1.39
18738,1.47,1.23,1.39
18753,1.28,1.23,1.40
18768,1.62,1.23,1.40
18783,1.52,1.23,1.40
18798,1.24,1.23,1.40
18813,1.33,1.23,1.40
18828,1.42,1.23,1.40
18843,1.30,1.23,1.40
18858,1.33,1.23,1.40
18873,1.27,1.23,1.39
18888,1.23,1.23,1.39
18903,1.40,1.23,1.39
18918,1.54,1.23,1.39
18933,1.20,1.23,1.39
18948,1.39,1.23,1.39
18963,1.30,1.23,1.39
18978,1.26,1.23,1.39
18993,1.52,1.23,1.39
19008,1.22,1.23,1.39
19023,1.32,1.24,1.39
19038,1.30,1.24,1.39
19053,1.21,1.24,1.38
19068,1.51,1.24,1.38
19083,1.28,1.23,1.38
19098,1.50,1.23,1.38
19113,1.61,1.23,1.39
19128,1.13,1.23,1.38
19143,1.35,1.23,1.38
19158,1.60,1.23,1.38
19173,1.32,1.23,1.38
19188,1.37,1.24,1.39
19203,1.34,1.24,1.39
19218,1.18,1.23,1.38
19233,1.36,1.23,1.38
19248,1.26,1.23,1.38
19263,1.40,1.24,1.38
19278,1.33,1.24,1.38
19293,1.20,1.24,1.38
19308,1.47,1.24,1.38
19323,1.18,1.23,1.37
19338,1.22,1.23,1.36
19353,1.31,1.23,1.37
19368,1.44,1.24,1.37
19383,1.32,1.24,1.37
19398,1.35,1.23,1.37
19413,1.29,1.24,1.37
19428,1.29,1.23,1.36
19443,1.24,1.23,1.36
19458,1.29,1.23,1.36
19473,1.39,1.23,1.36
19488,1.29,1.23,1.35
19503,1.32,1.23,1.35
19518,1.37,1.23,1.35
19533,1.44,1.23,1.36
19548,1.27,1.23,1.35
19563,1.50,1.23,1.36
19578,1.21,1.23,1.36
19593,1.36,1.23,1.35
19608,1.35,1.23,1.36
19623,1.24,1.23,1.35
19638,1.61,1.22,1.35
19653,1.38,1.23,1.35
19668,1.37,1.23,1.35
19683,1.41,1.23,1.36
19698,1.20,1.23,1.35
19713,1.41,1.23,1.36
19728,1.40,1.23,1.35
19743,1.41,1.22,1.35
19758,1.44,1.22,1.35
19773,1.48,1.22,1.35
19788,1.27,1.23,1.36
19803,1.45,1.23,1.36
19818,1.45,1.23,1.37
19833,1.42,1.24,1.37
19848,1.38,1.23,1.37
19863,1.29,1.23,1.37
19878,1.19,1.23,1.36
19893,1.53,1.23,1.37
19908,1.26,1.23,1.37
19923,1.29,1.23,1.36
19938,1.52,1.23,1.37
19953,1.39,1.23,1.37
19968,1.32,1.23,1.37
19983,1.15,1.23,1.36
19998,1.45,1.23,1.36
20013,1.35,1.23,1.36
20028,1.43,1.24,1.37
20043,1.24,1.24,1.37
20058,1.22,1.24,1.37
20073,1.43,1.24,1.37
20088,1.34,1.24,1.37
20103,1.41,1.24,1.37
20118,1.42,1.24,1.37
20133,1.20,1.24,1.36
20148,1.32,1.24,1.36
20163,1.46,1.24,1.36
20178,1.40,1.24,1.37
20193,1.53,1.24,1.37
20208,1.29,1.24,1.37
20223,1.45,1.24,1.37
20238,1.22,1.24,1.36
20253,1.38,1.23,1.36
20268,1.37,1.23,1.36
20283,1.37,1.23,1.36
20298,1.36,1.23,1.36
20313,1.54,1.23,1.36
20328,1.37,1.23,1.36
20343,1.41,1.23,1.36
20358,1.39,1.23,1.36
20373,1.46,1.22,1.36
20388,1.49,1.22,1.36
20403,1.38,1.22,1.36
20418,1.33,1.22,1.36
20433,1.29,1.22,1.35
20448,1.31,1.22,1.36
20463,1.59,1.22,1.36
20478,1.25,1.22,1.36
20493,1.41,1.23,1.37
20508,1.37,1.23,1.37
20523,1.51,1.23,1.37
20538,1.58,1.23,1.37
20553,1.31,1.23,1.37
20568,1.30,1.23,1.37
20583,1.19,1.22,1.36
20598,1.28,1.22,1.36
20613,1.30,1.21,1.35
20628,1.18,1.22,1.35
20643,1.30,1.21,1.35
20658,1.16,1.22,1.35
20673,1.34,1.21,1.34
20688,1.39,1.21,1.34
20703,1.27,1.22,1.35
20718,1.24,1.22,1.34
20733,1.31,1.21,1.34
20748,1.45,1.22,1.34
20763,1.35,1.22,1.34
20778,1.44,1.21,1.34
20793,1.57,1.21,1.35
20808,1.45,1.21,1.35
20823,1.54,1.21,1.35
20838,1.45,1.21,1.36
20853,1.37,1.21,1.36
20868,1.37,1.21,1.36
20883,1.53,1.21,1.36
20898,1.50,1.21,1.36
20913,1.47,1.22,1.37
20928,1.25,1.21,1.36
20943,1.36,1.21,1.36
20958,1.19,1.21,1.36
20973,1.59,1.21,1.36
20988,1.14,1.21,1.36
21003,1.25,1.21,1.36
21018,1.29,1.21,1.35
21033,1.28,1.21,1.35
21048,1.43,1.21,1.35
21063,1.49,1.21,1.35
21078,1.50,1.21,1.36
21093,1.39,1.21,1.35
21108,1.48,1.20,1.35
21123,1.28,1.20,1.35
21138,1.31,1.20,1.35
21153,1.21,1.21,1.35
21168,1.25,1.21,1.35
21183,1.14,1.21,1.35
21198,1.63,1.21,1.36
21213,1.19,1.21,1.35
21228,1.41,1.21,1.35
21243,1.25,1.21,1.35
21258,1.36,1.21,1.35
21273,1.38,1.21,1.35
21288,1.36,1.21,1.36
21303,1.50,1.21,1.36
21318,1.46,1.21,1.36
21333,1.31,1.21,1.36
21348,1.32,1.21,1.36
21363,1.35,1.21,1.35
21378,1.68,1.21,1.36
21393,1.45,1.20,1.36
21408,1.37,1.21,1.36
21423,1.44,1.20,1.36
21438,1.30,1.21,1.36
21453,1.55,1.21,1.36
21468,1.37,1.21,1.37
21483,1.42,1.21,1.37
21498,1.29,1.21,1.37
21513,1.37,1.21,1.37
21528,1.18,1.21,1.37
21543,1.37,1.21,1.37
21558,1.34,1.21,1.36
21573,1.38,1.21,1.36
21588,1.20,1.21,1.36
21603,1.19,1.21,1.36
21618,1.52,1.21,1.36
21633,1.44,1.21,1.36
21648,1.63,1.21,1.37
21663,1.35,1.21,1.36
21678,1.34,1.21,1.37
21693,1.37,1.21,1.37
21708,1.54,1.21,1.37
21723,1.55,1.21,1.37
21738,1.29,1.21,1.37
21753,1.38,1.21,1.37
21768,1.46,1.21,1.37
21783,1.29,1.21,1.37
21798,1.36,1.21,1.37
21813,1.39,1.21,1.37
21828,1.43,1.21,1.38
21843,1.66,1.22,1.39
21858,1.35,1.22,1.39
21873,1.25,1.22,1.38
21888,1.37,1.22,1.38
21903,1.38,1.22,1.38
21918,1.38,1.22,1.39
21933,1.55,1.23,1.39
21948,1.59,1.22,1.40
21963,1.03,1.23,1.39
21978,1.48,1.23,1.39
21993,1.37,1.23,1.40
22008,1.29,1.23,1.40
22023,1.23,1.24,1.40
22038,1.20,1.24,1.39
22053,1.40,1.23,1.39
22068,1.56,1.23,1.39
22083,1.17,1.23,1.39
22098,1.18,1.24,1.39
22113,1.41,1.24,1.39
22128,1.34,1.24,1.39
22143,1.37,1.24,1.39
22158,1.43,1.24,1.39
22173,1.33,1.24,1.39
22188,1.29,1.24,1.39
22203,1.35,1.24,1.39
22218,1.50,1.24,1.39
22233,1.26,1.24,1.39
22248,1.27,1.24,1.39
22263,1.22,1.24,1.38
22278,1.30,1.23,1.37
22293,1.26,1.23,1.37
22308,1.46,1.23,1.37
22323,1.34,1.23,1.37
22338,1.34,1.23,1.37
22353,1.08,1.23,1.36
22368,1.31,1.22,1.36
22383,1.44,1.22,1.35
22398,1.51,1.22,1.36
22413,2.86,1.22,1.39
22428,5.01,1.22,1.46
22443,2.81,1.22,1.49
22458,-0.01,1.22,1.46
22473,-0.51,1.23,1.43
22488,-0.45,1.23,1.39
22503,1.31,1.24,1.40
22518,0.69,1.25,1.39
22533,0.90,1.25,1.38
22548,0.91,1.26,1.38
22563,1.17,1.28,1.40
22578,1.23,1.32,1.44
22593,1.56,1.41,1.52
22608,1.31,1.42,1.53
22623,1.76,1.43,1.55
22638,1.36,1.45,1.56
22653,1.09,1.48,1.58
22668,0.83,1.52,1.61
22683,-0.12,1.60,1.65
22698,1.32,1.73,1.77
22713,0.47,1.88,1.89
22728,1.18,2.02,2.01
22743,-0.13,2.07,2.02
22758,-1.76,2.09,1.97
22773,1.31,2.14,2.00
22788,1.97,2.22,2.08
22803,1.27,2.34,2.18
22818,1.55,2.49,2.31
22833,-0.62,2.66,2.42
22848,-0.64,2.79,2.49
22863,-1.04,2.91,2.53
22878,-1.21,3.04,2.58
22893,-1.97,3.19,2.65
22908,-1.55,3.41,2.77
22923,-0.57,3.67,2.96
22938,-0.79,3.90,3.11
22953,-2.15,4.09,3.19
22968,-1.19,4.21,3.23
22983,-1.29,4.32,3.24
22998,-0.42,4.45,3.30
23013,-1.96,4.59,3.33
23028,-2.87,4.70,3.31
23043,-1.39,4.83,3.35
23058,-2.87,5.00,3.39
23073,-5.03,5.22,3.43
23088,-5.22,5.45,3.48
23103,-3.83,5.72,3.61
23118,-4.99,6.04,3.74
23133,-5.79,6.37,3.88
23148,-6.10,6.78,4.08
23163,-6.27,7.34,4.42
23178,-7.32,8.06,4.89
23193,-6.97,8.84,5.42
23208,-11.13,9.61,5.84
23223,-10.32,10.31,6.20
23238,-9.47,10.86,6.43
23253,-8.36,11.32,6.59
23268,-10.22,11.82,6.74
23283,-12.18,12.39,6.92
23298,-12.94,13.02,7.14
23313,-13.63,13.66,7.35
23328,-14.20,14.30,7.55
23343,-14.01,14.92,7.72
23358,-14.09,15.51,7.87
23373,-10.73,16.09,8.06
23388,-13.97,16.67,8.19
23403,-15.25,17.31,8.35
23418,-17.29,18.03,8.54
23433,-16.93,18.79,8.78
23448,-18.42,19.59,9.02
23463,-18.02,20.50,9.37
23478,-19.59,21.41,9.68
23493,-20.21,22.36,10.01
23508,-22.49,23.32,10.31
23523,-23.41,24.36,10.66
23538,-23.03,25.46,11.05
23553,-26.49,26.55,11.37
23568,-25.10,27.63,11.70
23583,-23.71,28.74,12.08
23598,-25.80,29.82,12.39
23613,-26.66,30.87,12.64
23628,-30.81,31.90,12.77
23643,-32.89,32.91,12.85
23658,-31.98,33.87,12.89
23673,-30.30,34.82,12.96
23688,-30.42,35.73,12.99
23703,-35.14,36.52,12.79
23718,-35.43,37.26,12.56
23733,-37.29,38.00,12.28
23748,-36.44,38.74,12.04
23763,-37.47,39.48,11.77
23778,-37.83,40.23,11.51
23793,-39.36,40.92,11.17
23808,-40.61,41.56,10.76
23823,-40.18,42.17,10.34
23838,-40.44,42.74,9.89
23853,-42.84,43.27,9.35
23868,-43.09,43.80,8.82
23883,-44.20,44.34,8.29
23898,-43.57,44.88,7.78
23913,-43.57,45.43,7.30
23928,-44.23,46.02,6.84
23943,-45.39,46.64,6.40
23958,-46.84,47.28,5.96
23973,-47.41,47.92,5.53
23988,-45.13,48.54,5.12
24003,-46.57,49.15,4.69
24018,-47.18,49.73,4.22
24033,-47.94,50.30,3.73
24048,-49.79,50.85,3.20
24063,-49.51,51.39,2.67
24078,-49.50,51.89,2.13
24093,-50.53,52.39,1.56
24108,-51.66,52.88,0.97
24123,-51.17,53.36,0.40
24138,-51.47,53.84,-0.16
24153,-51.49,54.33,-0.72
24168,-52.50,54.81,-1.28
24183,-54.82,55.29,-1.87
24198,-54.56,55.77,-2.46
24213,-54.81,56.24,-3.05
24228,-55.21,56.70,-3.64
24243,-55.11,57.14,-4.24
24258,-56.21,57.55,-4.87
24273,-56.67,57.94,-5.53
24288,-56.25,58.32,-6.17
24303,-57.22,58.71,-6.81
24318,-57.41,59.09,-7.45
24333,-57.79,59.47,-8.09
24348,-58.17,59.83,-8.73
24363,-57.75,60.17,-9.38
24378,-58.87,60.49,-10.05
24393,-59.64,60.80,-10.74
24408,-58.72,61.10,-11.40
24423,-59.92,61.41,-12.08
24438,-59.60,61.68,-12.76
24453,-60.97,61.92,-13.49
24468,-60.56,62.14,-14.21
24483,-60.54,62.37,-14.92
24498,-60.94,62.59,-15.63
24513,-61.51,62.78,-16.36
24528,-61.91,62.95,-17.10
24543,-61.89,63.11,-17.84
24558,-61.82,63.26,-18.57
24573,-61.87,63.42,-19.28
24588,-61.93,63.58,-19.98
24603,-62.77,63.74,-20.68
24618,-62.58,63.89,-21.37
24633,-61.97,64.02,-22.05
24648,-62.54,64.15,-22.73
24663,-62.23,64.28,-23.40
24678,-62.81,64.41,-24.06
24693,-62.96,64.53,-24.72
24708,-63.39,64.64,-25.38
24723,-62.31,64.77,-26.00
24738,-63.15,64.88,-26.63
24753,-63.45,64.97,-27.27
24768,-63.69,65.06,-27.92
24783,-63.32,65.14,-28.55
24798,-63.87,65.20,-29.19
24813,-63.94,65.25,-29.84
24828,-63.68,65.30,-30.47
24843,-63.80,65.35,-31.08
24858,-63.79,65.41,-31.68
24873,-63.91,65.46,-32.27
24888,-64.12,65.51,-32.87
24903,-64.19,65.55,-33.45
24918,-64.04,65.59,-34.03
24933,-64.18,65.62,-34.59
24948,-63.96,65.65,-35.16
24963,-64.42,65.67,-35.72
24978,-64.05,65.70,-36.26
24993,-64.25,65.72,-36.80
25008,-64.27,65.73,-37.33
25023,-64.17,65.75,-37.85
25038,-64.24,65.78,-38.36
25053,-64.53,65.81,-38.85
25068,-64.05,65.85,-39.31
25083,-64.84,65.88,-39.79
25098,-64.49,65.91,-40.25
25113,-64.30,65.93,-40.72
25128,-64.53,65.96,-41.17
25143,-64.53,65.99,-41.60
25158,-64.49,66.02,-42.03
25173,-64.10,66.05,-42.44
25188,-64.61,66.08,-42.86
25203,-64.71,66.09,-43.28
25218,-64.44,66.11,-43.69
25233,-64.50,66.13,-44.08
25248,-64.54,66.16,-44.46
25263,-64.42,66.19,-44.83
25278,-64.87,66.22,-45.21
25293,-64.81,66.24,-45.57
25308,-64.73,66.27,-45.93
25323,-64.87,66.30,-46.29
25338,-64.42,66.34,-46.61
25353,-64.65,66.37,-46.94
25368,-64.73,66.40,-47.26
25383,-65.18,66.42,-47.60
25398,-65.01,66.43,-47.94
25413,-65.15,66.44,-48.27
25428,-64.93,66.46,-48.59
25443,-65.18,66.48,-48.90
25458,-65.09,66.49,-49.22
25473,-64.67,66.49,-49.53
25488,-64.87,66.48,-49.84
25503,-65.17,66.50,-50.13
25518,-64.84,66.52,-50.40
25533,-64.60,66.54,-50.66
25548,-65.03,66.56,-50.94
25563,-64.69,66.56,-51.21
25578,-64.84,66.57,-51.48
25593,-65.00,66.57,-51.74
25608,-64.76,66.59,-51.98
25623,-65.54,66.61,-52.23
25638,-65.17,66.63,-52.48
25653,-65.02,66.65,-52.71
25668,-64.69,66.67,-52.92
25683,-65.16,66.69,-53.15
25698,-65.44,66.71,-53.38
25713,-65.17,66.73,-53.60
25728,-65.39,66.74,-53.82
25743,-65.37,66.76,-54.03
25758,-65.72,66.77,-54.25
25773,-65.57,66.77,-54.48
25788,-65.61,66.76,-54.72
25803,-65.56,66.74,-54.95
25818,-65.12,66.74,-55.16
25833,-65.11,66.74,-55.35
25848,-65.35,66.74,-55.55
25863,-65.05,66.74,-55.74
25878,-65.47,66.73,-55.95
25893,-65.52,66.72,-56.15
25908,-65.08,66.71,-56.34
25923,-65.33,66.70,-56.52
25938,-65.11,66.70,-56.70
25953,-65.11,66.69,-56.88
25968,-65.39,66.68,-57.05
25983,-65.11,66.67,-57.23
25998,-64.78,66.64,-57.41
26013,-65.27,66.61,-57.60
26028,-65.44,66.58,-57.78
26043,-64.57,66.57,-57.93
26058,-64.93,66.56,-58.08
26073,-64.91,66.55,-58.22
26088,-65.00,66.55,-58.35
26103,-64.97,66.57,-58.47
26118,-64.95,66.59,-58.58
26133,-64.91,66.63,-58.67
26148,-65.13,66.67,-58.75
26163,-65.09,66.72,-58.84
26178,-65.04,66.76,-58.92
26193,-65.46,66.80,-59.01
26208,-65.04,66.84,-59.09
26223,-65.30,66.88,-59.17
26238,-65.37,66.92,-59.26
26253,-65.49,66.96,-59.35
26268,-65.38,66.98,-59.44
26283,-65.65,67.01,-59.55
26298,-65.29,67.02,-59.64
26313,-65.48,67.05,-59.74
26328,-65.56,67.06,-59.84
26343,-65.34,67.05,-59.96
26358,-65.32,67.04,-60.08
26373,-66.00,67.02,-60.22
26388,-65.18,67.00,-60.34
26403,-65.38,66.97,-60.47
26418,-65.32,66.93,-60.60
26433,-65.36,66.88,-60.75
26448,-65.32,66.81,-60.91
26463,-65.25,66.72,-61.08
26478,-65.25,66.61,-61.27
26493,-65.47,66.48,-61.48
26508,-65.29,66.32,-61.71
26523,-65.16,66.13,-61.97
26538,-64.88,65.90,-62.26
26553,-63.99,65.62,-62.56
26568,-64.83,65.30,-62.92
26583,-64.01,64.93,-63.31
26598,-64.10,64.49,-63.76
26613,-63.39,63.98,-64.24
26628,-62.48,63.41,-64.77
26643,-62.87,62.77,-65.36
26658,-60.98,62.08,-65.94
26673,-60.96,61.34,-66.57
26688,-59.68,60.53,-67.23
26703,-59.40,59.66,-67.92
26718,-57.78,58.75,-68.61
26733,-57.42,57.81,-69.31
26748,-56.62,56.83,-70.02
26763,-56.13,55.79,-70.76
26778,-54.08,54.70,-71.50
26793,-53.36,53.54,-72.26
26808,-52.01,52.35,-73.03
26823,-50.01,51.17,-73.72
26838,-49.01,50.03,-74.34
26853,-48.32,48.92,-74.92
26868,-47.40,47.78,-75.49
26883,-46.05,46.60,-76.06
26898,-44.75,45.37,-76.63
26913,-43.64,44.16,-77.16
26928,-42.75,42.97,-77.63
26943,-40.76,41.85,-77.99
26958,-39.90,40.80,-78.26
26973,-39.12,39.76,-78.49
26988,-38.66,38.71,-78.73
27003,-37.42,37.62,-78.97
27018,-36.37,36.50,-79.21
27033,-35.34,35.39,-79.43
27048,-33.56,34.31,-79.57
27063,-32.61,33.26,-79.66
27078,-32.13,32.22,-79.73
27093,-32.54,31.18,-79.80
27108,-30.22,30.11,-79.86
27123,-27.95,29.01,-79.90
27138,-26.35,27.92,-79.90
27153,-25.00,26.86,-79.83
27168,-24.53,25.86,-79.72
27183,-24.67,24.88,-79.57
27198,-24.20,23.93,-79.40
27213,-23.08,23.00,-79.18
27228,-21.49,22.09,-78.91
27243,-21.83,21.23,-78.62
27258,-22.13,20.39,-78.32
27273,-20.76,19.58,-77.95
27288,-18.16,18.82,-77.51
27303,-17.40,18.05,-77.05
27318,-17.55,17.27,-76.63
27333,-18.16,16.48,-76.23
27348,-17.03,15.68,-75.84
27363,-13.77,14.83,-75.43
27378,-10.96,13.96,-74.99
27393,-13.13,13.14,-74.56
27408,-13.87,12.34,-74.13
27423,-12.79,11.56,-73.67
27438,-11.39,10.77,-73.20
27453,-10.03,9.96,-72.72
27468,-8.76,9.18,-72.21
27483,-8.33,8.45,-71.65
27498,-8.30,7.78,-71.04
27513,-7.77,7.19,-70.35
27528,-7.23,6.66,-69.61
27543,-6.42,6.17,-68.83
27558,-5.32,5.70,-68.01
27573,-4.08,5.28,-67.15
27588,-5.35,4.88,-66.30
27603,-5.10,4.54,-65.41
27618,-4.33,4.28,-64.44
27633,-4.14,4.11,-63.40
27648,-3.46,3.98,-62.33
27663,-3.85,3.89,-61.26
27678,-3.64,3.81,-60.18
27693,-3.01,3.74,-59.10
27708,-2.15,3.66,-58.05
27723,-4.99,3.52,-57.12
27738,-2.80,3.35,-56.20
27753,-3.91,3.13,-55.37
27768,-3.39,2.87,-54.59
27783,-2.34,2.63,-53.77
27798,-1.95,2.53,-52.83
27813,-1.73,2.43,-51.92
27828,-2.48,2.35,-51.00
27843,-2.95,2.31,-50.08
27858,-2.35,2.29,-49.15
27873,-1.96,2.27,-48.22
27888,-2.88,2.25,-47.33
27903,-1.44,2.22,-46.44
27918,-2.16,2.15,-45.62
27933,-1.46,2.03,-44.86
27948,-1.83,1.88,-44.15
27963,-2.30,1.72,-43.47
27978,-2.57,1.54,-42.82
27993,-3.20,1.36,-42.22
28008,-2.85,1.15,-41.63
28023,-0.74,0.93,-41.03
28038,0.04,0.72,-40.41
28053,-1.45,0.49,-39.86
28068,-1.07,0.25,-39.32
28083,-0.58,-0.00,-38.79
28098,-1.37,-0.26,-38.29
28113,-0.13,-0.51,-37.77
28128,0.21,-0.73,-37.23
28143,0.29,-0.90,-36.65
28158,1.67,-1.03,-36.01
28173,1.77,-1.11,-35.33
28188,2.95,-1.11,-34.57
28203,2.78,-1.02,-33.73
28218,-0.09,-0.84,-32.88
28233,-0.59,-0.60,-32.00
28248,0.16,-0.32,-31.08
28263,-0.35,-0.01,-30.17
28278,0.76,0.38,-29.17
28293,0.28,0.83,-28.13
28308,-0.83,1.27,-27.16
28323,-1.90,1.68,-26.25
28338,-0.89,2.07,-25.35
28353,-2.28,2.44,-24.53
28368,-1.16,2.80,-23.71
28383,-1.84,3.18,-22.91
28398,-3.70,3.55,-22.16
28413,-2.91,3.86,-21.47
28428,-5.31,4.12,-20.89
28443,-4.78,4.35,-20.35
28458,-2.09,4.56,-19.77
28473,-9.87,4.76,-19.38
28488,3.55,4.93,-18.76
28503,-11.29,5.11,-18.43
28518,-0.25,5.29,-17.88
28533,-4.78,5.48,-17.44
28548,1.58,5.67,-16.88
28563,-7.34,5.87,-16.49
28578,-11.39,6.00,-16.25
28593,-8.10,6.06,-16.04
28608,-7.05,6.10,-15.82
28623,-7.12,6.15,-15.59
28638,-6.92,6.21,-15.36
28653,-9.00,6.23,-15.21
28668,-8.35,6.22,-15.08
28683,-6.07,6.19,-14.94
28698,-5.69,6.13,-14.81
28713,-6.37,6.08,-14.69
28728,-6.69,6.04,-14.57
28743,-7.92,6.02,-14.45
28758,-8.79,6.02,-14.34
28773,-6.22,6.05,-14.15
28788,-7.24,6.13,-13.93
28803,-7.24,6.23,-13.71
28818,-5.48,6.33,-13.44
28833,-7.61,6.46,-13.20
28848,-7.18,6.58,-12.96
28863,-8.06,6.68,-12.77
28878,-5.54,6.76,-12.54
28893,-5.96,6.87,-12.30
28908,-7.27,6.93,-12.14
28923,-5.21,6.96,-11.97
28938,-5.08,6.98,-11.81
28953,-7.25,7.00,-11.70
28968,-7.31,7.02,-11.59
28983,-10.67,7.01,-11.59
28998,-6.02,6.99,-11.50
29013,-10.52,6.94,-11.53
29028,-4.50,6.89,-11.44
29043,-7.51,6.87,-11.38
29058,-1.81,6.87,-11.19
29073,-7.52,6.86,-11.12
29088,-5.24,6.84,-11.02
29103,-9.14,6.83,-10.99
29118,-2.91,6.83,-10.84
29133,-6.63,6.82,-10.75
29148,-6.54,6.82,-10.68
29163,-7.08,6.81,-10.61
29178,-6.72,6.84,-10.51
29193,-8.59,6.83,-10.48
29208,-6.47,6.82,-10.41
29223,-3.18,6.82,-10.27
29238,-9.88,6.81,-10.27
29253,-8.86,6.76,-10.29
29268,1.32,6.73,-10.08
29283,-6.55,6.75,-9.99
29298,-5.47,6.73,-9.92
29313,-4.59,6.76,-9.79
29328,-5.59,6.78,-9.68
29343,-4.91,6.79,-9.58
29358,-3.43,6.85,-9.39
29373,-6.89,6.90,-9.30
29388,-4.68,6.94,-9.17
29403,-5.44,6.96,-9.07
29418,-6.64,7.00,-8.99
29433,-5.54,7.02,-8.89
29448,-3.95,7.06,-8.76
29463,-6.79,7.06,-8.72
29478,-4.42,7.08,-8.61
29493,-7.57,7.10,-8.57
29508,-5.59,7.13,-8.48
29523,-7.82,7.15,-8.44
29538,-6.67,7.17,-8.39
29553,-6.68,7.19,-8.34
29568,-6.60,7.20,-8.29
29583,-6.28,7.23,-8.23
29598,-6.34,7.25,-8.17
29613,-5.81,7.27,-8.10
29628,-6.24,7.29,-8.04
29643,-6.55,7.31,-7.99
29658,-6.25,7.33,-7.94
29673,-5.63,7.35,-7.88
29688,-6.79,7.36,-7.84
29703,-6.28,7.37,-7.80
29718,-6.23,7.39,-7.75
29733,-6.23,7.41,-7.70
29748,-6.99,7.44,-7.66
29763,-5.76,7.46,-7.60
29778,-5.24,7.48,-7.53
29793,-6.10,7.51,-7.47
29808,-6.50,7.53,-7.43
29823,-6.42,7.54,-7.41
29838,-6.85,7.55,-7.39
29853,-7.68,7.55,-7.39
29868,-5.65,7.56,-7.35
29883,-6.25,7.56,-7.33
29898,-6.72,7.57,-7.31
29913,-7.97,7.58,-7.30
29928,-6.97,7.59,-7.29
29943,-7.02,7.61,-7.27
29958,-7.20,7.62,-7.25
29973,-7.33,7.62,-7.25
29988,-6.36,7.62,-7.23
30003,-6.39,7.62,-7.22
30018,-7.60,7.61,-7.23
30033,-7.23,7.62,-7.23
30048,-6.99,7.62,-7.22
30063,-6.37,7.63,-7.20
30078,-7.50,7.63,-7.20
30093,-6.98,7.64,-7.19
30108,-7.66,7.65,-7.19
30123,-6.89,7.66,-7.17
30138,-6.81,7.67,-7.15
30153,-6.90,7.69,-7.13
30168,-8.40,7.70,-7.15
30183,-7.05,7.71,-7.14
30198,-7.79,7.72,-7.14
30213,-7.64,7.73,-7.13
30228,-7.69,7.74,-7.14
30243,-7.96,7.75,-7.14
30258,-7.76,7.76,-7.15
30273,-7.50,7.77,-7.15
30288,-7.58,7.77,-7.16
30303,-8.02,7.77,-7.17
30318,-7.49,7.78,-7.17
30333,-7.20,7.77,-7.18
30348,-7.32,7.77,-7.18
30363,-7.92,7.77,-7.19
30378,-7.41,7.78,-7.19
30393,-7.64,7.78,-7.20
30408,-8.17,7.77,-7.22
30423,-7.25,7.77,-7.23
30438,-7.38,7.77,-7.24
30453,-7.83,7.77,-7.24
30468,-7.30,7.77,-7.24
30483,-7.36,7.78,-7.24
30498,-7.60,7.78,-7.25
30513,-8.11,7.78,-7.26
30528,-7.20,7.78,-7.26
30543,-7.43,7.78,-7.26
30558,-7.12,7.78,-7.26
30573,-7.85,7.78,-7.28
30588,-7.46,7.77,-7.29
30603,-5.13,7.74,-7.27
30618,-8.80,7.74,-7.30
30633,-7.69,7.73,-7.32
30648,-7.39,7.73,-7.32
30663,-6.99,7.72,-7.32
30678,-7.83,7.72,-7.34
30693,-7.31,7.71,-7.35
30708,-7.36,7.70,-7.35
30723,-7.40,7.69,-7.36
30738,-6.74,7.69,-7.35
30753,-7.52,7.69,-7.36
30768,-7.04,7.68,-7.36
30783,-7.39,7.67,-7.37
30798,-7.32,7.66,-7.38
30813,-7.22,7.65,-7.38
30828,-7.16,7.64,-7.39
30843,-6.55,7.64,-7.38
30858,-6.78,7.64,-7.37
30873,-7.05,7.64,-7.35
30888,-6.05,7.65,-7.32
30903,-5.82,7.67,-7.27
30918,-6.67,7.69,-7.24
30933,-3.56,7.76,-7.09
30948,-6.66,7.96,-6.89
30963,0.36,8.32,-6.40
30978,-3.11,8.76,-5.90
30993,-9.01,9.13,-5.59
31008,-10.62,9.26,-5.57
31023,-6.57,9.04,-5.80
31038,-4.50,8.68,-6.13
31053,-3.58,8.34,-6.41
31068,-2.94,8.10,-6.58
31083,-2.47,7.94,-6.65
31098,-3.13,7.81,-6.71
31113,-2.38,7.63,-6.80
31128,-2.03,7.46,-6.87
31143,-1.79,7.31,-6.92
31158,-1.93,7.17,-6.95
31173,-1.91,7.06,-6.96
31188,-1.66,6.98,-6.93
31203,-1.68,6.91,-6.90
31218,-1.84,6.83,-6.87
31233,-2.30,6.76,-6.85
31248,-3.94,6.65,-6.90
31263,-2.88,6.47,-6.99
31278,0.96,6.29,-7.02
31293,0.28,6.14,-7.01
31308,-1.45,6.02,-7.02
31323,-0.70,5.90,-7.01
31338,-0.21,5.79,-6.99
31353,0.85,5.68,-6.94
31368,-0.42,5.58,-6.91
31383,0.48,5.47,-6.86
31398,0.96,5.37,-6.81
31413,0.19,5.27,-6.77
31428,1.03,5.18,-6.70
31443,1.14,5.08,-6.64
31458,1.00,4.99,-6.57
31473,1.42,4.91,-6.50
31488,0.60,4.80,-6.46
31503,0.75,4.68,-6.44
31518,0.11,4.56,-6.42
31533,0.06,4.46,-6.39
31548,1.70,4.38,-6.30
31563,0.70,4.34,-6.20
31578,0.93,4.30,-6.10
31593,0.61,4.24,-6.03
31608,1.77,4.18,-5.93
31623,1.23,4.20,-5.77
31638,0.76,4.21,-5.63
31653,1.20,4.21,-5.49
31668,0.72,4.20,-5.37
31683,0.69,4.21,-5.24
31698,0.95,4.23,-5.10
31713,0.78,4.21,-5.00
31728,0.85,4.15,-4.94
31743,0.72,4.09,-4.88
31758,-0.39,4.04,-4.85
31773,0.75,3.97,-4.80
31788,0.26,3.94,-4.73
31803,-0.67,3.88,-4.71
31818,0.56,3.95,-4.53
31833,-0.18,3.91,-4.48
31848,7.84,3.86,-4.29
31863,3.45,3.69,-4.30
31878,2.39,3.73,-4.13
31893,1.08,3.75,-4.00
31908,0.87,3.77,-3.89
31923,0.72,3.70,-3.87
31938,1.51,3.66,-3.80
31953,1.13,3.65,-3.71
31968,0.32,3.64,-3.64
31983,1.34,3.63,-3.55
31998,1.13,3.62,-3.47
32013,1.66,3.60,-3.38
32028,1.85,3.59,-3.29
32043,1.29,3.57,-3.22
32058,1.10,3.55,-3.15
32073,0.57,3.53,-3.09
32088,1.11,3.52,-3.01
32103,1.34,3.52,-2.93
32118,1.75,3.51,-2.84
32133,2.43,3.52,-2.74
32148,2.35,3.52,-2.63
32163,1.55,3.52,-2.55
32178,2.42,3.53,-2.44
32193,0.82,3.53,-2.38
32208,1.13,3.52,-2.31
32223,1.69,3.53,-2.22
32238,1.41,3.53,-2.15
32253,1.33,3.53,-2.08
32268,1.30,3.53,-2.01
32283,1.46,3.53,-1.94
32298,1.37,3.53,-1.88
32313,1.36,3.53,-1.81
32328,1.20,3.53,-1.75
32343,1.22,3.53,-1.69
32358,1.29,3.52,-1.64
32373,1.30,3.53,-1.58
32388,1.33,3.53,-1.52
32403,1.17,3.52,-1.47
32418,1.28,3.53,-1.41
32433,1.31,3.52,-1.36
32448,1.22,3.52,-1.31
32463,1.25,3.52,-1.26
32478,1.05,3.52,-1.22
32493,0.89,3.51,-1.18
32508,0.69,3.49,-1.17
32523,1.92,3.47,-1.12
32538,3.66,3.46,-1.04
32553,1.37,3.44,-1.00
32568,2.42,3.43,-0.95
32583,0.44,3.39,-0.96
32598,-0.60,3.35,-0.99
32613,-0.62,3.30,-1.04
32628,-0.54,3.24,-1.08
32643,1.56,3.19,-1.07
32658,2.96,3.19,-1.00
32673,2.09,3.16,-0.97
32688,1.75,3.14,-0.93
32703,0.35,3.11,-0.94
32718,0.34,3.07,-0.95
32733,1.40,3.00,-0.96
32748,1.42,2.93,-0.99
32763,4.23,2.87,-0.95
32778,2.00,2.87,-0.88
32793,1.22,2.83,-0.88
32808,1.87,2.77,-0.89
32823,1.96,2.65,-0.95
32838,2.79,2.51,-1.01
32853,1.03,2.46,-1.02
32868,2.41,2.33,-1.08
32883,3.36,2.06,-1.25
32898,2.51,1.62,-1.61
32913,2.36,1.05,-2.09
32928,3.26,0.37,-2.65
32943,3.29,-0.31,-3.19
32958,4.48,-0.94,-3.66
32973,6.25,-1.54,-4.05
32988,6.41,-2.11,-4.40
33003,7.62,-2.68,-4.72
33018,7.89,-3.22,-4.99
33033,8.14,-3.72,-5.22
33048,7.79,-4.21,-5.44
33063,8.69,-4.72,-5.66
33078,8.64,-5.27,-5.91
33093,8.37,-5.88,-6.22
33108,9.24,-6.55,-6.57
33123,10.02,-7.25,-6.93
33138,10.49,-7.92,-7.24
33153,12.71,-8.55,-7.46
33168,13.07,-9.16,-7.64
33183,11.95,-9.77,-7.85
33198,13.82,-10.37,-8.00
33213,13.07,-11.02,-8.21
33228,14.07,-11.69,-8.43
33243,16.07,-12.33,-8.56
33258,17.83,-12.90,-8.59
33273,17.86,-13.40,-8.56
33288,17.74,-13.86,-8.48
33303,17.80,-14.31,-8.40
33318,17.13,-14.79,-8.35
33333,17.99,-15.29,-8.32
33348,19.79,-15.78,-8.23
33363,20.73,-16.24,-8.11
33378,22.43,-16.66,-7.90
33393,21.75,-16.99,-7.64
33408,20.79,-17.29,-7.36
33423,20.50,-17.61,-7.12
33438,20.98,-17.99,-6.93
33453,20.94,-18.40,-6.77
33468,23.41,-18.78,-6.55
33483,24.12,-19.15,-6.29
33498,24.36,-19.47,-5.99
33513,22.80,-19.91,-5.85
33528,25.39,-20.56,-5.86
33543,27.44,-21.00,-5.63
33558,24.42,-21.29,-5.31
33573,24.80,-21.61,-5.02
33588,27.87,-21.90,-4.65
33603,25.30,-22.19,-4.34
33618,23.56,-22.60,-4.18
33633,25.44,-23.07,-4.04
33648,27.24,-23.53,-3.87
33663,28.27,-23.97,-3.66
33678,27.78,-24.42,-3.47
33693,28.62,-24.87,-3.27
33708,27.75,-25.32,-3.09
33723,25.26,-25.91,-3.10
33738,27.42,-26.59,-3.16
33753,29.47,-27.27,-3.17
33768,31.08,-27.92,-3.12
33783,29.50,-28.63,-3.16
33798,30.57,-29.46,-3.31
33813,31.39,-30.36,-3.50
33828,27.56,-31.31,-3.80
33843,40.26,-32.18,-3.78
33858,35.32,-33.00,-3.80
33873,36.81,-33.86,-3.83
33888,38.79,-34.69,-3.79
33903,41.93,-35.44,-3.61
33918,40.29,-36.10,-3.38
33933,40.19,-36.71,-3.11
33948,39.83,-37.33,-2.85
33963,40.10,-37.93,-2.58
33978,43.36,-38.45,-2.17
33993,45.76,-38.82,-1.58
34008,45.40,-39.03,-0.84
34023,41.91,-39.17,-0.13
34038,42.63,-39.33,0.58
34053,42.47,-39.53,1.21
34068,41.79,-39.81,1.75
34083,43.59,-40.14,2.27
34098,43.35,-40.47,2.77
34113,45.40,-40.78,3.31
34128,46.17,-41.08,3.87
34143,44.76,-41.39,4.39
34158,43.26,-41.73,4.84
34173,44.51,-42.11,5.25
34188,47.83,-42.48,5.74
34203,46.83,-42.76,6.29
34218,46.15,-43.03,6.83
34233,46.76,-43.35,7.31
34248,47.84,-43.68,7.79
34263,49.14,-43.98,8.33
34278,48.31,-44.25,8.86
34293,48.76,-44.54,9.37
34308,52.50,-44.80,9.99
34323,53.33,-44.97,10.68
34338,53.01,-45.09,11.42
34353,53.78,-45.14,12.21
34368,53.34,-45.09,13.08
34383,45.83,-45.07,13.76
34398,45.24,-45.19,14.27
34413,50.57,-45.30,14.89
34428,53.18,-45.33,15.63
34443,51.89,-45.30,16.38
34458,50.84,-45.24,17.13
34473,49.23,-45.17,17.84
34488,47.12,-45.12,18.48
34503,47.18,-45.12,19.05
34518,49.85,-45.14,19.65
34533,51.65,-45.10,20.32
34548,50.73,-45.03,21.00
34563,48.69,-44.98,21.60
34578,48.68,-44.94,22.18
34593,48.75,-44.91,22.75
34608,48.54,-44.91,23.26
34623,49.92,-44.93,23.78
34638,51.64,-44.90,24.36
34653,49.20,-44.86,24.90
34668,48.56,-44.86,25.37
34683,50.14,-44.85,25.87
34698,50.79,-44.82,26.41
34713,48.38,-44.80,26.86
34728,48.78,-44.82,27.28
34743,50.70,-44.81,27.76
34758,49.87,-44.78,28.23
34773,49.35,-44.76,28.68
34788,48.65,-44.75,29.08
34803,49.54,-44.74,29.50
34818,50.15,-44.71,29.94
34833,49.75,-44.67,30.38
34848,48.37,-44.63,30.78
34863,48.65,-44.62,31.14
34878,50.00,-44.59,31.55
34893,48.83,-44.57,31.92
34908,48.94,-44.55,32.28
34923,49.28,-44.53,32.64
34938,48.97,-44.52,32.97
34953,49.30,-44.52,33.30
34968,49.44,-44.52,33.63
34983,48.27,-44.51,33.92
34998,48.69,-44.52,34.21
35013,49.99,-44.52,34.53
35028,48.93,-44.52,34.82
35043,49.40,-44.52,35.11
35058,48.92,-44.52,35.39
35073,49.42,-44.52,35.66
35088,49.83,-44.52,35.95
35103,50.14,-44.50,36.25
35118,49.61,-44.48,36.54
35133,47.82,-44.48,36.76
35148,49.16,-44.51,36.98
35163,50.08,-44.51,37.24
35178,50.01,-44.50,37.51
35193,48.82,-44.50,37.74
35208,49.41,-44.50,37.97
35223,49.56,-44.48,38.22
35238,49.21,-44.47,38.45
35253,47.81,-44.48,38.63
35268,48.89,-44.50,38.81
35283,50.38,-44.51,39.03
35298,49.71,-44.50,39.25
35313,49.26,-44.49,39.46
35328,49.02,-44.49,39.66
35343,49.35,-44.48,39.86
35358,49.42,-44.49,40.04
35373,48.28,-44.50,40.20
35388,49.19,-44.51,40.37
35403,49.44,-44.50,40.56
35418,48.80,-44.50,40.72
35433,49.59,-44.49,40.91
35448,49.15,-44.47,41.10
35463,48.77,-44.46,41.26
35478,48.97,-44.46,41.41
35493,49.25,-44.45,41.58
35508,49.25,-44.44,41.74
35523,48.80,-44.44,41.89
35538,47.63,-44.44,42.00
35553,48.72,-44.48,42.09
35568,50.58,-44.49,42.25
35583,50.27,-44.46,42.44
35598,48.85,-44.45,42.58
35613,48.76,-44.44,42.71
35628,49.28,-44.43,42.86
35643,49.15,-44.41,43.00
35658,48.97,-44.39,43.14
35673,49.32,-44.38,43.27
35688,49.00,-44.37,43.39
35703,50.12,-44.37,43.54
35718,49.21,-44.35,43.67
35733,48.83,-44.34,43.78
35748,48.65,-44.34,43.88
35763,49.37,-44.33,43.99
35778,49.12,-44.32,44.11
35793,49.33,-44.31,44.22
35808,48.54,-44.32,44.30
35823,49.87,-44.31,44.42
35838,49.16,-44.28,44.54
35853,49.20,-44.26,44.66
35868,49.08,-44.23,44.77
35883,49.55,-44.19,44.91
35898,49.38,-44.13,45.06
35913,48.42,-44.05,45.20
35928,48.78,-43.97,45.36
35943,49.12,-43.85,45.55
35958,48.67,-43.69,45.77
35973,48.44,-43.50,46.01
35988,47.84,-43.27,46.27
36003,48.83,-43.00,46.59
36018,47.47,-42.67,46.92
36033,46.99,-42.30,47.29
36048,45.21,-41.87,47.67
36063,46.84,-41.39,48.12
36078,44.54,-40.97,48.46
36093,44.30,-40.62,48.72
36108,44.16,-40.29,48.95
36123,44.47,-39.97,49.18
36138,43.98,-39.63,49.41
36153,44.32,-39.26,49.67
36168,44.70,-38.85,49.97
36183,44.77,-38.35,50.35
36198,42.65,-37.81,50.73
36213,40.73,-37.29,51.04
36228,40.44,-36.78,51.32
36243,40.61,-36.27,51.61
36258,42.15,-35.72,51.97
36273,44.24,-35.01,52.50
36288,39.33,-34.14,53.10
36303,33.30,-33.24,53.58
36318,31.10,-32.51,53.84
36333,32.23,-31.97,53.95
36348,34.20,-31.44,54.07
36363,37.40,-30.77,54.39
36378,40.51,-29.88,54.99
36393,36.93,-28.77,55.71
36408,33.00,-27.54,56.46
36423,29.11,-26.31,57.13
36438,26.11,-25.18,57.61
36453,23.41,-24.24,57.84
36468,24.64,-23.39,58.01
36483,25.69,-22.55,58.19
36498,26.03,-21.65,58.43
36513,25.64,-20.66,58.74
36528,24.38,-19.60,59.09
36543,21.02,-18.64,59.28
36558,20.93,-17.82,59.31
36573,20.07,-17.11,59.22
36588,20.09,-16.45,59.09
36603,20.74,-15.71,59.04
36618,20.39,-14.78,59.19
36633,27.87,-13.58,59.74
36648,15.34,-12.24,60.16
36663,13.26,-11.16,60.28
36678,13.96,-10.41,60.09
36693,14.12,-9.78,59.78
36708,14.12,-9.09,59.55
36723,13.73,-8.24,59.47
36738,11.32,-7.31,59.41
36753,10.96,-6.37,59.36
36768,9.64,-5.42,59.31
36783,8.86,-4.47,59.23
36798,8.71,-3.56,59.11
36813,7.98,-2.77,58.86
36828,6.92,-2.16,58.42
36843,6.54,-1.70,57.83
36858,6.31,-1.31,57.18
36873,5.16,-0.94,56.51
36888,6.29,-0.61,55.82
36903,6.31,-0.34,55.10
36918,4.05,-0.12,54.29
36933,5.31,0.06,53.49
36948,3.98,0.25,52.69
36963,5.11,0.47,51.95
36978,3.04,0.70,51.20
36993,4.33,0.93,50.49
37008,4.27,1.15,49.78
37023,3.00,1.33,49.02
37038,2.99,1.50,48.26
37053,3.21,1.65,47.50
37068,2.57,1.79,46.74
37083,1.99,1.86,45.92
37098,3.45,1.91,45.12
37113,3.13,1.98,44.35
37128,2.81,2.06,43.60
37143,1.07,2.14,42.83
37158,1.83,2.22,42.08
37173,2.78,2.32,41.39
37188,3.73,2.45,40.77
37203,2.49,2.63,40.18
37218,2.45,2.83,39.63
37233,1.36,3.05,39.07
37248,-0.21,3.26,38.49
37263,-0.26,3.47,37.92
37278,0.76,3.68,37.39
37293,1.77,3.91,36.90
37308,1.64,4.12,36.40
37323,-0.07,4.32,35.86
37338,-0.50,4.53,35.34
37353,0.16,4.77,34.87
37368,1.32,5.06,34.49
37383,1.85,5.40,34.17
37398,0.16,5.74,33.82
37413,-1.51,6.06,33.43
37428,-1.73,6.37,33.03
37443,-1.33,6.62,32.59
37458,-1.16,6.80,32.09
37473,-1.47,6.92,31.53
37488,-1.45,6.98,30.94
37503,-1.96,7.04,30.34
37518,-2.13,7.12,29.77
37533,-3.11,7.27,29.26
37548,-3.10,7.48,28.81
37563,-2.87,7.73,28.42
37578,-2.79,7.97,28.04
37593,-3.53,8.16,27.59
37608,-4.03,8.20,26.99
37623,-3.59,8.04,26.22
37638,-1.03,7.70,25.35
37653,-1.59,7.29,24.41
37668,-2.12,6.93,23.53
37683,0.05,6.76,22.89
37698,-0.36,6.86,22.52
37713,-0.10,7.14,22.34
37728,-3.36,7.46,22.15
37743,-3.98,7.72,21.88
37758,-3.14,7.79,21.45
37773,-3.40,7.73,20.89
37788,-3.76,7.69,20.36
37803,-1.52,7.74,19.97
37818,-3.52,7.81,19.57
37833,-3.14,7.78,19.09
37848,-5.50,7.63,18.45
37863,-4.01,7.45,17.82
37878,-2.08,7.28,17.25
37893,-2.04,7.14,16.73
37908,-1.08,7.08,16.31
37923,-7.94,7.12,15.87
37938,0.05,6.99,15.42
37953,-2.49,6.90,14.98
37968,-1.22,6.80,14.55
37983,-1.62,6.68,14.11
37998,-2.29,6.57,13.68
38013,-2.49,6.47,13.26
38028,-1.34,6.40,12.90
38043,-1.26,6.37,12.59
38058,-0.86,6.39,12.34
38073,-1.25,6.41,12.08
38088,-2.02,6.39,11.78
38103,0.76,6.36,11.53
38118,-0.52,6.30,11.23
38133,-1.12,6.20,10.89
38148,-2.46,6.03,10.46
38163,-1.09,5.76,9.96
38178,-0.08,5.49,9.50
38193,0.23,5.29,9.11
38208,0.25,5.15,8.79
38223,-0.14,5.05,8.52
38238,-1.39,4.95,8.23
38253,-0.14,4.85,7.96
38268,-0.08,4.80,7.75
38283,0.15,4.78,7.58
38298,0.37,4.79,7.44
38313,1.78,4.79,7.34
38328,0.35,4.80,7.20
38343,-0.23,4.78,7.03
38358,-0.79,4.74,6.83
38373,-1.00,4.69,6.64
38388,-0.03,4.66,6.47
38403,-0.13,4.64,6.32
38418,0.98,4.61,6.18
38433,0.94,4.57,6.04
38448,-0.03,4.53,5.88
38463,-0.17,4.48,5.71
38478,0.63,4.40,5.53
38493,-0.93,4.20,5.20
38508,-1.88,3.32,4.20
38523,68.92,3.40,5.57
38538,-3.35,3.62,5.61
38553,-1.80,3.55,5.39
38568,4.30,3.54,5.36
38583,3.00,3.55,5.33
38598,1.21,3.57,5.26
38613,0.20,3.59,5.18
38628,0.94,3.60,5.10
38643,2.03,3.60,5.04
38658,2.19,3.62,5.01
38673,1.27,3.63,4.94
38688,1.18,3.65,4.88
38703,0.36,3.66,4.81
38718,0.88,3.67,4.74
38733,0.59,3.70,4.68
38748,2.34,3.71,4.65
38763,1.31,3.71,4.58
38778,1.25,3.72,4.52
38793,-0.83,3.74,4.43
38808,0.14,3.74,4.34
38823,1.33,3.73,4.28
38838,1.24,3.73,4.22
38853,1.33,3.74,4.16
38868,1.11,3.74,4.10
38883,1.38,3.74,4.05
38898,1.24,3.74,3.99
38913,1.22,3.74,3.94
38928,1.45,3.74,3.89
38943,1.32,3.74,3.84
38958,1.55,3.74,3.79
38973,1.47,3.74,3.75
38988,1.21,3.74,3.70
39003,1.44,3.75,3.66
39018,1.36,3.75,3.61
39033,1.15,3.75,3.56
39048,1.38,3.75,3.52
39063,1.29,3.75,3.48
39078,1.32,3.75,3.43
39093,1.38,3.75,3.39
39108,1.39,3.75,3.35
39123,1.27,3.75,3.31
39138,1.28,3.75,3.27
39153,1.23,3.75,3.23
39168,1.08,3.75,3.19
39183,1.13,3.75,3.15
39198,1.52,3.75,3.11
39213,1.37,3.75,3.08
39228,1.25,3.75,3.04
39243,1.28,3.75,3.01
39258,1.24,3.75,2.97
39273,1.30,3.75,2.94
39288,1.29,3.75,2.90
39303,1.37,3.74,2.87
39318,1.53,3.75,2.84
39333,1.30,3.74,2.81
39348,1.52,3.75,2.79
39363,1.38,3.75,2.76
39378,1.22,3.75,2.73
39393,1.51,3.75,2.71
39408,1.41,3.75,2.68
39423,1.32,3.75,2.65
39438,1.27,3.75,2.63
39453,1.36,3.75,2.60
39468,1.46,3.75,2.58
39483,1.29,3.75,2.56
39498,1.44,3.76,2.54
39513,1.22,3.76,2.52
39528,1.40,3.76,2.49
39543,1.45,3.76,2.47
39558,1.38,3.76,2.45
39573,1.26,3.76,2.42
39588,1.26,3.76,2.40
39603,1.41,3.76,2.38
39618,1.32,3.76,2.36
39633,1.32,3.76,2.34
39648,1.56,3.76,2.32
39663,1.36,3.76,2.30
39678,1.30,3.75,2.28
39693,1.22,3.76,2.26
39708,1.26,3.76,2.24
39723,1.18,3.76,2.22
39738,1.28,3.76,2.20
39753,1.19,3.76,2.18
39768,1.43,3.76,2.16
39783,1.51,3.76,2.15
39798,1.16,3.76,2.13
39813,1.28,3.76,2.12
39828,1.34,3.76,2.11
39843,1.17,3.76,2.09
39858,1.45,3.77,2.08
39873,1.35,3.77,2.06
39888,1.28,3.77,2.05
39903,1.35,3.77,2.03
39918,1.24,3.77,2.02
39933,1.02,3.77,2.00
39948,1.40,3.77,1.99
39963,1.40,3.77,1.98
39978,1.54,3.77,1.97
39993,1.19,3.77,1.95
40008,1.35,3.77,1.94
40023,1.19,3.77,1.92
40038,1.32,3.76,1.91
40053,1.22,3.76,1.89
40068,1.27,3.76,1.88
40083,1.31,3.76,1.86
40098,1.22,3.76,1.85
40113,1.36,3.75,1.84
40128,1.42,3.75,1.83
40143,1.27,3.74,1.81
40158,1.14,3.74,1.79
40173,1.41,3.74,1.78
40188,1.54,3.74,1.78
40203,1.25,3.74,1.77
40218,1.51,3.74,1.76
40233,1.40,3.74,1.75
40248,1.20,3.74,1.74
40263,1.29,3.73,1.73
40278,1.55,3.73,1.72
40293,1.42,3.73,1.72
40308,1.33,3.74,1.71
40323,1.51,3.73,1.71
40338,1.56,3.73,1.70
40353,1.33,3.73,1.70
40368,1.14,3.73,1.69
40383,1.25,3.73,1.68
40398,1.49,3.73,1.67
40413,1.23,3.73,1.66
40428,1.11,3.73,1.65
40443,1.25,3.73,1.64
40458,1.20,3.73,1.63
40473,1.20,3.73,1.62
40488,1.37,3.73,1.62
40503,1.26,3.73,1.61
40518,1.18,3.73,1.60
40533,1.40,3.72,1.59
40548,1.13,3.72,1.58
40563,1.47,3.72,1.58
40578,1.48,3.72,1.58
40593,1.32,3.72,1.57
40608,1.04,3.72,1.56
40623,1.24,3.72,1.56
40638,1.15,3.72,1.55
40653,1.25,3.72,1.54
40668,1.31,3.72,1.54
40683,1.52,3.72,1.54
40698,1.42,3.72,1.54
40713,1.08,3.72,1.53
40728,1.27,3.72,1.52
40743,1.01,3.72,1.51
40758,1.29,3.72,1.50
40773,1.27,3.72,1.50
40788,1.22,3.72,1.49
40803,1.41,3.71,1.49
40818,1.06,3.71,1.48
40833,1.42,3.71,1.48
40848,1.23,3.71,1.47
40863,1.29,3.72,1.47
40878,1.45,3.72,1.47
40893,1.29,3.72,1.47
40908,1.38,3.72,1.47
40923,1.29,3.71,1.46
40938,1.38,3.71,1.46
40953,1.11,3.71,1.45
40968,1.51,3.71,1.45
40983,1.07,3.71,1.44
40998,1.23,3.71,1.43
41013,1.48,3.70,1.43
41028,1.32,3.70,1.43
41043,1.06,3.71,1.42
41058,1.43,3.70,1.42
41073,1.22,3.70,1.41
41088,1.34,3.70,1.42
41103,1.41,3.70,1.42
41118,1.37,3.71,1.42
41133,1.21,3.71,1.41
41148,1.19,3.71,1.41
41163,1.23,3.71,1.40
41178,2.15,3.71,1.42
41193,1.08,3.70,1.40
41208,1.23,3.70,1.40
41223,1.31,3.70,1.40
41238,1.39,3.69,1.40
41253,1.27,3.69,1.39
41268,1.04,3.70,1.39
41283,1.27,3.70,1.39
41298,1.35,3.71,1.40
41313,1.29,3.72,1.40
41328,1.70,3.73,1.42
41343,1.21,3.73,1.42
41358,1.40,3.74,1.43
41373,1.42,3.74,1.43
41388,1.20,3.75,1.43
41403,1.30,3.75,1.43
41418,1.47,3.75,1.43
41433,1.31,3.75,1.43
41448,1.13,3.75,1.42
41463,1.09,3.75,1.42
41478,1.37,3.75,1.42
41493,1.13,3.75,1.41
41508,1.58,3.75,1.41
41523,1.28,3.75,1.41
41538,1.18,3.75,1.41
41553,1.26,3.75,1.41
41568,1.20,3.76,1.41
41583,1.61,3.76,1.41
41598,1.37,3.76,1.41
41613,1.24,3.76,1.41
41628,1.56,3.76,1.41
41643,1.41,3.76,1.41
41658,1.59,3.77,1.43
41673,1.36,3.77,1.42
41688,1.27,3.78,1.43
41703,1.46,3.79,1.44
41718,1.60,3.79,1.45
41733,1.08,3.79,1.44
41748,1.27,3.80,1.44
41763,0.90,3.79,1.43
41778,0.59,3.79,1.40
41793,0.87,3.78,1.39
41808,1.76,3.77,1.39
41823,1.28,3.77,1.38
41838,1.29,3.77,1.38
41853,1.48,3.77,1.38
41868,1.50,3.76,1.37
41883,1.18,3.76,1.37
41898,1.29,3.76,1.36
41913,1.03,3.75,1.35
41928,1.27,3.75,1.35
41943,0.57,3.75,1.33
41958,1.27,3.75,1.33
41973,1.30,3.74,1.33
41988,1.64,3.74,1.33
42003,0.85,3.75,1.33
42018,1.05,3.77,1.34
42033,1.17,3.82,1.38
42048,1.38,3.94,1.51
42063,2.13,4.14,1.71
42078,2.14,4.34,1.92
42093,-0.17,4.58,2.11
42108,-0.27,4.90,2.37
42123,-0.07,5.28,2.70
42138,0.08,5.75,3.11
42153,-0.08,6.30,3.59
42168,-0.72,6.93,4.12
42183,-1.85,7.64,4.69
42198,-2.44,8.41,5.30
42213,-3.86,9.22,5.92
42228,-3.82,10.07,6.56
42243,-4.01,10.95,7.21
42258,-6.31,11.87,7.83
42273,-6.53,12.81,8.47
42288,-7.26,13.78,9.11
42303,-7.41,14.76,9.74
42318,-8.85,15.73,10.32
42333,-9.70,16.69,10.85
42348,-11.47,17.63,11.33
42363,-12.34,18.56,11.76
42378,-12.95,19.46,12.15
42393,-14.30,20.33,12.48
42408,-14.67,21.21,12.79
42423,-14.83,22.07,13.09
42438,-17.27,22.91,13.31
42453,-16.85,23.75,13.52
42468,-18.43,24.59,13.71
42483,-19.57,25.45,13.88
42498,-20.27,26.31,14.05
42513,-20.84,27.16,14.18
42528,-22.14,27.97,14.25
42543,-22.79,28.74,14.26
42558,-23.38,29.48,14.24
42573,-23.57,30.22,14.20
42588,-24.42,30.97,14.16
42603,-25.28,31.74,14.13
42618,-25.51,32.52,14.10
42633,-26.85,33.29,14.04
42648,-28.07,34.05,13.94
42663,-28.10,34.77,13.81
42678,-28.90,35.47,13.64
42693,-29.66,36.15,13.44
42708,-30.23,36.81,13.21
42723,-31.10,37.45,12.95
42738,-31.32,38.08,12.68
42753,-32.20,38.69,12.39
42768,-32.89,39.30,12.08
42783,-33.15,39.89,11.75
42798,-33.90,40.45,11.38
42813,-34.12,40.99,11.01
42828,-34.77,41.53,10.62
42843,-35.12,42.06,10.23
42858,-35.04,42.59,9.84
42873,-37.37,43.12,9.41
42888,-36.52,43.62,8.98
42903,-37.72,44.13,8.55
42918,-37.81,44.65,8.13
42933,-38.09,45.19,7.74
42948,-40.05,45.73,7.31
42963,-39.59,46.22,6.86
42978,-39.12,46.71,6.42
42993,-39.69,47.23,6.00
43008,-40.88,47.78,5.61
43023,-40.32,48.35,5.25
43038,-42.48,48.90,4.83
43053,-43.03,49.40,4.36
43068,-43.55,49.86,3.85
43083,-44.02,50.30,3.33
43098,-43.51,50.73,2.81
43113,-43.98,51.16,2.30
43128,-44.33,51.60,1.80
43143,-44.98,52.05,1.30
43158,-46.01,52.50,0.79
43173,-46.72,52.91,0.25
43188,-46.55,53.31,-0.29
43203,-46.02,53.73,-0.80
43218,-46.51,54.17,-1.29
43233,-47.65,54.65,-1.74
43248,-49.13,55.16,-2.19
43263,-48.77,55.70,-2.59
43278,-48.42,56.23,-2.99
43293,-48.83,56.72,-3.42
43308,-51.03,57.20,-3.90
43323,-51.28,57.70,-4.36
43338,-50.17,58.23,-4.76
43353,-51.21,58.77,-5.16
43368,-52.73,59.32,-5.58
43383,-53.87,59.80,-6.07
43398,-54.26,60.22,-6.62
43413,-54.05,60.59,-7.21
43428,-53.40,60.91,-7.81
43443,-54.28,61.25,-8.41
43458,-54.15,61.61,-8.98
43473,-55.27,61.98,-9.54
43488,-55.73,62.35,-10.10
43503,-55.63,62.71,-10.65
43518,-55.49,63.05,-11.22
43533,-56.03,63.34,-11.83
43548,-56.71,63.62,-12.45
43563,-57.04,63.90,-13.07
43578,-57.08,64.17,-13.69
43593,-57.39,64.42,-14.32
43608,-57.71,64.64,-14.96
43623,-58.83,64.86,-15.63
43638,-57.75,65.05,-16.28
43653,-59.07,65.24,-16.96
43668,-57.44,65.40,-17.60
43683,-59.05,65.57,-18.28
43698,-58.34,65.73,-18.92
43713,-58.88,65.89,-19.56
43728,-58.94,66.03,-20.21
43743,-58.94,66.14,-20.87
43758,-59.03,66.24,-21.54
43773,-59.40,66.35,-22.19
43788,-59.61,66.45,-22.85
43803,-59.90,66.54,-23.49
43818,-59.85,66.62,-24.14
43833,-59.73,66.70,-24.78
43848,-59.93,66.78,-25.41
43863,-59.90,66.85,-26.02
43878,-59.47,66.93,-26.62
43893,-60.23,67.00,-27.21
43908,-59.77,67.07,-27.80
43923,-60.07,67.14,-28.38
43938,-60.40,67.20,-28.96
43953,-61.34,67.27,-29.54
43968,-60.03,67.33,-30.09
43983,-60.68,67.39,-30.64
43998,-60.63,67.46,-31.18
44013,-60.72,67.52,-31.70
44028,-61.38,67.59,-32.23
44043,-60.07,67.65,-32.73
44058,-60.58,67.70,-33.24
44073,-60.95,67.75,-33.74
44088,-60.91,67.80,-34.24
44103,-61.40,67.84,-34.74
44118,-61.28,67.88,-35.23
44133,-60.94,67.92,-35.71
44148,-60.73,67.94,-36.18
44163,-60.85,67.96,-36.66
44178,-61.20,67.97,-37.14
44193,-60.87,67.98,-37.61
44208,-60.79,67.98,-38.07
44223,-61.43,67.99,-38.53
44238,-61.08,67.98,-38.98
44253,-60.97,67.98,-39.42
44268,-60.89,67.98,-39.86
44283,-61.16,67.96,-40.30
44298,-61.13,67.96,-40.72
44313,-60.97,67.95,-41.13
44328,-60.99,67.94,-41.54
44343,-60.86,67.92,-41.95
44358,-60.69,67.90,-42.34
44373,-61.55,67.88,-42.74
44388,-60.80,67.88,-43.11
44403,-60.81,67.86,-43.48
44418,-61.09,67.83,-43.86
44433,-61.32,67.80,-44.24
44448,-60.56,67.78,-44.58
44463,-61.35,67.76,-44.94
44478,-60.78,67.74,-45.27
44493,-60.92,67.73,-45.60
44508,-60.74,67.72,-45.91
44523,-61.08,67.71,-46.23
44538,-60.64,67.70,-46.52
44553,-60.68,67.70,-46.81
44568,-60.52,67.69,-47.09
44583,-60.64,67.68,-47.37
44598,-60.45,67.68,-47.64
44613,-60.69,67.68,-47.90
44628,-60.58,67.68,-48.15
44643,-61.10,67.68,-48.41
44658,-60.78,67.67,-48.67
44673,-60.74,67.67,-48.90
44688,-60.66,67.67,-49.14
44703,-60.63,67.67,-49.37
44718,-60.40,67.66,-49.61
44733,-60.97,67.64,-49.84
44748,-60.56,67.64,-50.07
44763,-60.85,67.63,-50.29
44778,-60.50,67.62,-50.50
44793,-60.55,67.61,-50.71
44808,-60.67,67.60,-50.92
44823,-60.69,67.59,-51.12
44838,-60.73,67.58,-51.33
44853,-60.28,67.56,-51.52
44868,-60.80,67.55,-51.72
44883,-60.80,67.54,-51.91
44898,-60.28,67.54,-52.08
44913,-60.01,67.54,-52.24
44928,-60.98,67.54,-52.41
44943,-60.74,67.54,-52.58
44958,-60.77,67.54,-52.74
44973,-60.70,67.54,-52.90
44988,-60.35,67.53,-53.06
45003,-60.90,67.52,-53.23
45018,-60.49,67.51,-53.38
45033,-60.64,67.52,-53.52
45048,-60.58,67.51,-53.67
45063,-60.48,67.49,-53.83
45078,-60.45,67.48,-53.97
45093,-60.82,67.48,-54.11
45108,-60.42,67.47,-54.24
45123,-60.86,67.47,-54.37
45138,-60.45,67.47,-54.50
45153,-60.48,67.46,-54.63
45168,-60.50,67.45,-54.75
45183,-60.63,67.45,-54.87
45198,-60.58,67.45,-54.99
45213,-60.57,67.45,-55.10
45228,-60.74,67.45,-55.20
45243,-60.60,67.46,-55.31
45258,-60.32,67.47,-55.40
45273,-60.27,67.47,-55.49
45288,-60.38,67.49,-55.58
45303,-60.67,67.50,-55.67
45318,-60.98,67.51,-55.76
45333,-60.59,67.53,-55.83
45348,-60.57,67.55,-55.91
45363,-60.72,67.58,-55.98
45378,-60.39,67.61,-56.04
45393,-60.57,67.63,-56.11
45408,-60.38,67.65,-56.18
45423,-61.31,67.67,-56.26
45438,-60.42,67.68,-56.33
45453,-60.65,67.70,-56.40
45468,-60.41,67.71,-56.47
45483,-61.00,67.72,-56.55
45498,-60.49,67.72,-56.63
45513,-60.77,67.72,-56.72
45528,-60.83,67.71,-56.81
45543,-60.88,67.69,-56.90
45558,-60.82,67.68,-57.00
45573,-61.12,67.66,-57.10
45588,-60.94,67.65,-57.19
45603,-60.64,67.63,-57.27
45618,-60.54,67.61,-57.35
45633,-60.72,67.59,-57.44
45648,-60.87,67.56,-57.54
45663,-60.98,67.52,-57.65
45678,-60.64,67.48,-57.74
45693,-60.57,67.45,-57.83
45708,-60.27,67.42,-57.91
45723,-60.16,67.39,-57.99
45738,-60.41,67.36,-58.07
45753,-60.74,67.33,-58.14
45768,-60.24,67.31,-58.21
45783,-60.12,67.29,-58.26
45798,-60.19,67.27,-58.32
45813,-60.14,67.26,-58.37
45828,-60.06,67.25,-58.41
45843,-60.09,67.24,-58.46
45858,-60.18,67.23,-58.50
45873,-60.26,67.22,-58.55
45888,-60.18,67.22,-58.58
45903,-60.55,67.23,-58.61
45918,-60.41,67.24,-58.64
45933,-60.18,67.24,-58.66
45948,-60.39,67.24,-58.70
45963,-60.62,67.23,-58.75
45978,-60.17,67.24,-58.77
45993,-60.47,67.24,-58.80
46008,-60.10,67.23,-58.83
46023,-60.34,67.23,-58.86
46038,-60.66,67.23,-58.91
46053,-60.51,67.22,-58.95
46068,-60.37,67.21,-58.99
46083,-60.14,67.19,-59.02
46098,-60.23,67.18,-59.06
46113,-60.19,67.17,-59.10
46128,-60.20,67.15,-59.13
46143,-60.56,67.14,-59.18
46158,-59.97,67.11,-59.21
46173,-60.18,67.08,-59.26
46188,-60.28,67.04,-59.32
46203,-59.94,67.01,-59.37
46218,-59.66,66.98,-59.40
46233,-59.82,66.96,-59.43
46248,-60.34,66.93,-59.48
46263,-59.82,66.89,-59.53
46278,-60.27,66.83,-59.59
46293,-59.73,66.78,-59.65
46308,-59.66,66.69,-59.74
46323,-59.58,66.61,-59.81
46338,-59.83,66.53,-59.89
46353,-59.14,66.45,-59.96
46368,-59.85,66.36,-60.04
46383,-59.22,66.27,-60.12
46398,-58.72,66.16,-60.19
46413,-59.56,66.04,-60.30
46428,-59.06,65.91,-60.40
46443,-59.18,65.77,-60.51
46458,-58.60,65.61,-60.64
46473,-58.32,65.43,-60.76
46488,-58.89,65.24,-60.91
46503,-58.33,65.05,-61.05
46518,-58.20,64.84,-61.20
46533,-58.06,64.61,-61.35
46548,-57.62,64.37,-61.52
46563,-57.33,64.10,-61.69
46578,-57.54,63.83,-61.88
46593,-56.75,63.55,-62.05
46608,-57.14,63.27,-62.23
46623,-56.41,62.98,-62.40
46638,-56.38,62.67,-62.57
46653,-55.19,62.35,-62.74
46668,-55.89,62.02,-62.93
46683,-54.03,61.69,-63.08
46698,-55.40,61.35,-63.25
46713,-54.38,61.00,-63.42
46728,-53.74,60.63,-63.59
46743,-53.78,60.24,-63.77
46758,-53.24,59.86,-63.94
46773,-53.66,59.46,-64.13
46788,-52.89,59.03,-64.32
46803,-51.31,58.57,-64.51
46818,-51.29,58.10,-64.71
46833,-50.67,57.61,-64.91
46848,-50.86,57.10,-65.12
46863,-49.85,56.58,-65.33
46878,-49.92,56.05,-65.55
46893,-49.64,55.49,-65.77
46908,-48.67,54.90,-66.01
46923,-48.30,54.28,-66.26
46938,-46.93,53.65,-66.50
46953,-47.14,52.98,-66.76
46968,-46.46,52.31,-67.01
46983,-45.53,51.62,-67.26
46998,-44.01,50.93,-67.47
47013,-43.68,50.23,-67.68
47028,-43.90,49.52,-67.90
47043,-42.91,48.81,-68.10
47058,-41.72,48.11,-68.25
47073,-41.35,47.43,-68.39
47088,-39.87,46.73,-68.50
47103,-40.13,46.01,-68.64
47118,-39.51,45.29,-68.77
47133,-38.76,44.57,-68.87
47148,-37.64,43.86,-68.94
47163,-37.35,43.19,-68.97
47178,-36.02,42.55,-68.93
47193,-35.95,41.93,-68.88
47208,-34.94,41.31,-68.81
47223,-35.23,40.67,-68.77
47238,-33.70,40.03,-68.69
47253,-33.72,39.41,-68.59
47268,-32.59,38.81,-68.47
47283,-32.36,38.20,-68.34
47298,-31.62,37.59,-68.20
47313,-30.47,37.01,-68.02
47328,-29.82,36.43,-67.83
47343,-30.04,35.85,-67.64
47358,-28.89,35.27,-67.42
47373,-28.83,34.73,-67.19
47388,-28.39,34.22,-66.91
47403,-27.64,33.72,-66.61
47418,-27.66,33.22,-66.32
47433,-26.51,32.72,-66.02
47448,-25.80,32.21,-65.71
47463,-26.86,31.71,-65.43
47478,-25.27,31.22,-65.11
47493,-25.36,30.74,-64.78
47508,-24.71,30.28,-64.43
47523,-24.48,29.84,-64.07
47538,-23.33,29.38,-63.69
47553,-23.28,28.94,-63.32
47568,-22.61,28.50,-62.94
47583,-22.59,28.07,-62.55
47598,-21.82,27.69,-62.11
47613,-21.26,27.32,-61.66
47628,-20.91,26.95,-61.21
47643,-20.80,26.57,-60.77
47658,-20.34,26.18,-60.34
47673,-20.00,25.77,-59.94
47688,-19.70,25.34,-59.55
47703,-19.68,24.90,-59.18
47718,-19.45,24.45,-58.84
47733,-18.53,23.95,-58.52
47748,-18.30,23.41,-58.24
47763,-17.86,22.85,-57.98
47778,-17.17,22.27,-57.73
47793,-16.42,21.67,-57.49
47808,-16.35,21.06,-57.28
47823,-15.35,20.43,-57.06
47838,-14.63,19.80,-56.82
47853,-13.52,19.17,-56.57
47868,-12.96,18.54,-56.32
47883,-10.90,17.90,-56.03
47898,-12.11,17.28,-55.77
47913,-12.25,16.68,-55.48
47928,-11.24,16.11,-55.15
47943,-10.50,15.56,-54.80
47958,-8.61,15.03,-54.40
47973,-8.99,14.55,-53.96
47988,-8.85,14.13,-53.47
48003,-8.52,13.75,-52.94
48018,-8.26,13.40,-52.39
48033,-7.43,13.08,-51.81
48048,-7.16,12.76,-51.22
48063,-6.99,12.46,-50.64
48078,-7.34,12.16,-50.07
48093,-6.12,11.85,-49.49
48108,-7.27,11.52,-48.96
48123,-6.59,11.20,-48.43
48138,-6.09,10.88,-47.90
48153,-5.60,10.55,-47.38
48168,-5.82,10.21,-46.88
48183,-5.95,9.89,-46.38
48198,-5.37,9.59,-45.84
48213,-4.71,9.33,-45.28
48228,-4.05,9.09,-44.69
48243,-4.18,8.86,-44.10
48258,-3.97,8.61,-43.55
48273,-3.27,8.35,-43.00
48288,-3.02,8.10,-42.45
48303,-2.60,7.85,-41.89
48318,-2.63,7.62,-41.33
48333,-2.46,7.40,-40.77
48348,-2.09,7.19,-40.20
48363,-1.97,6.98,-39.64
48378,-1.74,6.77,-39.09
48393,-1.51,6.57,-38.54
48408,-1.53,6.36,-38.00
48423,-1.56,6.15,-37.48
48438,-1.38,5.93,-36.97
48453,-0.91,5.72,-36.46
48468,-0.59,5.52,-35.94
48483,-0.60,5.32,-35.43
48498,-0.20,5.10,-34.93
48513,-0.17,4.89,-34.45
48528,0.33,4.68,-33.95
48543,0.39,4.52,-33.43
48558,1.03,4.38,-32.88
48573,0.52,4.25,-32.33
48588,0.11,4.15,-31.79
48603,1.42,4.06,-31.21
48618,1.76,4.05,-30.55
48633,0.47,4.06,-29.93
48648,0.05,4.05,-29.34
48663,0.63,4.04,-28.75
48678,1.11,4.03,-28.17
48693,1.09,4.02,-27.59
48708,0.95,4.01,-27.03
48723,0.68,4.00,-26.48
48738,0.99,3.98,-25.95
48753,1.16,3.93,-25.46
48768,1.11,3.86,-25.00
48783,1.20,3.75,-24.58
48798,0.74,3.62,-24.20
48813,0.84,3.59,-23.73
48828,0.70,3.57,-23.26
48843,1.16,3.57,-22.77
48858,1.13,3.57,-22.29
48873,1.16,3.57,-21.82
48888,1.32,3.57,-21.36
48903,1.44,3.56,-20.91
48918,1.40,3.56,-20.47
48933,1.15,3.56,-20.04
48948,1.42,3.55,-19.61
48963,1.37,3.56,-19.19
48978,1.64,3.56,-18.77
48993,1.18,3.56,-18.37
49008,1.43,3.56,-17.98
49023,1.33,3.56,-17.59
49038,1.08,3.56,-17.22
49053,1.45,3.55,-16.85
49068,1.38,3.55,-16.48
49083,1.35,3.55,-16.13
49098,1.26,3.56,-15.78
49113,1.21,3.56,-15.44
49128,1.35,3.56,-15.10
49143,0.86,3.57,-14.77
49158,2.08,3.57,-14.43
49173,1.46,3.58,-14.11
49188,0.42,3.59,-13.81
49203,1.12,3.59,-13.51
49218,1.24,3.59,-13.21
49233,1.28,3.59,-12.92
49248,1.41,3.59,-12.63
49263,1.37,3.59,-12.35
49278,1.27,3.59,-12.09
49293,1.35,3.58,-11.82
49308,1.40,3.58,-11.56
49323,1.30,3.58,-11.30
49338,1.17,3.59,-11.05
49353,1.36,3.59,-10.80
49368,1.47,3.58,-10.56
49383,1.28,3.58,-10.32
49398,1.26,3.59,-10.09
49413,1.33,3.59,-9.86
49428,1.37,3.59,-9.63
49443,1.27,3.59,-9.41
49458,1.28,3.59,-9.19
49473,1.43,3.59,-8.98
49488,1.33,3.60,-8.77
49503,1.38,3.59,-8.57
49518,1.36,3.59,-8.37
49533,1.46,3.59,-8.17
49548,1.35,3.59,-7.98
49563,1.68,3.59,-7.79
49578,1.38,3.60,-7.61
49593,1.32,3.60,-7.43
49608,1.33,3.60,-7.25
49623,1.18,3.60,-7.08
49638,1.19,3.61,-6.91
49653,1.23,3.61,-6.75
49668,1.49,3.60,-6.59
49683,1.22,3.60,-6.43
49698,1.33,3.60,-6.27
49713,1.29,3.60,-6.12
49728,1.37,3.61,-5.97
49743,1.26,3.60,-5.83
49758,1.32,3.60,-5.69
49773,1.35,3.60,-5.54
49788,1.48,3.60,-5.40
49803,1.44,3.61,-5.26
49818,1.24,3.61,-5.13
49833,1.13,3.61,-5.01
49848,1.21,3.61,-4.88
49863,1.40,3.61,-4.76
49878,1.38,3.61,-4.64
49893,1.25,3.60,-4.52
49908,1.33,3.60,-4.40
49923,1.24,3.60,-4.29
49938,1.11,3.60,-4.18
49953,1.31,3.60,-4.07
49968,1.40,3.60,-3.96
49983,1.27,3.61,-3.85
49998,1.28,3.61,-3.75
50013,1.45,3.61,-3.65
50028,1.42,3.60,-3.55
50043,1.10,3.60,-3.46
50058,1.34,3.60,-3.36
50073,1.29,3.60,-3.27
50088,1.30,3.61,-3.17
50103,1.26,3.60,-3.09
50118,1.46,3.60,-3.00
50133,1.35,3.60,-2.91
50148,1.15,3.60,-2.83
50163,1.27,3.60,-2.75
50178,1.26,3.61,-2.67
50193,1.36,3.61,-2.58
50208,1.32,3.61,-2.51
50223,1.29,3.61,-2.43
50238,1.49,3.61,-2.35
50253,1.27,3.61,-2.27
50268,1.14,3.61,-2.21
50283,1.30,3.61,-2.14
50298,1.51,3.61,-2.07
50313,1.24,3.61,-2.00
50328,1.19,3.61,-1.93
50343,1.37,3.61,-1.86
50358,1.28,3.61,-1.80
50373,1.43,3.61,-1.74
50388,1.47,3.61,-1.67
50403,1.12,3.61,-1.62
50418,1.21,3.62,-1.56
50433,1.17,3.62,-1.50
50448,1.17,3.62,-1.45
50463,1.36,3.61,-1.40
50478,1.83,3.61,-1.33
50493,2.29,3.61,-1.26
50508,1.43,3.62,-1.20
50523,0.22,3.62,-1.17
50538,-0.82,3.62,-1.17
50553,0.19,3.61,-1.14
50568,0.76,3.60,-1.12
50583,-1.11,3.58,-1.14
50598,1.01,3.55,-1.13
50613,2.41,3.51,-1.09
50628,2.41,3.47,-1.06
50643,1.29,3.41,-1.07
50658,0.31,3.35,-1.11
50673,-0.12,3.30,-1.14
50688,1.53,3.25,-1.13
50703,2.69,3.21,-1.09
50718,2.09,3.14,-1.10
50733,2.07,3.05,-1.13
50748,1.87,2.91,-1.20
50763,1.44,2.70,-1.35
50778,1.73,2.45,-1.54
50793,2.48,2.18,-1.72
50808,3.78,1.90,-1.88
50823,3.39,1.61,-2.07
50838,3.14,1.30,-2.26
50853,4.71,1.01,-2.41
50868,4.29,0.73,-2.55
50883,3.48,0.44,-2.71
50898,4.41,0.15,-2.85
50913,4.57,-0.14,-2.99
50928,5.42,-0.42,-3.09
50943,4.72,-0.66,-3.18
50958,4.07,-0.86,-3.22
50973,6.38,-1.03,-3.20
50988,6.96,-1.24,-3.20
51003,7.36,-1.53,-3.27
51018,6.97,-1.89,-3.42
51033,6.32,-2.27,-3.60
51048,6.11,-2.64,-3.77
51063,7.31,-2.99,-3.90
51078,9.44,-3.30,-3.93
51093,9.69,-3.63,-3.98
51108,9.80,-4.00,-4.07
51123,8.02,-4.44,-4.26
51138,8.20,-4.90,-4.46
51153,8.52,-5.36,-4.65
51168,10.17,-5.80,-4.78
51183,11.27,-6.21,-4.86
51198,11.71,-6.61,-4.93
51213,11.86,-7.01,-4.98
51228,12.06,-7.40,-5.02
51243,11.19,-7.82,-5.11
51258,11.16,-8.23,-5.19
51273,12.60,-8.63,-5.23
51288,13.60,-9.02,-5.23
51303,14.55,-9.38,-5.19
51318,14.71,-9.71,-5.11
51333,14.55,-10.05,-5.06
51348,15.45,-10.36,-4.94
51363,14.98,-10.63,-4.81
51378,14.16,-10.86,-4.66
51393,15.81,-11.06,-4.44
51408,15.42,-11.22,-4.20
51423,15.65,-11.37,-3.95
51438,17.11,-11.48,-3.64
51453,15.47,-11.58,-3.36
51468,15.67,-11.66,-3.05
51483,15.14,-11.74,-2.76
51498,16.02,-11.80,-2.45
51513,16.21,-11.83,-2.10
51528,15.11,-11.83,-1.76
51543,14.88,-11.83,-1.43
51558,16.06,-11.85,-1.10
51573,15.46,-11.88,-0.80
51588,14.76,-11.92,-0.53
51603,15.41,-12.05,-0.34
51618,12.27,-12.60,-0.62
51633,13.56,-13.67,-1.39
51648,17.13,-14.99,-2.30
51663,18.35,-16.30,-3.18
51678,21.76,-17.47,-3.83
51693,25.31,-18.41,-4.17
51708,26.62,-19.08,-4.21
51723,25.95,-19.52,-4.04
51738,25.29,-19.82,-3.75
51753,23.17,-20.10,-3.48
51768,22.52,-20.44,-3.29
51783,22.88,-20.87,-3.19
51798,23.14,-21.39,-3.17
51813,23.82,-21.99,-3.22
51828,24.50,-22.65,-3.31
51843,26.41,-23.32,-3.38
51858,27.66,-23.97,-3.39
51873,28.07,-24.56,-3.34
51888,29.14,-25.09,-3.21
51903,29.43,-25.60,-3.06
51918,29.10,-26.11,-2.92
51933,30.13,-26.62,-2.75
51948,30.09,-27.12,-2.59
51963,31.50,-27.61,-2.39
51978,30.72,-28.10,-2.21
51993,31.71,-28.62,-2.03
52008,30.20,-29.16,-1.92
52023,34.10,-29.72,-1.75
52038,33.26,-30.24,-1.56
52053,34.09,-30.72,-1.32
52068,35.23,-31.17,-1.03
52083,35.20,-31.62,-0.74
52098,35.66,-32.06,-0.45
52113,36.13,-32.50,-0.14
52128,36.97,-32.90,0.20
52143,37.27,-33.28,0.58
52158,37.27,-33.65,0.95
52173,37.43,-34.02,1.31
52188,37.37,-34.43,1.63
52203,37.28,-34.90,1.89
52218,37.90,-35.38,2.13
52233,39.24,-35.85,2.42
52248,40.28,-36.28,2.75
52263,39.21,-36.76,3.01
52278,39.05,-37.29,3.21
52293,40.17,-37.84,3.41
52308,40.33,-38.41,3.59
52323,43.29,-38.96,3.84
52338,44.40,-39.46,4.16
52353,44.36,-39.90,4.55
52368,44.64,-40.25,5.00
52383,45.35,-40.53,5.54
52398,45.65,-40.73,6.14
52413,44.82,-40.88,6.77
52428,44.99,-41.00,7.41
52443,45.27,-41.12,8.05
52458,44.55,-41.27,8.64
52473,45.51,-41.44,9.21
52488,45.30,-41.65,9.73
52503,44.85,-41.89,10.19
52518,45.94,-42.15,10.65
52533,46.97,-42.38,11.15
52548,47.61,-42.59,11.68
52563,46.89,-42.78,12.20
52578,46.38,-42.98,12.68
52593,47.04,-43.20,13.15
52608,46.51,-43.45,13.57
52623,47.11,-43.71,13.99
52638,47.81,-43.98,14.40
52653,47.58,-44.23,14.82
52668,48.02,-44.48,15.24
52683,47.68,-44.72,15.65
52698,48.30,-44.96,16.07
52713,49.12,-45.20,16.49
52728,49.22,-45.41,16.94
52743,49.91,-45.57,17.45
52758,49.29,-45.68,17.98
52773,48.58,-45.77,18.50
52788,49.43,-45.85,19.04
52803,49.34,-45.93,19.57
52818,48.47,-46.00,20.08
52833,48.53,-46.09,20.56
52848,49.93,-46.20,21.04
52863,50.29,-46.34,21.49
52878,50.53,-46.50,21.91
52893,50.22,-46.67,22.31
52908,50.75,-46.86,22.69
52923,50.86,-47.05,23.07
52938,51.58,-47.24,23.45
52953,51.12,-47.42,23.83
52968,51.06,-47.57,24.22
52983,51.32,-47.68,24.66
52998,51.98,-47.75,25.14
53013,52.21,-47.81,25.62
53028,51.33,-47.89,26.06
53043,50.92,-48.03,26.42
53058,52.28,-48.16,26.81
53073,53.22,-48.26,27.24
53088,52.81,-48.33,27.68
53103,52.45,-48.39,28.12
53118,52.47,-48.45,28.55
53133,52.41,-48.51,28.97
53148,53.13,-48.56,29.40
53163,52.53,-48.60,29.82
53178,52.04,-48.64,30.23
53193,52.53,-48.67,30.65
53208,52.19,-48.70,31.04
53223,52.24,-48.74,31.43
53238,52.24,-48.78,31.81
53253,53.03,-48.80,32.21
53268,52.54,-48.81,32.61
53283,52.03,-48.82,32.98
53298,52.58,-48.86,33.34
53313,52.57,-48.91,33.68
53328,53.02,-48.94,34.04
53343,53.02,-48.94,34.41
53358,53.07,-48.92,34.80
53373,52.68,-48.90,35.18
53388,52.15,-48.89,35.53
53403,52.30,-48.89,35.86
53418,52.34,-48.90,36.18
53433,52.83,-48.91,36.51
53448,52.97,-48.91,36.84
53463,52.51,-48.94,37.13
53478,52.56,-48.97,37.40
53493,53.24,-48.99,37.70
53508,53.36,-48.99,38.01
53523,53.01,-48.99,38.31
53538,52.64,-48.99,38.60
53553,52.95,-48.99,38.89
53568,53.08,-49.00,39.17
53583,52.78,-49.00,39.43
53598,52.46,-49.01,39.68
53613,53.16,-49.01,39.95
53628,52.80,-49.01,40.21
53643,52.89,-49.01,40.46
53658,52.90,-49.02,40.71
53673,52.98,-49.01,40.95
53688,53.01,-49.01,41.20
53703,52.76,-49.01,41.43
53718,53.04,-49.00,41.67
53733,52.18,-49.00,41.89
53748,52.84,-49.00,42.11
53763,52.91,-49.01,42.31
53778,52.23,-49.04,42.48
53793,52.52,-49.07,42.64
53808,53.06,-49.11,42.82
53823,53.07,-49.13,43.00
53838,52.85,-49.15,43.18
53853,52.62,-49.17,43.34
53868,52.63,-49.20,43.51
53883,53.05,-49.21,43.69
53898,53.28,-49.22,43.87
53913,52.95,-49.23,44.04
53928,53.01,-49.26,44.19
53943,53.19,-49.31,44.32
53958,53.44,-49.33,44.48
53973,53.65,-49.33,44.67
53988,53.35,-49.32,44.85
54003,52.79,-49.31,45.02
54018,53.02,-49.32,45.17
54033,53.25,-49.34,45.31
54048,53.34,-49.35,45.46
54063,52.95,-49.36,45.61
54078,52.39,-49.36,45.74
54093,53.26,-49.35,45.90
54108,53.36,-49.34,46.06
54123,52.62,-49.34,46.19
54138,53.41,-49.34,46.33
54153,52.89,-49.34,46.47
54168,53.04,-49.34,46.60
54183,53.83,-49.34,46.74
54198,53.59,-49.32,46.90
54213,53.51,-49.30,47.04
54228,52.56,-49.30,47.16
54243,53.23,-49.30,47.28
54258,53.34,-49.30,47.40
54273,53.32,-49.29,47.53
54288,53.78,-49.26,47.68
54303,53.26,-49.24,47.82
54318,53.13,-49.23,47.94
54333,52.99,-49.23,48.03
54348,53.20,-49.22,48.14
54363,53.19,-49.22,48.25
54378,52.94,-49.21,48.35
54393,52.68,-49.20,48.45
54408,52.81,-49.20,48.53
54423,53.34,-49.20,48.63
54438,53.40,-49.20,48.72
54453,53.11,-49.20,48.81
54468,52.41,-49.20,48.89
54483,52.88,-49.19,48.98
54498,52.62,-49.18,49.06
54513,52.76,-49.18,49.14
54528,52.85,-49.18,49.20
54543,52.88,-49.21,49.25
54558,53.05,-49.24,49.30
54573,53.76,-49.26,49.37
54588,53.22,-49.26,49.44
54603,52.93,-49.25,49.52
54618,52.67,-49.25,49.59
54633,53.21,-49.25,49.65
54648,52.64,-49.26,49.70
54663,52.96,-49.27,49.77
54678,53.15,-49.26,49.84
54693,53.16,-49.25,49.92
54708,52.64,-49.23,49.99
54723,53.38,-49.21,50.08
54738,52.65,-49.17,50.16
54753,53.22,-49.13,50.27
54768,52.72,-49.07,50.38
54783,54.57,-48.97,50.56
54798,52.40,-48.86,50.71
54813,52.60,-48.74,50.86
54828,52.08,-48.63,50.99
54843,51.84,-48.54,51.10
54858,52.19,-48.46,51.20
54873,52.50,-48.38,51.31
54888,52.47,-48.27,51.43
54903,52.41,-48.15,51.57
54918,51.32,-48.01,51.70
54933,51.80,-47.88,51.83
54948,51.84,-47.73,51.98
54963,51.87,-47.57,52.13
54978,51.56,-47.40,52.29
54993,50.88,-47.22,52.44
55008,50.86,-47.04,52.58
55023,50.53,-46.86,52.71
55038,50.21,-46.69,52.83
55053,50.39,-46.52,52.95
55068,50.42,-46.35,53.07
55083,51.19,-46.13,53.24
55098,51.84,-45.83,53.51
55113,49.07,-45.49,53.75
55128,48.84,-45.16,53.98
55143,48.88,-44.85,54.18
55158,48.33,-44.53,54.38
55173,47.97,-44.17,54.60
55188,48.17,-43.76,54.88
55203,46.86,-43.31,55.16
55218,46.21,-42.86,55.42
55233,45.60,-42.43,55.64
55248,45.47,-42.05,55.81
55263,45.24,-41.70,55.94
55278,45.06,-41.34,56.07
55293,44.94,-40.95,56.24
55308,44.46,-40.49,56.46
55323,44.73,-39.96,56.73
55338,44.39,-39.38,57.06
55353,44.21,-38.74,57.43
55368,42.91,-38.04,57.83
55383,42.83,-37.27,58.28
55398,42.06,-36.42,58.79
55413,40.71,-35.51,59.32
55428,39.62,-34.60,59.82
55443,37.98,-33.71,60.26
55458,36.05,-32.88,60.58
55473,35.30,-32.12,60.82
55488,34.83,-31.43,60.98
55503,34.73,-30.81,61.06
55518,33.29,-30.24,61.06
55533,33.56,-29.72,61.02
55548,33.46,-29.21,60.97
55563,33.45,-28.69,60.93
55578,31.82,-28.18,60.85
55593,31.94,-27.68,60.76
55608,31.53,-27.22,60.62
55623,31.00,-26.80,60.45
55638,30.52,-26.41,60.23
55653,30.13,-26.03,60.00
55668,30.08,-25.64,59.78
55683,30.22,-25.22,59.60
55698,29.36,-24.76,59.45
55713,28.27,-24.26,59.32
55728,27.41,-23.73,59.20
55743,22.67,-23.31,58.88
55758,29.40,-22.77,58.82
55773,31.06,-22.18,58.84
55788,29.33,-21.53,58.89
55803,27.73,-20.91,58.88
55818,27.40,-20.31,58.83
55833,20.82,-19.79,58.58
55848,26.64,-19.29,58.43
55863,21.63,-18.80,58.18
55878,19.36,-18.30,57.89
55893,16.03,-17.78,57.56
55908,19.22,-17.26,57.30
55923,12.94,-16.76,56.91
55938,20.53,-16.25,56.68
55953,20.66,-15.68,56.52
55968,30.77,-15.17,56.50
55983,19.77,-14.64,56.29
55998,17.27,-14.13,56.01
56013,16.48,-13.67,55.67
56028,16.76,-13.27,55.28
56043,16.47,-12.93,54.84
56058,16.80,-12.60,54.39
56073,16.66,-12.26,53.98
56088,15.66,-11.87,53.59
56103,16.15,-11.42,53.28
56118,15.93,-10.92,53.03
56133,15.43,-10.41,52.78
56148,15.37,-9.90,52.53
56163,13.33,-9.39,52.25
56178,13.02,-8.84,51.99
56193,12.59,-8.27,51.77
56208,11.55,-7.68,51.54
56223,11.01,-7.10,51.31
56238,11.86,-6.54,51.07
56253,11.42,-6.01,50.78
56268,9.94,-5.52,50.45
56283,8.78,-5.01,50.12
56298,8.25,-4.43,49.85
56313,9.15,-3.83,49.62
56328,8.63,-3.21,49.41
56343,8.30,-2.58,49.20
56358,7.93,-1.96,48.99
56373,7.02,-1.35,48.75
56388,6.82,-0.75,48.49
56403,6.06,-0.17,48.22
56418,5.52,0.41,47.93
56433,5.03,0.97,47.62
56448,4.69,1.51,47.29
56463,4.43,2.04,46.95
56478,3.06,2.56,46.58
56493,1.42,3.10,46.21
56508,2.31,3.65,45.87
56523,2.79,4.16,45.51
56538,1.90,4.63,45.10
56553,1.41,5.07,44.65
56568,0.99,5.44,44.15
56583,-0.24,5.74,43.55
56598,-1.80,5.94,42.84
56613,-1.40,6.07,42.09
56628,-0.57,6.18,41.34
56643,-0.05,6.26,40.58
56658,0.45,6.28,39.80
56673,-0.53,6.25,38.97
56688,-1.64,6.21,38.11
56703,-2.66,6.15,37.24
56718,-1.02,6.12,36.44
56733,0.03,6.10,35.70
56748,-0.20,6.10,34.98
56763,-1.50,6.10,34.26
56778,-1.85,6.13,33.56
56793,-1.21,6.19,32.93
56808,-0.45,6.27,32.34
56823,-0.33,6.37,31.77
56838,-0.61,6.45,31.21
56853,-0.76,6.53,30.65
56868,-2.63,6.60,30.05
56883,-2.68,6.66,29.46
56898,-1.29,6.71,28.89
56913,-0.40,6.76,28.35
56928,-0.15,6.82,27.84
56943,-0.63,6.88,27.33
56958,-1.08,6.94,26.82
56973,-1.44,6.99,26.31
56988,-2.02,7.04,25.78
57003,-2.32,7.06,25.24
57018,-2.16,7.07,24.71
57033,-1.97,7.07,24.18
57048,-1.45,7.06,23.65
57063,-1.85,7.02,23.10
57078,-2.04,6.98,22.56
57093,-1.73,6.95,22.04
57108,-1.67,6.93,21.55
57123,-1.90,6.74,20.90
57138,-2.17,6.73,20.43
57153,-1.14,6.72,19.98
57168,-1.16,6.68,19.53
57183,-1.71,6.66,19.08
57198,-1.43,6.63,18.63
57213,-1.16,6.60,18.21
57228,-0.57,6.56,17.80
57243,-0.59,6.55,17.42
57258,-0.94,6.55,17.05
57273,-1.60,6.55,16.68
57288,-1.72,6.53,16.30
57303,-0.88,6.51,15.93
57318,-0.32,6.50,15.59
57333,0.04,6.49,15.28
57348,-1.45,6.48,14.93
57363,-1.32,6.47,14.60
57378,-2.10,6.45,14.24
57393,-1.46,6.42,13.89
57408,-0.72,6.37,13.55
57423,-0.95,6.34,13.23
57438,-1.24,6.31,12.92
57453,-0.69,6.28,12.62
57468,-0.73,6.24,12.31
57483,-0.92,6.20,12.01
57498,-1.42,6.16,11.70
57513,-1.52,6.11,11.38
57528,-1.59,6.03,11.05
57543,-0.34,5.92,10.71
57558,-0.71,5.77,10.34
57573,-0.16,5.55,9.91
57588,-0.11,5.24,9.41
57603,-0.40,4.79,8.77
57618,0.15,4.16,7.98
57633,1.93,3.46,7.18
57648,11.10,3.49,7.29
57663,-2.53,3.50,7.10
57678,2.55,3.51,7.01
57693,1.94,3.52,6.92
57708,2.03,3.53,6.84
57723,1.75,3.53,6.73
57738,1.90,3.54,6.65
57753,1.88,3.55,6.56
57768,1.90,3.58,6.50
57783,1.75,3.62,6.44
57798,1.75,3.65,6.38
57813,1.54,3.69,6.32
57828,1.29,3.74,6.27
57843,1.85,3.81,6.25
57858,1.47,3.88,6.22
57873,1.81,3.96,6.21
57888,1.63,4.02,6.18
57903,1.42,4.02,6.08
57918,0.84,4.03,5.99
57933,0.90,4.04,5.90
57948,1.15,4.05,5.81
57963,1.77,4.06,5.74
57978,2.53,4.07,5.68
57993,2.18,4.08,5.62
58008,0.13,4.08,5.52
58023,-0.38,4.08,5.40
58038,1.03,4.09,5.32
58053,1.29,4.09,5.24
58068,1.54,4.09,5.16
58083,1.55,4.09,5.09
58098,1.76,4.10,5.03
58113,1.97,4.10,4.97
58128,1.95,4.11,4.92
58143,1.83,4.12,4.87
58158,2.06,4.12,4.82
58173,0.84,4.13,4.74
58188,0.28,4.14,4.66
58203,0.70,4.14,4.58
58218,0.19,4.13,4.49
58233,1.02,4.13,4.42
58248,0.63,4.12,4.34
58263,0.63,4.12,4.26
58278,1.23,4.11,4.19
58293,1.14,4.09,4.11
58308,0.72,4.07,4.02
58323,1.38,4.06,3.96
58338,1.75,4.07,3.92
58353,1.27,4.07,3.87
58368,1.87,4.06,3.82
58383,1.20,4.07,3.78
58398,1.43,4.06,3.73
58413,1.32,4.06,3.68
58428,1.40,4.06,3.63
58443,1.30,4.06,3.59
58458,1.44,4.06,3.54
58473,1.35,4.06,3.50
58488,1.26,4.07,3.46
58503,1.25,4.06,3.41
58518,1.39,4.07,3.37
58533,1.31,4.07,3.33
58548,1.18,4.07,3.29
58563,1.39,4.07,3.25
58578,1.24,4.07,3.21
58593,1.47,4.06,3.17
58608,1.40,4.06,3.13
58623,1.32,4.06,3.09
58638,1.33,4.06,3.06
58653,1.31,4.06,3.03
58668,1.31,4.06,2.99
58683,1.38,4.06,2.96
58698,1.26,4.05,2.92
58713,1.26,4.05,2.89
58728,1.35,4.06,2.86
58743,1.35,4.06,2.83
58758,1.09,4.06,2.80
58773,1.24,4.06,2.76
58788,1.23,4.06,2.73
58803,1.29,4.06,2.70
58818,1.24,4.06,2.68
58833,1.29,4.06,2.65
58848,1.43,4.06,2.62
58863,1.13,4.06,2.59
58878,1.26,4.06,2.57
58893,1.51,4.06,2.55
58908,1.26,4.06,2.52
58923,1.24,4.06,2.50
58938,1.01,4.06,2.47
58953,1.27,4.06,2.45
58968,1.31,4.06,2.42
58983,1.43,4.06,2.40
58998,1.36,4.06,2.38
59013,1.39,4.06,2.36
59028,1.30,4.07,2.35
59043,1.27,4.07,2.33
59058,1.25,4.07,2.31
59073,1.44,4.07,2.29
59088,1.26,4.07,2.27
59103,1.38,4.07,2.25
59118,1.31,4.07,2.23
59133,1.00,4.07,2.20
59148,1.46,4.06,2.19
59163,1.33,4.07,2.17
59178,1.22,4.07,2.15
59193,1.24,4.07,2.14
59208,1.26,4.07,2.12
59223,1.42,4.06,2.10
59238,1.32,4.06,2.08
59253,1.37,4.07,2.07
59268,1.36,4.06,2.05
59283,1.40,4.06,2.04
59298,1.45,4.06,2.02
59313,1.19,4.06,2.01
59328,1.53,4.06,2.00
59343,1.24,4.06,1.98
59358,1.39,4.05,1.97
59373,1.22,4.05,1.95
59388,1.40,4.05,1.94
59403,1.24,4.05,1.93
59418,1.30,4.05,1.91
59433,1.20,4.05,1.90
59448,1.33,4.05,1.89
59463,0.99,4.05,1.87
59478,1.22,4.05,1.85
59493,1.51,4.05,1.85
59508,1.54,4.05,1.84
59523,1.41,4.05,1.84
59538,1.19,4.06,1.82
59553,1.25,4.06,1.82
59568,1.18,4.06,1.80
59583,1.29,4.06,1.79
59598,1.20,4.06,1.78
59613,1.40,4.06,1.77
59628,1.53,4.06,1.77
59643,1.25,4.06,1.76
59658,1.30,4.06,1.75
59673,1.39,4.06,1.74
59688,1.31,4.06,1.74
59703,1.13,4.06,1.73
59718,1.42,4.06,1.72
59733,1.45,4.07,1.72
59748,1.61,4.07,1.72
59763,1.38,4.07,1.71
59778,1.21,4.07,1.70
59793,1.43,4.07,1.70
59808,1.40,4.07,1.69
59823,1.28,4.08,1.69
59838,1.46,4.08,1.69
59853,1.10,4.08,1.68
59868,1.34,4.08,1.67
59883,1.53,4.08,1.67
59898,1.50,4.08,1.66
59913,1.10,4.08,1.65
59928,1.62,4.08,1.65
59943,1.37,4.08,1.65
59958,1.29,4.08,1.64
59973,1.25,4.08,1.63
59988,1.32,4.08,1.62
60003,1.13,4.07,1.61
60018,1.40,4.07,1.60
60033,1.24,4.07,1.59
60048,1.45,4.07,1.59
60063,1.33,4.07,1.58
60078,1.18,4.07,1.58
60093,1.47,4.07,1.58
60108,1.43,4.07,1.57
60123,1.31,4.07,1.57
60138,1.44,4.07,1.56
60153,1.37,4.07,1.56
60168,1.39,4.07,1.56
60183,1.16,4.05,1.53
60198,1.21,4.04,1.51
60213,1.27,4.03,1.50
60228,1.34,4.03,1.49
60243,0.94,4.02,1.48
60258,1.22,4.02,1.47
60273,1.27,4.03,1.48
60288,1.18,4.03,1.47
60303,1.53,4.03,1.47
60318,2.26,4.04,1.50
60333,1.11,4.05,1.49
60348,1.31,4.05,1.50
60363,1.18,4.06,1.50
60378,1.22,4.06,1.50
60393,1.29,4.06,1.49
60408,1.36,4.07,1.49
60423,1.46,4.07,1.49
60438,1.33,4.07,1.49
60453,1.40,4.07,1.49
60468,1.19,4.07,1.48
60483,1.19,4.07,1.48
60498,1.26,4.07,1.47
60513,1.03,4.06,1.46
60528,1.37,4.06,1.46
60543,1.21,4.06,1.45
60558,1.37,4.06,1.45
60573,1.11,4.06,1.44
60588,1.42,4.06,1.44
60603,1.33,4.07,1.44
60618,1.30,4.07,1.44
60633,1.45,4.07,1.45
60648,1.13,4.07,1.44
60663,1.37,4.07,1.43
60678,1.31,4.07,1.43
60693,1.33,4.07,1.43
60708,1.25,4.07,1.43
60723,1.20,4.07,1.42
60738,1.14,4.07,1.42
60753,1.19,4.07,1.41
60768,1.22,4.07,1.41
60783,1.43,4.07,1.41
60798,1.39,4.07,1.41
60813,1.27,4.07,1.41
60828,1.25,4.07,1.40
60843,1.38,4.07,1.40
60858,1.15,4.06,1.39
60873,1.27,4.06,1.39
60888,1.32,4.06,1.39
60903,1.24,4.06,1.39
60918,1.18,4.06,1.38
60933,1.37,4.06,1.38
60948,1.28,4.07,1.38
60963,1.14,4.06,1.38
60978,1.38,4.07,1.38
60993,1.18,4.07,1.38
61008,1.22,4.07,1.37
61023,1.39,4.06,1.37
61038,1.35,4.06,1.37
61053,1.43,4.06,1.37
61068,1.28,4.07,1.37
61083,1.37,4.07,1.37
61098,1.34,4.07,1.37
61113,1.37,4.07,1.37
61128,1.29,4.06,1.37
61143,1.45,4.06,1.37
61158,1.44,4.06,1.37
61173,1.41,4.07,1.37
61188,1.27,4.07,1.37
61203,1.24,4.07,1.37
61218,1.41,4.07,1.37
61233,1.23,4.07,1.37
61248,1.35,4.08,1.37
61263,5.45,4.04,1.42
61278,3.57,4.09,1.52
61293,3.35,4.13,1.59
61308,-3.92,4.20,1.54
61323,-4.14,4.22,1.45
61338,0.76,4.22,1.44
61353,2.17,4.22,1.46
61368,1.13,4.22,1.44
61383,0.76,4.21,1.42
61398,1.50,4.20,1.41
61413,1.65,4.19,1.41
61428,1.70,4.19,1.41
61443,1.32,4.20,1.42
61458,1.07,4.20,1.42
61473,1.02,4.22,1.43
61488,1.16,4.23,1.44
61503,1.12,4.27,1.47
61518,1.49,4.35,1.55
61533,1.20,4.46,1.65
61548,-0.29,4.45,1.60
61563,1.51,4.44,1.59
61578,0.94,4.39,1.52
61593,1.32,4.30,1.43
61608,1.05,4.20,1.33
61623,0.86,4.15,1.26
61638,1.29,4.12,1.24
61653,0.88,4.12,1.23
61668,1.20,4.12,1.23
61683,1.50,4.10,1.22
61698,1.73,4.10,1.23
61713,2.04,4.10,1.24
61728,2.06,4.09,1.25
61743,1.20,4.09,1.25
61758,1.26,4.08,1.24
61773,1.22,4.09,1.25
61788,1.51,4.09,1.25
61803,1.21,4.09,1.25
61818,1.79,4.10,1.27
61833,1.61,4.10,1.28
61848,1.02,4.11,1.28
61863,0.69,4.11,1.27
61878,1.70,4.13,1.30
61893,1.70,4.14,1.31
61908,1.61,4.15,1.33
61923,1.64,4.16,1.35
61938,0.46,4.17,1.34
61953,0.76,4.19,1.35
61968,1.40,4.21,1.37
61983,2.23,4.23,1.40
61998,2.10,4.24,1.43
62013,1.39,4.24,1.43
62028,1.15,4.25,1.44
62043,1.23,4.25,1.43
62058,1.57,4.27,1.45
62073,1.67,4.29,1.47
62088,3.26,4.30,1.52
62103,2.42,4.29,1.53
62118,1.27,4.31,1.54
62133,0.90,4.35,1.57
62148,1.95,4.41,1.64
62163,1.14,4.45,1.67
62178,2.57,4.46,1.70
62193,1.79,4.46,1.69
62208,1.48,4.46,1.69
62223,1.11,4.47,1.69
62238,2.18,4.47,1.70
62253,1.03,4.49,1.71
62268,1.69,4.51,1.72
62283,2.16,4.52,1.75
62298,2.04,4.52,1.75
62313,2.10,4.50,1.74
62328,1.76,4.47,1.71
62343,1.66,4.45,1.69
62358,1.27,4.43,1.66
62373,1.76,4.41,1.64
62388,1.97,4.38,1.62
62403,2.27,4.34,1.59
62418,2.38,4.30,1.57
62433,1.13,4.26,1.52
62448,2.41,4.23,1.51
62463,1.64,4.19,1.47
62478,0.90,4.10,1.37
62493,1.84,4.04,1.32
62508,1.76,4.00,1.30
62523,1.72,3.99,1.29
62538,2.06,4.01,1.33
62553,2.58,4.04,1.38
62568,1.36,4.06,1.40
62583,1.82,4.06,1.41
62598,1.79,4.02,1.38
62613,1.64,3.95,1.31
62628,1.47,3.89,1.25
62643,1.57,3.83,1.21
62658,1.20,3.78,1.16
62673,2.13,3.71,1.11
62688,2.17,3.64,1.06
62703,0.58,3.61,1.02
62718,0.10,3.58,0.97
62733,1.08,3.55,0.95
62748,1.38,3.56,0.96
62763,0.60,3.59,0.99
62778,1.71,3.60,1.01
62793,1.66,3.60,1.02
62808,2.85,3.65,1.11
62823,-0.71,3.75,1.17
62838,-0.30,3.84,1.23
62853,-0.93,3.89,1.23
62868,2.73,3.79,1.17
62883,-1.27,3.78,1.11
62898,1.23,3.72,1.05
62913,1.48,3.68,1.02
62928,2.12,3.62,0.99
62943,2.15,3.60,0.99
62958,0.96,3.60,0.98
62973,0.36,3.59,0.97
62988,1.03,3.59,0.97
63003,1.31,3.59,0.98
63018,2.15,3.59,0.99
63033,2.18,3.58,1.01
63048,1.35,3.57,1.01
63063,2.27,3.56,1.03
63078,2.51,3.54,1.04
63093,1.03,3.54,1.03
63108,1.01,3.56,1.05
63123,1.68,3.59,1.09
63138,4.54,3.60,1.17
63153,-2.10,3.62,1.12
63168,-4.13,3.62,1.02
63183,2.05,3.63,1.05
63198,1.50,3.62,1.05
63213,1.22,3.63,1.06
63228,1.26,3.62,1.06
63243,1.28,3.62,1.07
63258,1.31,3.62,1.07
63273,1.34,3.62,1.08
63288,1.38,3.62,1.08
63303,1.20,3.62,1.08
63318,1.23,3.62,1.09
63333,1.19,3.62,1.09
63348,1.05,3.63,1.09
63363,1.35,3.63,1.10
63378,1.33,3.63,1.11
63393,1.27,3.63,1.11
63408,1.30,3.63,1.11
63423,1.55,3.63,1.12
63438,1.16,3.63,1.12
63453,1.06,3.63,1.12
63468,1.36,3.63,1.13
63483,1.25,3.63,1.12
63498,1.31,3.62,1.13
63513,1.25,3.63,1.13
63528,1.27,3.63,1.14
63543,1.45,3.63,1.14
63558,1.32,3.63,1.15
63573,1.38,3.63,1.15
63588,1.36,3.63,1.16
63603,1.37,3.63,1.16
63618,1.38,3.63,1.16
63633,1.26,3.63,1.16
63648,1.47,3.62,1.16
63663,1.38,3.62,1.17
63678,0.87,3.61,1.15
63693,0.35,3.59,1.12
63708,1.01,3.57,1.09
63723,2.65,3.55,1.10
63738,3.42,3.52,1.13
63753,3.38,3.49,1.14
63768,3.38,3.48,1.17
63783,2.78,3.45,1.18
63798,0.79,3.43,1.15
63813,1.58,3.42,1.15
63828,3.76,3.40,1.18
63843,4.74,3.37,1.22
63858,2.73,3.35,1.23
63873,1.72,3.34,1.23
63888,1.80,3.33,1.24
63903,1.49,3.30,1.21
63918,2.26,3.31,1.24
63933,1.00,3.27,1.20
63948,1.55,3.24,1.18
63963,1.93,3.22,1.17
63978,0.63,3.20,1.14
63993,0.55,3.20,1.12
64008,-0.95,3.19,1.07
64023,0.03,3.17,1.04
64038,0.97,3.15,1.02
64053,-0.03,3.15,1.00
64068,0.19,3.14,0.97
64083,-0.04,3.13,0.94
64098,0.08,3.11,0.90
64113,-0.28,3.09,0.86
64128,0.59,3.08,0.85
64143,-0.10,3.08,0.82
64158,0.00,3.06,0.79
64173,0.73,3.04,0.77
64188,1.70,3.04,0.78
64203,1.43,3.03,0.79
64218,1.03,3.03,0.79
64233,1.64,3.03,0.81
64248,1.54,3.02,0.82
64263,1.14,3.02,0.82
64278,0.86,3.03,0.83
64293,0.71,3.04,0.83
64308,1.23,3.04,0.85
64323,0.64,3.05,0.86
64338,0.99,3.06,0.87
64353,2.20,3.08,0.91
64368,2.15,3.09,0.95
64383,4.79,3.10,1.03
64398,1.05,3.10,1.03
64413,1.43,3.10,1.04
64428,1.26,3.10,1.04
64443,1.56,3.10,1.06
64458,1.23,3.10,1.06
64473,1.36,3.10,1.06
64488,1.47,3.10,1.07
64503,1.59,3.10,1.08
64518,1.41,3.09,1.09
64533,1.45,3.09,1.09
64548,1.37,3.09,1.09
64563,1.35,3.09,1.10
64578,1.27,3.09,1.11
64593,1.34,3.09,1.11
64608,1.33,3.09,1.12
64623,1.26,3.09,1.12
64638,1.21,3.10,1.12
64653,1.55,3.10,1.13
64668,1.45,3.10,1.14
64683,1.30,3.10,1.14
64698,1.41,3.10,1.15
64713,1.34,3.10,1.15
64728,1.22,3.10,1.15
64743,1.44,3.09,1.15
64758,1.29,3.10,1.16
64773,1.42,3.10,1.17
64788,1.36,3.10,1.17
64803,1.43,3.10,1.18
64818,1.49,3.10,1.18
64833,1.25,3.10,1.18
64848,1.54,3.10,1.19
64863,1.36,3.10,1.19
64878,1.45,3.10,1.20
64893,1.23,3.09,1.19
64908,1.32,3.09,1.20
64923,1.43,3.09,1.20
64938,1.47,3.09,1.21
64953,1.31,3.09,1.21
64968,1.66,3.09,1.22
64983,1.25,3.09,1.22
64998,1.39,3.09,1.22
65013,1.22,3.09,1.22
65028,1.42,3.09,1.22
65043,1.43,3.09,1.23
65058,1.25,3.09,1.23
65073,1.55,3.09,1.24
65088,1.24,3.09,1.24
65103,1.44,3.10,1.24
65118,1.55,3.10,1.25
65133,1.36,3.10,1.26
65148,1.35,3.10,1.26
65163,1.49,3.10,1.26
65178,1.41,3.10,1.26
65193,1.41,3.09,1.26
65208,1.42,3.09,1.26
65223,1.37,3.09,1.27
65238,1.45,3.09,1.27
65253,1.19,3.09,1.27
65268,1.38,3.09,1.27
65283,1.32,3.09,1.27
65298,1.30,3.09,1.27
65313,1.44,3.09,1.27
65328,1.42,3.09,1.28
65343,1.47,3.09,1.28
65358,1.54,3.09,1.29
65373,1.38,3.09,1.29
65388,1.27,3.09,1.29
65403,1.25,3.09,1.29
65418,1.33,3.09,1.28
65433,1.39,3.09,1.29
65448,1.26,3.09,1.29
65463,1.47,3.09,1.29
65478,1.49,3.09,1.30
65493,1.34,3.09,1.30
65508,1.37,3.09,1.30
65523,1.20,3.09,1.29
65538,1.47,3.09,1.30
65553,1.23,3.10,1.30
65568,1.30,3.10,1.30
65583,1.64,3.09,1.31
65598,1.52,3.09,1.31
65613,1.39,3.09,1.31
65628,1.30,3.09,1.31
65643,1.33,3.09,1.31
65658,1.43,3.09,1.31
65673,1.66,3.09,1.32
65688,1.47,3.09,1.32
65703,1.21,3.09,1.32
65718,1.39,3.09,1.32
65733,1.44,3.09,1.33
65748,1.39,3.09,1.33
65763,1.39,3.09,1.33
65778,1.41,3.09,1.33
65793,1.38,3.09,1.33
65808,1.46,3.10,1.34
65823,1.42,3.10,1.34
65838,1.39,3.10,1.34
65853,1.26,3.10,1.34
65868,1.55,3.10,1.35
65883,1.45,3.10,1.35
65898,1.37,3.10,1.35
65913,1.46,3.10,1.35
65928,1.38,3.10,1.35
65943,1.43,3.10,1.35
65958,1.34,3.09,1.35
65973,1.31,3.09,1.34
65988,1.26,3.09,1.34
66003,1.40,3.09,1.34
66018,1.35,3.09,1.34
66033,1.52,3.09,1.35
66048,1.38,3.09,1.35
66063,1.29,3.09,1.34
66078,1.49,3.09,1.35
66093,1.39,3.09,1.35
66108,1.37,3.09,1.35
66123,1.15,3.09,1.34
66138,1.30,3.09,1.34
66153,1.49,3.09,1.35
66168,1.43,3.09,1.35
66183,1.35,3.09,1.35
66198,1.48,3.09,1.36
66213,1.42,3.10,1.36
66228,1.45,3.09,1.36
66243,1.25,3.09,1.35
66258,1.44,3.09,1.35
66273,1.43,3.09,1.35
66288,1.37,3.09,1.36
66303,1.28,3.09,1.35
66318,1.33,3.09,1.35
66333,1.31,3.09,1.35
66348,1.46,3.09,1.36
66363,1.37,3.10,1.36
66378,1.33,3.09,1.36
66393,1.35,3.09,1.36
66408,1.28,3.09,1.36
66423,1.54,3.09,1.36
66438,1.42,3.09,1.36
66453,1.36,3.09,1.35
66468,1.14,3.08,1.35
66483,1.20,3.08,1.34
66498,1.45,3.08,1.34
66513,1.40,3.08,1.34
66528,1.33,3.08,1.34
66543,1.24,3.08,1.34
66558,1.32,3.07,1.34
66573,1.35,3.07,1.34
66588,1.40,3.08,1.34
66603,1.31,3.08,1.34
66618,1.51,3.08,1.34
66633,1.49,3.08,1.35
66648,1.18,3.07,1.34
66663,1.54,3.07,1.34
66678,1.53,3.07,1.34
66693,1.50,3.07,1.34
66708,1.60,3.07,1.35
66723,1.30,3.07,1.36
66738,1.28,3.08,1.35
66753,1.56,3.07,1.36
66768,1.20,3.08,1.36
66783,1.44,3.08,1.36
66798,1.32,3.07,1.36
66813,1.19,3.08,1.36
66828,1.48,3.08,1.36
66843,1.52,3.07,1.36
66858,1.33,3.08,1.36
66873,1.47,3.07,1.36
66888,1.36,3.07,1.35
66903,1.12,3.07,1.35
66918,1.41,3.07,1.35
66933,1.52,3.08,1.36
66948,1.35,3.07,1.36
66963,1.33,3.08,1.36
66978,1.28,3.08,1.36
66993,1.24,3.08,1.36
67008,1.40,3.08,1.36
67023,1.29,3.08,1.36
67038,1.36,3.08,1.36
67053,1.45,3.08,1.36
67068,1.34,3.08,1.36
67083,1.23,3.08,1.36
67098,1.33,3.08,1.36
67113,1.30,3.08,1.36
67128,1.30,3.08,1.35
67143,1.06,3.08,1.35
67158,1.35,3.08,1.35
67173,1.30,3.08,1.35
67188,1.30,3.08,1.34
67203,1.20,3.08,1.34
67218,1.29,3.08,1.35
67233,1.40,3.08,1.35
67248,1.12,3.08,1.34
67263,1.33,3.08,1.34
67278,1.38,3.08,1.35
67293,1.27,3.09,1.35
67308,1.36,3.09,1.35
67323,1.36,3.09,1.35
67338,1.37,3.09,1.35
67353,1.50,3.09,1.35
67368,1.29,3.09,1.35
67383,1.35,3.09,1.35
67398,1.49,3.09,1.35
67413,1.35,3.09,1.35
67428,1.52,3.09,1.36
67443,1.35,3.09,1.35
67458,1.10,3.09,1.35
67473,1.55,3.09,1.36
67488,1.40,3.09,1.35
67503,1.31,3.08,1.35
67518,1.31,3.09,1.36
67533,1.12,3.09,1.35
67548,1.29,3.09,1.35
67563,1.32,3.09,1.35
67578,1.33,3.09,1.35
67593,1.30,3.09,1.35
67608,1.42,3.08,1.34
67623,1.37,3.08,1.34
67638,1.51,3.09,1.35
67653,1.47,3.09,1.35
67668,1.45,3.08,1.35
67683,1.42,3.08,1.35
67698,1.38,3.08,1.35
67713,1.30,3.08,1.35
67728,1.29,3.08,1.34
67743,1.35,3.08,1.35
67758,1.40,3.08,1.35
67773,1.05,3.08,1.34
67788,1.29,3.08,1.34
67803,1.38,3.08,1.34
67818,1.32,3.08,1.34
67833,1.26,3.08,1.34
67848,1.36,3.08,1.34
67863,1.60,3.08,1.35
67878,1.38,3.08,1.35
67893,1.31,3.08,1.34
67908,1.36,3.08,1.34
67923,1.40,3.07,1.34
67938,1.48,3.08,1.35
67953,1.24,3.08,1.34
67968,1.53,3.07,1.35
67983,1.29,3.08,1.35
67998,1.31,3.07,1.34
68013,1.57,3.07,1.35
68028,1.46,3.07,1.35
68043,1.41,3.08,1.36
68058,1.18,3.08,1.36
68073,1.49,3.08,1.36
68088,1.42,3.08,1.36
68103,1.29,3.08,1.35
68118,1.28,3.08,1.35
68133,1.26,3.08,1.35
68148,1.30,3.08,1.35
68163,1.44,3.08,1.35
68178,1.54,3.08,1.35
68193,1.41,3.08,1.35
68208,1.42,3.08,1.36
68223,1.32,3.08,1.36
68238,1.37,3.07,1.35
68253,1.41,3.07,1.36
68268,1.25,3.08,1.35
68283,1.26,3.07,1.35
68298,1.25,3.07,1.35
68313,1.72,3.07,1.36
68328,1.33,3.07,1.35
68343,1.51,3.07,1.36
68358,1.36,3.07,1.36
68373,1.33,3.07,1.36
68388,1.64,3.07,1.36
68403,1.30,3.07,1.36
68418,1.32,3.07,1.36
68433,1.48,3.07,1.36
68448,1.36,3.07,1.36
68463,1.40,3.07,1.36
68478,1.44,3.07,1.37
68493,1.39,3.07,1.37
68508,1.51,3.07,1.37
68523,1.47,3.07,1.37
68538,1.38,3.07,1.37
68553,1.33,3.08,1.37
68568,1.38,3.07,1.37
68583,1.46,3.08,1.38
68598,1.40,3.08,1.38
68613,1.24,3.08,1.38
68628,1.41,3.08,1.38
68643,1.56,3.09,1.39
68658,1.20,3.09,1.39
68673,1.28,3.08,1.38
68688,1.41,3.09,1.38
68703,1.22,3.08,1.38
68718,1.36,3.09,1.38
68733,1.53,3.09,1.38
68748,1.15,3.08,1.37
68763,1.33,3.08,1.37
68778,1.39,3.08,1.37
68793,1.32,3.08,1.37
68808,1.28,3.08,1.37
68823,1.44,3.08,1.37
68838,1.10,3.08,1.36
