4008,1.42,1.5,1.5
4023,1.31,1.5,1.49
4038,1.54,1.5,1.5
4053,1.4,1.5,1.49
4068,1.47,1.5,1.49
4083,1.37,1.5,1.5
4098,1.55,1.51,1.5
4113,1.47,1.51,1.5
4128,1.16,1.51,1.49
4143,1.52,1.51,1.49
4158,1.4,1.51,1.49
4173,1.46,1.51,1.5
4188,1.49,1.51,1.5
4203,1.26,1.51,1.49
4218,1.3,1.51,1.49
4233,1.27,1.51,1.48
4248,1.37,1.51,1.48
4263,1.31,1.51,1.47
4278,1.58,1.51,1.48
4293,1.35,1.51,1.48
4308,1.32,1.51,1.47
4323,1.47,1.51,1.47
4338,1.52,1.51,1.47
4353,1.34,1.5,1.46
4368,1.42,1.5,1.46
4383,1.34,1.51,1.46
4398,1.56,1.5,1.46
4413,1.29,1.5,1.46
4428,1.26,1.51,1.46
4443,1.58,1.51,1.46
4458,1.47,1.51,1.46
4473,1.57,1.51,1.46
4488,1.44,1.5,1.46
4503,1.28,1.51,1.46
4518,1.4,1.51,1.46
4533,1.29,1.51,1.45
4548,1.47,1.51,1.46
4563,1.31,1.51,1.45
4578,1.7,1.51,1.46
4593,1.35,1.51,1.45
4608,1.36,1.5,1.45
4623,1.39,1.5,1.44
4638,1.5,1.5,1.45
4653,1.48,1.5,1.45
4668,1.16,1.5,1.44
4683,1.27,1.5,1.44
4698,1.35,1.5,1.43
4713,1.27,1.5,1.43
4728,1.63,1.5,1.43
4743,1.32,1.5,1.43
4758,1.33,1.5,1.43
4773,1.62,1.49,1.43
4788,1.37,1.5,1.43
4803,1.35,1.49,1.42
4818,1.51,1.49,1.42
4833,1.46,1.49,1.43
4848,1.64,1.49,1.43
4863,1.47,1.49,1.43
4878,1.22,1.49,1.42
4893,1.49,1.49,1.42
4908,1.36,1.49,1.42
4923,1.42,1.48,1.42
4938,1.37,1.48,1.42
4953,1.36,1.48,1.41
4968,1.35,1.48,1.41
4983,1.27,1.48,1.4
4998,1.59,1.47,1.41
5013,1.45,1.47,1.4
5028,1.22,1.47,1.4
5043,1.66,1.48,1.41
5058,1.34,1.47,1.41
5073,1.42,1.48,1.41
5088,1.44,1.48,1.41
5103,1.25,1.48,1.41
5118,1.12,1.48,1.4
5133,1.46,1.48,1.41
5148,1.46,1.48,1.41
5163,1.49,1.48,1.41
5178,1.69,1.49,1.42
5193,1.45,1.49,1.42
5208,1.47,1.49,1.43
5223,1.36,1.49,1.42
5238,1.29,1.49,1.42
5253,1.22,1.49,1.42
5268,1.51,1.49,1.42
5283,1.4,1.49,1.42
5298,1.45,1.49,1.42
5313,1.4,1.49,1.42
5328,1.53,1.49,1.42
5343,1.3,1.49,1.42
5358,1.63,1.49,1.42
5373,1.43,1.49,1.42
5388,1.22,1.49,1.42
5403,1.37,1.48,1.41
5418,1.27,1.49,1.41
5433,1.48,1.49,1.42
5448,1.27,1.49,1.41
5463,1.46,1.49,1.42
5478,1.6,1.49,1.42
5493,1.54,1.49,1.42
5508,1.48,1.49,1.42
5523,1.34,1.5,1.43
5538,1.82,1.5,1.44
5553,1.41,1.49,1.43
5568,1.56,1.49,1.43
5583,1.42,1.49,1.44
5598,1.48,1.49,1.43
5613,1.41,1.49,1.43
5628,1.57,1.49,1.43
5643,1.45,1.49,1.43
5658,1.58,1.49,1.44
5673,1.51,1.49,1.44
5688,1.39,1.49,1.44
5703,1.38,1.49,1.44
5718,1.46,1.49,1.44
5733,1.44,1.49,1.44
5748,1.26,1.49,1.44
5763,1.38,1.49,1.44
5778,1.54,1.49,1.44
5793,1.38,1.49,1.44
5808,1.66,1.5,1.44
5823,1.46,1.5,1.45
5838,1.55,1.5,1.45
5853,1.48,1.49,1.44
5868,1.62,1.49,1.45
5883,1.49,1.49,1.45
5898,1.42,1.49,1.44
5913,1.43,1.49,1.45
5928,1.36,1.49,1.44
5943,1.42,1.49,1.44
5958,1.57,1.49,1.45
5973,1.39,1.5,1.45
5988,1.12,1.5,1.44
6003,1.23,1.49,1.44
6018,1.62,1.49,1.44
6033,1.52,1.49,1.44
6048,1.38,1.49,1.43
6063,1.43,1.49,1.43
6078,1.26,1.49,1.43
6093,1.23,1.49,1.43
6108,1.5,1.49,1.43
6123,1.59,1.48,1.43
6138,1.58,1.48,1.43
6153,1.19,1.48,1.42
6168,1.42,1.47,1.42
6183,1.45,1.47,1.41
6198,1.44,1.46,1.41
6213,1.43,1.46,1.4
6228,1.49,1.46,1.41
6243,1.4,1.45,1.4
6258,1.5,1.44,1.39
6273,1.63,1.45,1.4
6288,1.36,1.45,1.4
6303,1.36,1.45,1.4
6318,1.44,1.45,1.4
6333,1.6,1.45,1.41
6348,1.17,1.45,1.4
6363,1.23,1.45,1.4
6378,1.36,1.46,1.41
6393,1.35,1.46,1.41
6408,1.3,1.47,1.41
6423,1.31,1.47,1.41
6438,1.28,1.46,1.4
6453,1.57,1.46,1.41
6468,1.59,1.46,1.41
6483,1.38,1.47,1.41
6498,1.5,1.47,1.42
6513,1.33,1.47,1.41
6528,1.43,1.47,1.41
6543,1.18,1.47,1.41
6558,1.49,1.46,1.41
6573,1.51,1.46,1.41
6588,1.39,1.46,1.41
6603,1.43,1.46,1.41
6618,1.24,1.46,1.41
6633,1.39,1.47,1.41
6648,1.4,1.47,1.41
6663,1.45,1.47,1.41
6678,1.51,1.47,1.41
6693,1.49,1.47,1.41
6708,1.2,1.47,1.41
6723,1.46,1.46,1.41
6738,1.38,1.46,1.4
6753,1.2,1.46,1.4
6768,1.53,1.46,1.4
6783,1.37,1.46,1.4
6798,1.23,1.46,1.4
6813,1.46,1.46,1.4
6828,1.39,1.47,1.4
6843,1.76,1.47,1.41
6858,1.17,1.46,1.4
6873,1.3,1.47,1.4
6888,1.2,1.47,1.4
6903,1.42,1.47,1.4
6918,1.49,1.47,1.4
6933,1.53,1.47,1.41
6948,1.3,1.47,1.41
6963,1.38,1.47,1.41
6978,1.38,1.48,1.41
6993,1.39,1.48,1.41
7008,1.47,1.48,1.42
7023,1.49,1.49,1.42
7038,1.39,1.48,1.42
7053,1.31,1.49,1.42
7068,1.38,1.49,1.42
7083,1.35,1.49,1.42
7098,1.53,1.49,1.42
7113,1.39,1.49,1.42
7128,1.33,1.49,1.43
7143,1.17,1.49,1.42
7158,1.4,1.49,1.42
7173,1.26,1.49,1.41
7188,1.14,1.49,1.41
7203,1.51,1.49,1.41
7218,1.35,1.49,1.41
7233,1.33,1.5,1.41
7248,1.33,1.5,1.41
7263,1.31,1.49,1.41
7278,1.5,1.49,1.41
7293,1.42,1.49,1.41
7308,1.57,1.49,1.41
7323,1.27,1.49,1.4
7338,1.14,1.49,1.4
7353,1.27,1.49,1.4
7368,1.44,1.49,1.39
7383,1.22,1.49,1.39
7398,1.64,1.48,1.39
7413,1.37,1.48,1.39
7428,1.25,1.48,1.39
7443,1.34,1.47,1.38
7458,1.4,1.47,1.38
7473,1.17,1.47,1.38
7488,1.38,1.47,1.38
7503,1.24,1.47,1.37
7518,1.6,1.47,1.37
7533,1.37,1.47,1.37
7548,1.37,1.47,1.37
7563,1.27,1.47,1.37
7578,1.48,1.47,1.37
7593,1.56,1.47,1.38
7608,1.4,1.47,1.38
7623,1.41,1.47,1.38
7638,1.37,1.47,1.38
7653,1.34,1.47,1.38
7668,1.47,1.47,1.38
7683,1.22,1.47,1.37
7698,1.46,1.47,1.38
7713,1.29,1.47,1.37
7728,1.49,1.46,1.37
7743,1.37,1.46,1.37
7758,1.14,1.46,1.37
7773,1.39,1.46,1.37
7788,1.21,1.47,1.37
7803,1.24,1.47,1.37
7818,1.38,1.47,1.37
7833,1.34,1.47,1.37
7848,1.39,1.47,1.37
7863,1.43,1.47,1.37
7878,1.3,1.48,1.38
7893,1.41,1.48,1.38
7908,1.46,1.48,1.38
7923,1.4,1.48,1.38
7938,1.3,1.48,1.38
7953,1.53,1.48,1.38
7968,1.36,1.47,1.38
7983,1.27,1.48,1.38
7998,1.49,1.47,1.38
8013,1.16,1.48,1.37
8028,1.34,1.47,1.37
8043,1.3,1.47,1.37
8058,1.56,1.47,1.37
8073,1.43,1.47,1.37
8088,1.1,1.47,1.36
8103,1.25,1.47,1.37
8118,1.31,1.47,1.36
8133,1.4,1.47,1.37
8148,1.65,1.47,1.37
8163,1.29,1.47,1.37
8178,1.22,1.47,1.37
8193,1.31,1.47,1.36
8208,1.36,1.47,1.36
8223,1.51,1.46,1.36
8238,1.3,1.47,1.36
8253,1.37,1.46,1.36
8268,1.27,1.47,1.36
8283,1.32,1.47,1.36
8298,1.48,1.47,1.37
8313,1.42,1.47,1.37
8328,1.41,1.47,1.37
8343,1.63,1.47,1.37
8358,1.47,1.47,1.38
8373,1.3,1.47,1.37
8388,1.48,1.47,1.37
8403,1.39,1.46,1.37
8418,1.54,1.46,1.37
8433,1.26,1.46,1.36
8448,1.27,1.46,1.36
8463,1.4,1.45,1.36
8478,1.46,1.45,1.36
8493,1.15,1.45,1.36
8508,1.29,1.45,1.36
8523,1.18,1.45,1.35
8538,1.54,1.46,1.36
8553,1.39,1.46,1.36
8568,1.62,1.46,1.37
8583,2.29,1.47,1.39
8598,2.45,1.47,1.42
8613,0.95,1.47,1.41
8628,0.93,1.47,1.4
8643,1.59,1.46,1.39
8658,1.41,1.46,1.39
8673,1.26,1.45,1.39
8688,1.52,1.45,1.38
8703,1.37,1.44,1.38
8718,1.26,1.44,1.37
8733,1.24,1.44,1.37
8748,1.32,1.44,1.36
8763,1.37,1.43,1.36
8778,1.31,1.44,1.36
8793,1.24,1.44,1.36
8808,1.18,1.44,1.36
8823,0.56,1.44,1.35
8838,1.4,1.45,1.36
8853,1.4,1.45,1.36
8868,1.24,1.46,1.36
8883,1.44,1.46,1.37
8898,1.24,1.47,1.37
8913,1.23,1.47,1.37
8928,1.86,1.47,1.38
8943,1.62,1.47,1.38
8958,1.47,1.47,1.39
8973,1.45,1.47,1.39
8988,1.49,1.47,1.39
9003,1.59,1.47,1.39
9018,1.29,1.47,1.39
9033,1.3,1.47,1.39
9048,1.41,1.47,1.39
9063,1.57,1.47,1.39
9078,1.45,1.47,1.4
9093,1.54,1.47,1.4
9108,1.42,1.47,1.4
9123,1.58,1.47,1.4
9138,1.37,1.47,1.4
9153,1.21,1.47,1.4
9168,1.33,1.47,1.4
9183,1.09,1.47,1.39
9198,1.4,1.47,1.39
9213,1.5,1.48,1.4
9228,1.26,1.48,1.4
9243,1.54,1.48,1.4
9258,1.29,1.48,1.4
9273,1.36,1.49,1.4
9288,1.22,1.49,1.4
9303,1.44,1.49,1.41
9318,1.62,1.49,1.41
9333,1.18,1.5,1.41
9348,1.47,1.49,1.41
9363,1.56,1.49,1.41
9378,1.56,1.49,1.42
9393,1.23,1.5,1.41
9408,1.48,1.5,1.42
9423,1.17,1.51,1.42
9438,1.21,1.52,1.43
9453,1.25,1.54,1.45
9468,1.5,1.56,1.47
9483,1.2,1.57,1.48
9498,1.17,1.59,1.48
9513,0.07,1.61,1.48
9528,0.61,1.64,1.49
9543,1.94,1.68,1.53
9558,2.37,1.72,1.59
9573,2.36,1.76,1.65
9588,2.03,1.8,1.69
9603,2.24,1.84,1.75
9618,1.41,1.86,1.75
9633,1.46,1.84,1.74
9648,1.2,1.82,1.7
9663,2.16,1.8,1.69
9678,1.77,1.78,1.67
9693,1.87,1.76,1.66
9708,1.95,1.74,1.64
9723,1.31,1.72,1.62
9738,1.47,1.7,1.6
9753,1.64,1.68,1.58
9768,1.55,1.67,1.56
9783,1.37,1.65,1.54
9798,1.75,1.64,1.54
9813,1.24,1.64,1.53
9828,1.69,1.64,1.54
9843,1.87,1.65,1.55
9858,2.01,1.65,1.56
9873,1.67,1.66,1.57
9888,1.02,1.66,1.56
9903,0.35,1.66,1.54
9918,0.98,1.66,1.53
9933,1.05,1.66,1.52
9948,1.79,1.66,1.53
9963,2.1,1.67,1.54
9978,1.79,1.67,1.54
9993,1.71,1.67,1.55
10008,0.91,1.67,1.54
10023,0.81,1.67,1.52
10038,0.95,1.66,1.5
10053,1.33,1.66,1.5
10068,1.7,1.66,1.5
10083,2.04,1.67,1.52
10098,2.27,1.68,1.54
10113,2.17,1.69,1.57
10128,1.73,1.7,1.58
10143,1.14,1.7,1.58
10158,1.76,1.7,1.58
10173,1.94,1.71,1.59
10188,1.79,1.71,1.6
10203,1.42,1.71,1.59
10218,1.28,1.71,1.59
10233,1.71,1.72,1.6
10248,1.86,1.72,1.61
10263,1.76,1.72,1.61
10278,1.87,1.72,1.61
10293,1.75,1.72,1.61
10308,1.8,1.72,1.62
10323,1.9,1.72,1.62
10338,1.55,1.72,1.62
10353,1.79,1.71,1.62
10368,1.84,1.72,1.63
10383,1.48,1.72,1.63
10398,1.49,1.72,1.63
10413,1.6,1.72,1.63
10428,1.6,1.71,1.62
10443,2.63,1.7,1.63
10458,2.73,1.71,1.66
10473,1.89,1.73,1.68
10488,1.19,1.74,1.68
10503,1.18,1.74,1.67
10518,1.74,1.73,1.66
10533,2.67,1.72,1.67
10548,1.99,1.71,1.67
10563,1.38,1.7,1.65
10578,1.89,1.68,1.64
10593,2.87,1.66,1.64
10608,2.7,1.65,1.65
10623,2.07,1.64,1.66
10638,1.99,1.63,1.65
10653,1.73,1.6,1.63
10668,1.66,1.56,1.58
10683,1.72,1.5,1.53
10698,2.34,1.43,1.48
10713,2.26,1.35,1.41
10728,2.1,1.34,1.41
10743,3.16,1.38,1.5
10758,1.68,1.42,1.53
10773,2.77,1.45,1.59
10788,2.19,1.48,1.63
10803,2.37,1.51,1.67
10818,1.74,1.54,1.7
10833,2.3,1.57,1.74
10848,2.97,1.6,1.8
10863,2.34,1.62,1.83
10878,2.34,1.65,1.87
10893,2.7,1.67,1.9
10908,2.79,1.69,1.94
10923,2.64,1.71,1.97
10938,3.56,1.7,2
10953,3.71,1.7,2.04
10968,3.18,1.68,2.04
10983,3.57,1.66,2.05
10998,3.83,1.66,2.08
11013,3.96,1.66,2.12
11028,3.76,1.67,2.16
11043,3.6,1.67,2.19
11058,3.3,1.65,2.2
11073,3.41,1.61,2.18
11088,3.84,1.66,2.26
11103,3.31,1.69,2.31
11118,4.28,1.72,2.38
11133,3.65,1.75,2.43
11148,3.97,1.77,2.49
11163,4.06,1.79,2.54
11178,3.72,1.82,2.59
11193,3.91,1.84,2.64
11208,4.06,1.87,2.69
11223,4.63,1.89,2.75
11238,4.39,1.91,2.81
11253,4.47,1.93,2.86
11268,4.28,1.95,2.9
11283,4.55,1.96,2.95
11298,5.65,1.98,3.02
11313,5.36,2.01,3.1
11328,5.34,2.04,3.18
11343,4.98,2.07,3.24
11358,5.03,2.11,3.32
11373,5.06,2.15,3.39
11388,5.91,2.19,3.48
11403,5.43,2.2,3.53
11418,5.87,2.22,3.6
11433,6.21,2.28,3.7
11448,6.94,2.3,3.79
11463,6.56,2.32,3.87
11478,6.47,2.36,3.95
11493,6.53,2.4,4.04
11508,6.71,2.44,4.14
11523,6.85,2.47,4.22
11538,6.48,2.5,4.3
11553,7.29,2.52,4.38
11568,7.18,2.54,4.45
11583,7.68,2.56,4.53
11598,7.19,2.57,4.6
11613,7.19,2.57,4.65
11628,7.29,2.57,4.71
11643,7.97,2.56,4.76
11658,7.6,2.56,4.82
11673,8,2.57,4.88
11688,8.23,2.57,4.96
11703,7.6,2.57,5.01
11718,7.63,2.57,5.06
11733,7.97,2.57,5.12
11748,8.03,2.57,5.18
11763,7.39,2.57,5.22
11778,7.38,2.57,5.26
11793,7.33,2.56,5.3
11808,7.83,2.56,5.35
11823,7.05,2.54,5.36
11838,7.38,2.52,5.38
11853,7.24,2.51,5.41
11868,7.33,2.5,5.44
11883,7.28,2.49,5.47
11898,6.64,2.48,5.48
11913,7.1,2.48,5.51
11928,7.74,2.47,5.54
11943,7.72,2.45,5.57
11958,8.01,2.42,5.59
11973,7.54,2.38,5.59
11988,7.93,2.33,5.58
12003,7.78,2.27,5.57
12018,8.22,2.19,5.55
12033,7.71,2.09,5.49
12048,7.32,1.96,5.4
12063,5.21,1.84,5.28
12078,6.59,1.71,5.17
12093,7.15,1.49,5
12108,6.67,1.13,4.68
12123,4.05,0.68,4.23
12138,0.12,0.22,3.69
12153,1.75,-0.22,3.22
12168,1.36,-0.61,2.8
12183,1.8,-0.98,2.42
12198,1.29,-1.33,2.06
12213,0.78,-1.64,1.72
12228,0.6,-1.94,1.41
12243,0.41,-2.23,1.11
12258,0.32,-2.52,0.81
12273,-0.72,-2.83,0.47
12288,-2.19,-3.2,0.06
12303,-2.59,-3.65,-0.43
12318,-3.6,-4.17,-1.01
12333,-4.42,-4.77,-1.67
12348,-4.15,-5.44,-2.38
12363,-6.13,-6.15,-3.14
12378,-5.52,-6.85,-3.88
12393,-7.19,-7.57,-4.65
12408,-7.23,-8.29,-5.41
12423,-7,-9.01,-6.14
12438,-8.01,-9.7,-6.85
12453,-8.62,-10.35,-7.53
12468,-9.43,-11.02,-8.22
12483,-10.98,-11.72,-8.96
12498,-11.13,-12.4,-9.67
12513,-12.05,-13.05,-10.36
12528,-13.47,-13.7,-11.06
12543,-13.48,-14.36,-11.76
12558,-12.98,-15.03,-12.43
12573,-13.92,-15.67,-13.09
12588,-13.45,-16.26,-13.68
12603,-13.63,-16.78,-14.19
12618,-14.7,-17.21,-14.62
12633,-16.74,-17.61,-15.05
12648,-18.26,-18.05,-15.54
12663,-18.85,-18.52,-16.07
12678,-19.16,-19.03,-16.64
12693,-18.87,-19.57,-17.21
12708,-18.37,-20.11,-17.77
12723,-17.97,-20.59,-18.23
12738,-19.15,-21.01,-18.66
12753,-20.56,-21.41,-19.1
12768,-22.04,-21.81,-19.55
12783,-22.42,-22.23,-20.02
12798,-23.28,-22.69,-20.53
12813,-23.69,-23.2,-21.09
12828,-23.36,-23.73,-21.66
12843,-22.31,-24.26,-22.2
12858,-22.21,-24.77,-22.69
12873,-22.39,-25.21,-23.12
12888,-24.38,-25.63,-23.55
12903,-24.84,-26.04,-23.98
12918,-26.26,-26.46,-24.44
12933,-27.33,-26.9,-24.93
12948,-27.42,-27.39,-25.46
12963,-26.44,-27.89,-25.97
12978,-25.93,-28.37,-26.43
12993,-26.66,-28.8,-26.86
13008,-28.28,-29.22,-27.31
13023,-28.64,-29.67,-27.77
13038,-29.01,-30.13,-28.25
13053,-29.46,-30.61,-28.74
13068,-29.42,-31.11,-29.25
13083,-29.41,-31.61,-29.74
13098,-29.87,-32.12,-30.24
13113,-29.36,-32.61,-30.7
13128,-30.13,-33.06,-31.13
13143,-31.25,-33.51,-31.58
13158,-32.98,-33.95,-32.04
13173,-34.52,-34.42,-32.55
13188,-34.33,-34.94,-33.09
13203,-35.01,-35.48,-33.66
13218,-35.54,-36.04,-34.24
13233,-35.47,-36.62,-34.84
13248,-35.54,-37.2,-35.42
13263,-35.75,-37.78,-36
13278,-36.19,-38.37,-36.58
13293,-36.37,-38.97,-37.16
13308,-35.96,-39.55,-37.71
13323,-36.11,-40.11,-38.23
13338,-37.2,-40.64,-38.72
13353,-37.66,-41.14,-39.19
13368,-39.09,-41.62,-39.66
13383,-40.31,-42.1,-40.15
13398,-41.32,-42.61,-40.66
13413,-41.05,-43.12,-41.17
13428,-40.22,-43.59,-41.62
13443,-40.08,-44.02,-42
13458,-41.03,-44.38,-42.34
13473,-43.39,-44.71,-42.68
13488,-45.25,-45.03,-43.05
13503,-46.47,-45.4,-43.48
13518,-41.68,-45.73,-43.77
13533,-44.71,-46.07,-44.12
13548,-44.39,-46.4,-44.44
13563,-44.19,-46.71,-44.75
13578,-46.46,-47.01,-45.07
13593,-47.27,-47.33,-45.43
13608,-47.39,-47.67,-45.8
13623,-46.03,-48.03,-46.16
13638,-45.62,-48.39,-46.5
13653,-46.89,-48.74,-46.85
13668,-46.64,-49.09,-47.19
13683,-47.52,-49.45,-47.55
13698,-48.87,-49.83,-47.95
13713,-51.48,-50.26,-48.45
13728,-49.7,-50.75,-48.95
13743,-49.53,-51.27,-49.47
13758,-47.81,-51.79,-49.95
13773,-46.9,-52.24,-50.33
13788,-49.72,-52.68,-50.75
13803,-48.51,-53.08,-51.09
13818,-51.33,-53.46,-51.47
13833,-51.48,-53.86,-51.86
13848,-53.22,-54.28,-52.3
13863,-53.18,-54.72,-52.75
13878,-52.54,-55.2,-53.21
13893,-51.13,-55.63,-53.59
13908,-53.23,-56.03,-53.98
13923,-54.39,-56.43,-54.38
13938,-54.44,-56.82,-54.76
13953,-54.05,-57.17,-55.09
13968,-54.67,-57.49,-55.4
13983,-55.72,-57.81,-55.72
13998,-55.08,-58.12,-56.01
14013,-55.71,-58.43,-56.31
14028,-58.18,-58.72,-56.63
14043,-58.89,-59.06,-57.01
14058,-56.72,-59.39,-57.32
14073,-58.13,-59.72,-57.66
14088,-56.76,-60.02,-57.94
14103,-57.07,-60.29,-58.19
14118,-59.8,-60.56,-58.48
14133,-60.37,-60.83,-58.79
14148,-59.85,-61.12,-59.09
14163,-58.08,-61.4,-59.35
14178,-56.63,-61.65,-59.53
14193,-55.88,-61.84,-59.65
14208,-59.06,-61.98,-59.77
14223,-59.59,-62.09,-59.88
14238,-60.24,-62.17,-59.96
14253,-61.18,-62.25,-60.07
14268,-60.59,-62.33,-60.15
14283,-60.45,-62.4,-60.24
14298,-59.38,-62.46,-60.28
14313,-59.92,-62.52,-60.32
14328,-59.79,-62.55,-60.35
14343,-60.66,-62.58,-60.38
14358,-60.5,-62.61,-60.41
14373,-60.54,-62.64,-60.44
14388,-60.72,-62.67,-60.48
14403,-60.65,-62.72,-60.53
14418,-60.39,-62.77,-60.58
14433,-60.85,-62.83,-60.64
14448,-61.35,-62.9,-60.72
14463,-61.21,-62.99,-60.82
14478,-59.77,-63.06,-60.86
14493,-60.41,-63.12,-60.92
14508,-61.15,-63.19,-61
14523,-60.84,-63.25,-61.05
14538,-61.77,-63.33,-61.14
14553,-62.41,-63.4,-61.24
14568,-61.73,-63.5,-61.34
14583,-61.09,-63.6,-61.43
14598,-60.44,-63.67,-61.49
14613,-60.76,-63.75,-61.55
14628,-60.39,-63.83,-61.61
14643,-60.84,-63.9,-61.65
14658,-60.99,-63.95,-61.7
14673,-62.12,-64.01,-61.76
14688,-61.05,-64.07,-61.8
14703,-62.05,-64.12,-61.86
14718,-61.99,-64.18,-61.92
14733,-61.82,-64.24,-61.97
14748,-61.56,-64.29,-62.02
14763,-61.56,-64.35,-62.06
14778,-61.72,-64.41,-62.11
14793,-61.72,-64.46,-62.16
14808,-62.28,-64.51,-62.21
14823,-62.05,-64.56,-62.25
14838,-61.87,-64.6,-62.29
14853,-62.26,-64.65,-62.33
14868,-61.79,-64.69,-62.36
14883,-62.19,-64.72,-62.39
14898,-62.37,-64.74,-62.41
14913,-62.45,-64.76,-62.43
14928,-62.82,-64.78,-62.46
14943,-62.53,-64.81,-62.49
14958,-62.02,-64.83,-62.5
14973,-62.54,-64.86,-62.53
14988,-63.02,-64.89,-62.57
15003,-62.54,-64.92,-62.59
15018,-62.55,-64.94,-62.62
15033,-62.93,-64.97,-62.66
15048,-62.67,-65.01,-62.69
15063,-62.73,-65.04,-62.72
15078,-62.62,-65.08,-62.76
15093,-61.84,-65.12,-62.78
15108,-63.11,-65.15,-62.82
15123,-62.16,-65.17,-62.82
15138,-62.95,-65.19,-62.85
15153,-63.21,-65.22,-62.88
15168,-62.69,-65.25,-62.9
15183,-63.21,-65.28,-62.94
15198,-63.41,-65.32,-62.99
15213,-63.26,-65.36,-63.04
15228,-62.96,-65.42,-63.09
15243,-62.44,-65.47,-63.13
15258,-62.49,-65.51,-63.16
15273,-62.43,-65.56,-63.19
15288,-63.63,-65.59,-63.23
15303,-64.17,-65.64,-63.29
15318,-63.87,-65.69,-63.35
15333,-62.62,-65.73,-63.38
15348,-63.26,-65.77,-63.42
15363,-63.1,-65.81,-63.45
15378,-62.95,-65.84,-63.47
15393,-63.6,-65.87,-63.5
15408,-63.54,-65.9,-63.53
15423,-63.67,-65.92,-63.56
15438,-62.46,-65.93,-63.55
15453,-63.75,-65.96,-63.57
15468,-63.54,-65.97,-63.58
15483,-63.69,-65.99,-63.6
15498,-63.37,-66,-63.61
15513,-63.01,-65.99,-63.59
15528,-63.71,-65.98,-63.58
15543,-63.84,-65.96,-63.57
15558,-65.13,-65.95,-63.59
15573,-63.62,-65.94,-63.58
15588,-63.63,-65.93,-63.58
15603,-63.24,-65.94,-63.58
15618,-63.69,-65.96,-63.59
15633,-63.98,-65.97,-63.62
15648,-63.83,-65.99,-63.64
15663,-63.51,-66.01,-63.66
15678,-63.91,-66.03,-63.68
15693,-63.79,-66.06,-63.71
15708,-64,-66.07,-63.73
15723,-63.43,-66.1,-63.75
15738,-63.59,-66.12,-63.76
15753,-63.31,-66.13,-63.77
15768,-63.88,-66.15,-63.79
15783,-62.08,-66.17,-63.77
15798,-64.19,-66.18,-63.79
15813,-63.61,-66.19,-63.8
15828,-63.03,-66.19,-63.79
15843,-62.74,-66.18,-63.76
15858,-63,-66.16,-63.71
15873,-63.67,-66.12,-63.68
15888,-64.93,-66.1,-63.68
15903,-64.46,-66.09,-63.69
15918,-62.95,-66.09,-63.67
15933,-63.35,-66.08,-63.66
15948,-63.9,-66.08,-63.66
15963,-64.22,-66.06,-63.65
15978,-64.04,-66.05,-63.65
15993,-63.98,-66.04,-63.65
16008,-63.43,-66.04,-63.64
16023,-64.28,-66.03,-63.65
16038,-63.54,-66.04,-63.65
16053,-63.18,-66.04,-63.64
16068,-63.65,-66.04,-63.65
16083,-63.85,-66.04,-63.65
16098,-63.51,-66.04,-63.65
16113,-63.28,-66.03,-63.63
16128,-63.1,-66.01,-63.6
16143,-63.26,-65.98,-63.56
16158,-62.74,-65.94,-63.51
16173,-63.62,-65.91,-63.48
16188,-63.88,-65.88,-63.46
16203,-64,-65.86,-63.46
16218,-63.9,-65.85,-63.45
16233,-63.7,-65.84,-63.44
16248,-62.22,-65.83,-63.41
16263,-62.6,-65.81,-63.38
16278,-63.11,-65.79,-63.35
16293,-64.33,-65.78,-63.36
16308,-63.89,-65.77,-63.36
16323,-63.66,-65.76,-63.36
16338,-63.22,-65.76,-63.35
16353,-63.33,-65.76,-63.35
16368,-63.4,-65.76,-63.35
16383,-63.6,-65.76,-63.36
16398,-63.79,-65.75,-63.36
16413,-63.96,-65.75,-63.37
16428,-62.75,-65.75,-63.36
16443,-63.84,-65.76,-63.38
16458,-63.18,-65.77,-63.38
16473,-63.06,-65.77,-63.38
16488,-63.45,-65.77,-63.38
16503,-62.93,-65.78,-63.37
16518,-62.71,-65.77,-63.36
16533,-63.13,-65.76,-63.34
16548,-63.53,-65.75,-63.33
16563,-63.42,-65.74,-63.32
16578,-63.13,-65.72,-63.31
16593,-64.15,-65.71,-63.31
16608,-63.21,-65.71,-63.31
16623,-63.13,-65.7,-63.3
16638,-62.19,-65.69,-63.26
16653,-63.72,-65.67,-63.25
16668,-63.37,-65.65,-63.24
16683,-63.29,-65.63,-63.22
16698,-63.1,-65.6,-63.19
16713,-63.22,-65.57,-63.15
16728,-63.17,-65.53,-63.11
16743,-63.34,-65.48,-63.07
16758,-63.5,-65.45,-63.05
16773,-63.43,-65.41,-63.02
16788,-64.39,-65.39,-63.02
16803,-64.79,-65.39,-63.06
16818,-63.77,-65.41,-63.1
16833,-61.97,-65.42,-63.09
16848,-62.71,-65.42,-63.08
16863,-62.68,-65.41,-63.06
16878,-62.11,-65.4,-63.03
16893,-63.01,-65.39,-63.02
16908,-63.37,-65.38,-63.02
16923,-63.54,-65.38,-63.03
16938,-62.48,-65.37,-63.01
16953,-62.56,-65.37,-63
16968,-61.89,-65.35,-62.95
16983,-61.4,-65.31,-62.89
16998,-62.02,-65.25,-62.81
17013,-62.31,-65.19,-62.74
17028,-64.19,-65.13,-62.71
17043,-63.57,-65.09,-62.69
17058,-62.74,-65.04,-62.64
17073,-62.76,-65,-62.6
17088,-61.89,-64.95,-62.54
17103,-62.71,-64.9,-62.5
17118,-62.25,-64.87,-62.46
17133,-62.71,-64.84,-62.44
17148,-62.95,-64.82,-62.43
17163,-62.74,-64.79,-62.41
17178,-62.73,-64.77,-62.39
17193,-62.32,-64.74,-62.36
17208,-62.01,-64.69,-62.31
17223,-62.22,-64.64,-62.25
17238,-61.15,-64.57,-62.16
17253,-60.49,-64.48,-62.04
17268,-59.85,-64.34,-61.86
17283,-58.3,-64.15,-61.61
17298,-58.11,-63.88,-61.27
17313,-56.72,-63.52,-60.83
17328,-61.98,-63.13,-60.47
17343,-65.91,-62.77,-60.22
17358,-69.75,-62.51,-60.15
17373,-62.57,-62.29,-59.99
17388,-58.46,-62.08,-59.75
17403,-57.84,-61.85,-59.49
17418,-56.48,-61.57,-59.16
17433,-59.01,-61.29,-58.88
17448,-58.96,-61.01,-58.61
17463,-58.91,-60.73,-58.34
17478,-60.25,-60.49,-58.14
17493,-59.16,-60.28,-57.95
17508,-58.69,-60.08,-57.77
17523,-58.08,-59.9,-57.6
17538,-57.06,-59.72,-57.42
17553,-55.78,-59.53,-57.2
17568,-54.15,-59.29,-56.9
17583,-56.12,-59,-56.6
17598,-57.69,-58.72,-56.34
17613,-56.75,-58.43,-56.07
17628,-56.5,-58.14,-55.8
17643,-57.86,-57.86,-55.57
17658,-55.44,-57.55,-55.26
17673,-55.16,-57.23,-54.94
17688,-52.85,-56.87,-54.55
17703,-53.15,-56.49,-54.15
17718,-52.59,-56.06,-53.7
17733,-54.62,-55.62,-53.28
17748,-53.9,-55.16,-52.84
17763,-53.89,-54.69,-52.41
17778,-52.88,-54.21,-51.94
17793,-51.51,-53.68,-51.41
17808,-52.26,-53.13,-50.9
17823,-51.82,-52.58,-50.37
17838,-50.28,-51.98,-49.79
17853,-51.5,-51.36,-49.21
17868,-49.75,-50.72,-48.59
17883,-47.54,-50.05,-47.91
17898,-45.12,-49.33,-47.16
17913,-43.38,-48.55,-46.31
17928,-43.07,-47.67,-45.38
17943,-45.52,-46.68,-44.41
17958,-47.09,-45.69,-43.5
17973,-44.56,-44.73,-42.58
17988,-43.16,-43.81,-41.69
18003,-43.01,-42.92,-40.85
18018,-43.52,-42.09,-40.08
18033,-40.64,-41.29,-39.31
18048,-40.6,-40.54,-38.6
18063,-38.26,-39.82,-37.89
18078,-37.77,-39.11,-37.2
18093,-36.93,-38.44,-36.54
18108,-36.4,-37.79,-35.9
18123,-35.12,-37.15,-35.25
18138,-33.39,-36.5,-34.58
18153,-32.74,-35.82,-33.87
18168,-32.68,-35.13,-33.17
18183,-31.43,-34.45,-32.47
18198,-28.62,-33.61,-31.57
18213,-32.86,-32.73,-30.74
18228,-33.68,-31.91,-29.99
18243,-31.69,-31.16,-29.29
18258,-30.13,-30.48,-28.64
18273,-28.73,-29.85,-28.02
18288,-28.95,-29.27,-27.47
18303,-31.11,-28.69,-26.98
18318,-27.6,-28.1,-26.41
18333,-27.45,-27.61,-25.95
18348,-27.14,-27.19,-25.56
18363,-24.64,-26.88,-25.24
18378,-22.64,-26.56,-24.88
18393,-21.05,-26.11,-24.36
18408,-20.16,-25.55,-23.73
18423,-21.01,-24.92,-23.06
18438,-21.05,-24.25,-22.36
18453,-23.51,-23.52,-21.66
18468,-25.9,-22.87,-21.11
18483,-25.81,-22.34,-20.69
18498,-25.41,-21.93,-20.38
18513,-23.73,-21.61,-20.14
18528,-19.5,-21.35,-19.87
18543,-16.33,-21.02,-19.47
18558,-16.69,-20.51,-18.92
18573,-16.47,-19.8,-18.18
18588,-17.24,-19.05,-17.42
18603,-17.85,-18.28,-16.67
18618,-18.19,-17.53,-15.96
18633,-17.98,-16.88,-15.37
18648,-17.95,-16.32,-14.87
18663,-15.4,-15.77,-14.35
18678,-15.64,-15.23,-13.84
18693,-13.49,-14.64,-13.26
18708,-13.96,-14.08,-12.72
18723,-13.98,-13.58,-12.26
18738,-12.51,-13.13,-11.82
18753,-12.85,-12.71,-11.43
18768,-13.32,-12.29,-11.06
18783,-14.07,-11.87,-10.71
18798,-11.38,-11.56,-10.41
18813,-10.2,-11.33,-10.19
18828,-9.67,-11.09,-9.94
18843,-8.82,-10.75,-9.58
18858,-10.14,-10.34,-9.19
18873,-10.42,-9.92,-8.8
18888,-9.04,-9.58,-8.47
18903,-10.44,-9.31,-8.25
18918,-9.73,-9.11,-8.08
18933,-8.35,-8.97,-7.95
18948,-6.98,-8.87,-7.84
18963,-6.26,-8.72,-7.66
18978,-8.07,-8.52,-7.47
18993,-8.12,-8.27,-7.23
19008,-8.41,-8.02,-7.01
19023,-8.28,-7.83,-6.86
19038,-6.63,-7.7,-6.72
19053,-6.42,-7.59,-6.61
19068,-6.95,-7.46,-6.49
19083,-6.71,-7.34,-6.37
19098,-6.98,-7.23,-6.28
19113,-7.37,-7.14,-6.22
19128,-6.85,-7.06,-6.15
19143,-6.74,-7,-6.1
19158,-3.11,-6.76,-5.8
19173,-5.61,-6.58,-5.62
19188,-6.69,-6.38,-5.45
19203,-6.25,-6.15,-5.24
19218,-6.17,-5.92,-5.04
19233,-4.97,-5.7,-4.82
19248,-4.95,-5.52,-4.64
19263,-4.52,-5.37,-4.49
19278,-3.75,-5.23,-4.34
19293,-5.84,-5.08,-4.23
19308,-3.22,-4.89,-4.02
19323,-4.92,-4.67,-3.83
19338,-4.08,-4.41,-3.57
19353,-4.43,-4.13,-3.31
19368,-2.2,-3.87,-3.04
19383,-2.54,-3.63,-2.79
19398,-2.95,-3.4,-2.57
19413,-4.69,-3.13,-2.35
19428,-2.35,-2.82,-2.04
19443,-2.04,-2.48,-1.71
19458,-1.7,-2.12,-1.36
19473,-1.31,-1.75,-0.99
19488,-1.44,-1.37,-0.63
19503,-1.1,-0.99,-0.27
19518,-0.28,-0.61,0.1
19533,-0.62,-0.25,0.45
19548,1.4,0.08,0.78
19563,0.36,0.35,1.05
19578,1.81,0.53,1.23
19593,0.67,0.54,1.23
19608,2.15,0.53,1.24
19623,0.39,0.56,1.25
19638,0.14,0.62,1.29
19653,0.78,0.65,1.3
19668,0.88,0.67,1.32
19683,1.02,0.68,1.32
19698,1.37,0.69,1.33
19713,1.34,0.71,1.35
19728,0.96,0.75,1.38
19743,1.62,0.8,1.44
19758,1.28,0.86,1.49
19773,1.37,0.91,1.54
19788,1.66,0.9,1.53
19803,1.11,0.91,1.53
19818,1.23,0.92,1.53
19833,1.56,0.91,1.53
19848,1.31,0.91,1.53
19863,0.31,0.95,1.54
19878,1.27,0.94,1.52
19893,1.55,0.94,1.52
19908,1.97,0.93,1.53
19923,1.94,0.93,1.53
19938,2.21,0.91,1.53
19953,2.97,0.9,1.54
19968,2.81,0.89,1.56
19983,1.76,0.87,1.55
19998,-3.34,0.87,1.44
20013,-0.54,0.86,1.39
20028,1.67,0.85,1.39
20043,1.61,0.85,1.4
20058,1.31,0.85,1.4
20073,1.3,0.85,1.4
20088,1.5,0.85,1.4
20103,1.25,0.85,1.39
20118,1.4,0.85,1.4
20133,1.5,0.85,1.4
20148,1.24,0.85,1.4
20163,1.37,0.85,1.4
20178,1.39,0.86,1.4
20193,1.27,0.85,1.39
20208,1.28,0.85,1.39
20223,1.42,0.85,1.39
20238,1.31,0.85,1.38
20253,1.34,0.85,1.38
20268,1.42,0.85,1.39
20283,1.51,0.85,1.39
20298,1.45,0.86,1.39
20313,1.42,0.86,1.4
20328,1.49,0.86,1.4
20343,1.23,0.86,1.39
20358,1.23,0.86,1.4
20373,1.44,0.86,1.4
20388,1.43,0.86,1.4
20403,1.38,0.86,1.4
20418,1.32,0.86,1.4
20433,1.35,0.86,1.39
20448,1.41,0.86,1.39
20463,1.35,0.86,1.39
20478,1.45,0.85,1.39
20493,1.17,0.85,1.38
20508,1.32,0.85,1.38
20523,1.32,0.85,1.38
20538,1.47,0.85,1.38
20553,1.57,0.85,1.39
20568,1.16,0.85,1.38
20583,1.41,0.85,1.38
20598,1.45,0.85,1.38
20613,1.29,0.85,1.38
20628,1.14,0.86,1.38
20643,1.14,0.86,1.38
20658,1.31,0.86,1.38
20673,1.36,0.86,1.38
20688,1.38,0.86,1.38
20703,1.46,0.86,1.38
20718,1.28,0.86,1.38
20733,1.59,0.86,1.38
20748,1.38,0.86,1.38
20763,1.38,0.86,1.38
20778,1.55,0.85,1.38
20793,1.37,0.86,1.38
20808,1.42,0.85,1.38
20823,1.32,0.85,1.38
20838,1.45,0.86,1.38
20853,1.36,0.86,1.39
20868,1.48,0.86,1.39
20883,1.47,0.86,1.39
20898,1.22,0.86,1.39
20913,1.5,0.86,1.39
20928,1.47,0.86,1.39
20943,1.46,0.86,1.39
20958,1.46,0.86,1.39
20973,1.28,0.86,1.39
20988,1.53,0.86,1.39
21003,1.26,0.86,1.39
21018,1.25,0.86,1.38
21033,1.41,0.86,1.39
21048,1.44,0.86,1.39
21063,1.43,0.86,1.39
21078,1.32,0.86,1.39
21093,1.67,0.86,1.4
21108,1.21,0.86,1.39
21123,1.45,0.86,1.39
21138,1.33,0.86,1.39
21153,1.23,0.86,1.39
21168,1.34,0.86,1.39
21183,1.28,0.87,1.39
21198,1.41,0.87,1.39
21213,1.47,0.86,1.39
21228,1.3,0.86,1.39
21243,1.28,0.86,1.38
21258,1.31,0.86,1.38
21273,1.37,0.86,1.38
21288,1.42,0.86,1.38
21303,1.59,0.85,1.38
21318,1.39,0.85,1.38
21333,1.18,0.86,1.38
21348,1.64,0.86,1.38
21363,1.45,0.86,1.38
21378,1.61,0.86,1.39
21393,1.24,0.86,1.39
21408,1.35,0.85,1.38
21423,1.38,0.85,1.38
21438,1.22,0.85,1.38
21453,1.47,0.85,1.38
21468,1.43,0.85,1.38
21483,1.2,0.85,1.37
21498,1.46,0.85,1.38
21513,1.23,0.85,1.38
21528,1.27,0.85,1.37
21543,1.4,0.85,1.37
21558,1.36,0.85,1.37
21573,1.41,0.85,1.37
21588,1.61,0.85,1.37
21603,1.27,0.84,1.37
21618,1.21,0.84,1.37
21633,1.23,0.85,1.37
21648,1.24,0.85,1.36
21663,1.41,0.85,1.37
21678,1.37,0.85,1.36
21693,1.3,0.85,1.36
21708,1.25,0.85,1.37
21723,1.3,0.85,1.37
21738,1.43,0.85,1.37
21753,1.34,0.85,1.37
21768,1.53,0.85,1.37
21783,1.3,0.85,1.37
21798,1.31,0.85,1.36
21813,1.39,0.85,1.37
21828,1.36,0.85,1.37
21843,1.43,0.85,1.37
21858,1.24,0.85,1.37
21873,1.37,0.85,1.36
21888,1.14,0.85,1.36
21903,1.51,0.85,1.36
21918,1.27,0.85,1.36
21933,1.31,0.85,1.36
21948,1.51,0.85,1.36
21963,1.41,0.85,1.36
21978,1.39,0.85,1.37
21993,1.25,0.85,1.36
22008,1.4,0.85,1.36
22023,1.42,0.85,1.36
22038,1.36,0.85,1.36
22053,1.36,0.85,1.36
22068,1.19,0.85,1.36
22083,1.24,0.85,1.36
22098,1.44,0.85,1.36
22113,1.29,0.85,1.36
22128,1.45,0.85,1.36
22143,1.35,0.85,1.36
22158,1.14,0.85,1.36
22173,1.45,0.86,1.36
22188,1.24,0.86,1.36
22203,1.28,0.86,1.36
22218,1.44,0.86,1.36
22233,1.21,0.86,1.36
22248,1.35,0.86,1.36
22263,1.46,0.86,1.36
22278,1.31,0.86,1.36
22293,1.24,0.86,1.36
22308,1.33,0.86,1.36
22323,1.54,0.86,1.36
22338,1.45,0.86,1.36
22353,1.39,0.86,1.36
22368,1.19,0.86,1.36
22383,1.22,0.86,1.36
22398,1.47,0.86,1.36
22413,1.24,0.86,1.36
22428,1.24,0.86,1.36
22443,1.32,0.86,1.36
22458,1.39,0.86,1.36
22473,1.29,0.87,1.36
22488,1.39,0.87,1.36
22503,1.49,0.87,1.36
22518,1.14,0.86,1.36
22533,1.27,0.86,1.36
22548,1.46,0.87,1.36
22563,1.56,0.87,1.37
22578,1.4,0.87,1.37
22593,1.44,0.87,1.37
22608,1.35,0.87,1.37
22623,1.35,0.87,1.37
22638,1.38,0.87,1.37
22653,1.51,0.86,1.36
22668,1.17,0.86,1.36
22683,1.38,0.87,1.36
22698,1.16,0.87,1.37
22713,1.55,0.86,1.35
22728,1.29,0.85,1.35
22743,1.38,0.85,1.35
22758,1.49,0.85,1.35
22773,1.36,0.85,1.35
22788,1.13,0.84,1.34
22803,1.11,0.85,1.34
22818,1.65,0.85,1.35
22833,1.15,0.84,1.34
22848,1.2,0.86,1.35
22863,1.51,0.85,1.34
22878,1.16,0.85,1.34
22893,1.31,0.85,1.34
22908,1.26,0.84,1.33
22923,1.44,0.84,1.33
22938,1.44,0.84,1.34
22953,1.12,0.85,1.34
22968,1.48,0.84,1.34
22983,1.08,0.84,1.33
22998,-0.51,0.84,1.29
23013,0.09,0.83,1.26
23028,1.8,0.83,1.26
23043,2.69,0.83,1.3
23058,0.92,0.84,1.3
23073,2.18,0.84,1.32
23088,1.72,0.84,1.33
23103,0.63,0.84,1.31
23118,0.74,0.83,1.29
23133,0.03,0.82,1.26
23148,1.69,0.84,1.28
23163,1.15,0.85,1.29
23178,1.89,0.85,1.3
23193,2.12,0.85,1.32
23208,2.22,0.86,1.34
23223,1.47,0.87,1.35
23238,-0.16,0.9,1.36
23253,1.02,0.97,1.42
23268,2.61,1.07,1.54
23283,1.89,1.19,1.67
23298,1.15,1.38,1.84
23313,3.28,1.64,2.12
23328,3.84,2,2.51
23343,2.98,2.47,2.98
23358,2.62,3.01,3.5
23373,3.59,3.53,4.01
23388,4.89,3.99,4.48
23403,6.04,4.36,4.88
23418,5.69,4.68,5.21
23433,5.37,5.02,5.54
23448,5.9,5.41,5.93
23463,6.68,5.85,6.38
23478,6.68,6.35,6.88
23493,6.55,6.9,7.4
23508,7.05,7.43,7.92
23523,9.17,7.85,8.36
23538,9.57,8.16,8.68
23553,10.13,8.4,8.95
23568,9.75,8.67,9.23
23583,9.89,9.03,9.6
23598,9.51,9.46,10.01
23613,10.68,9.92,10.48
23628,11.35,10.36,10.93
23643,11.35,10.8,11.37
23658,11.7,11.27,11.83
23673,11.74,11.75,12.31
23688,12.03,12.24,12.78
23703,13.12,12.72,13.25
23718,12.97,13.21,13.73
23733,12.97,13.78,14.27
23748,13.1,14.41,14.87
23763,14.92,15.04,15.48
23778,15.98,15.64,16.09
23793,15.63,16.26,16.68
23808,16.3,16.9,17.3
23823,17.11,17.5,17.89
23838,18.27,18.05,18.43
23853,17.67,18.59,18.95
23868,17.6,19.25,19.57
23883,16.35,20,20.24
23898,22.91,20.73,21
23913,19.48,21.37,21.6
23928,21.34,21.92,22.14
23943,21.71,22.39,22.59
23958,22.28,22.79,22.97
23973,19.7,23.17,23.28
23988,24.51,23.59,23.72
24003,24.05,23.99,24.12
24018,24.69,24.36,24.49
24033,25.89,24.63,24.78
24048,24.54,24.87,25.02
24063,24.31,25.1,25.23
24078,25.88,25.28,25.42
24093,24.3,25.45,25.55
24108,24.16,25.64,25.72
24123,24.67,25.82,25.87
24138,24.26,25.97,25.99
24153,23.13,26.21,26.16
24168,24.96,26.48,26.4
24183,26.77,26.67,26.59
24198,27.25,26.75,26.69
24213,25.16,26.82,26.72
24228,25.84,26.9,26.79
24243,25.83,26.99,26.85
24258,25.2,27.08,26.92
24273,24.85,27.23,27.02
24288,25.32,27.43,27.18
24303,27.49,27.61,27.36
24318,27.71,27.74,27.5
24333,27.27,27.87,27.62
24348,26.8,28.03,27.76
24363,26.59,28.24,27.94
24378,27.05,28.5,28.18
24393,28.72,28.73,28.42
24408,29.42,28.94,28.64
24423,28.83,29.14,28.85
24438,29.44,29.34,29.05
24453,29.51,29.53,29.24
24468,30.05,29.7,29.43
24483,29.56,29.87,29.6
24498,27.99,30.05,29.75
24513,30.05,30.24,29.93
24528,30.7,30.37,30.07
24543,29.91,30.5,30.2
24558,31.76,30.63,30.36
24573,30.72,30.64,30.38
24588,28.71,30.72,30.42
24603,29.72,30.82,30.51
24618,30.78,31,30.68
24633,29.45,31.18,30.83
24648,31,31.35,31.01
24663,31.41,31.48,31.15
24678,30.79,31.61,31.26
24693,30.44,31.72,31.35
24708,31.23,31.85,31.48
24723,30.66,31.98,31.59
24738,30.51,32.09,31.67
24753,31.5,32.16,31.75
24768,31.57,32.2,31.78
24783,31.25,32.27,31.84
24798,31.39,32.33,31.89
24813,31.39,32.36,31.91
24828,31.6,32.39,31.93
24843,31.35,32.41,31.93
24858,32.27,32.43,31.97
24873,31.72,32.46,31.99
24888,32.13,32.5,32.03
24903,32.73,32.54,32.08
24918,31.95,32.57,32.11
24933,32.71,32.61,32.16
24948,33.04,32.66,32.23
24963,32.49,32.74,32.31
24978,32.15,32.82,32.38
24993,31.38,32.87,32.41
25008,33.27,32.92,32.48
25023,32.75,32.97,32.54
25038,32.05,33.02,32.57
25053,32.78,33.04,32.6
25068,33.35,33.06,32.63
25083,32.3,33.07,32.64
25098,30.93,33.06,32.59
25113,36.07,33.11,32.71
25128,33.6,33.14,32.76
25143,32.65,33.21,32.83
25158,33.04,33.28,32.9
25173,31.85,33.35,32.95
25188,34.95,33.41,33.04
25203,33.23,33.42,33.06
25218,33.37,33.41,33.05
25233,32.49,33.39,33.02
25248,32.11,33.38,32.99
25263,32.75,33.38,32.99
25278,32.77,33.4,33.01
25293,32.79,33.43,33.04
25308,33.04,33.45,33.05
25323,33.35,33.47,33.08
25338,32.97,33.51,33.11
25353,32.82,33.54,33.14
25368,32.99,33.61,33.2
25383,31.94,33.69,33.26
25398,31.82,33.79,33.33
25413,33.11,33.88,33.41
25428,30.99,33.95,33.43
25443,32.1,34,33.45
25458,34.39,34.02,33.49
25473,34.08,34.04,33.52
25488,33.44,34.08,33.56
25503,33.88,34.17,33.65
25518,34.23,34.26,33.76
25533,33.39,34.3,33.79
25548,32.6,34.3,33.76
25563,33.36,34.27,33.72
25578,31.26,34.23,33.64
25593,31.62,34.28,33.65
25608,32.63,34.43,33.77
25623,32.96,34.65,33.97
25638,35.12,34.86,34.2
25653,36.23,35.05,34.43
25668,36.89,35.23,34.65
25683,36.39,35.4,34.85
25698,36.33,35.59,35.07
25713,37.44,35.73,35.25
25728,37.32,35.81,35.37
25743,38.46,35.84,35.46
25758,34.8,35.87,35.48
25773,35.3,35.93,35.54
25788,34.56,36.01,35.59
25803,36.22,36.09,35.69
25818,37.31,36.15,35.78
25833,36.24,36.2,35.84
25848,36.35,36.25,35.89
25863,36.53,36.29,35.94
25878,35.32,36.32,35.96
25893,35.97,36.36,36
25908,37.13,36.36,36.02
25923,37.47,36.33,36.02
25938,36.88,36.26,35.97
25953,35.32,36.18,35.88
25968,35.14,36.12,35.8
25983,36.17,36.1,35.8
25998,35.42,36.09,35.78
26013,36.29,36.05,35.75
26028,35.89,35.96,35.67
26043,36.04,35.86,35.57
26058,37.78,35.72,35.48
26073,34.61,35.6,35.34
26088,30.88,35.56,35.21
26103,31.68,35.92,35.5
26118,37.06,36.38,35.98
26133,39.06,36.64,36.29
26148,37.18,36.73,36.4
26163,35.82,36.79,36.45
26178,34.94,36.94,36.57
26193,34.51,37.18,36.76
26208,34.43,37.48,37.01
26223,37.78,37.78,37.32
26238,37.39,38.07,37.6
26253,37.77,38.38,37.91
26268,37.16,38.72,38.23
26283,37.51,39.11,38.59
26298,37.48,39.53,38.99
26313,38.7,39.95,39.4
26328,40.05,40.35,39.8
26343,40.22,40.71,40.16
26358,37.48,41.05,40.44
26373,43.48,41.41,40.85
26388,39.91,41.78,41.19
26403,43.77,42.12,41.58
26418,43.36,42.41,41.9
26433,43.93,42.63,42.16
26448,42.42,42.86,42.38
26463,41.17,43.15,42.64
26478,42.63,43.51,42.99
26493,42.94,43.9,43.38
26508,44.61,44.28,43.78
26523,46.54,44.59,44.14
26538,46.78,44.79,44.39
26553,46.44,44.89,44.53
26568,44.14,44.93,44.56
26583,42.73,45.01,44.6
26598,41.06,45.19,44.7
26613,43.01,45.51,44.99
26628,43.04,45.93,45.35
26643,47.94,46.3,45.77
26658,48.5,46.54,46.06
26673,46.59,46.67,46.2
26688,47.03,46.72,46.27
26703,48.16,46.71,46.29
26718,37.85,46.72,46.13
26733,42.08,47.03,46.35
26748,41.29,47.7,46.91
26763,44.03,48.65,47.78
26778,48.3,49.64,48.77
26793,53.58,50.52,49.72
26808,56.03,51.16,50.48
26823,55.63,51.58,50.99
26838,53.97,51.84,51.3
26853,50.25,52.04,51.48
26868,49.28,52.3,51.69
26883,49.58,52.63,51.98
26898,50.28,53.05,52.35
26913,53.17,53.5,52.8
26928,54.71,53.92,53.26
26943,56.81,54.27,53.67
26958,57.09,54.54,54.01
26973,55.38,54.78,54.27
26988,53.91,55.02,54.49
27003,52.12,55.29,54.71
27018,56.03,55.56,55.01
27033,56.58,55.8,55.27
27048,56.9,56,55.5
27063,55.5,56.17,55.67
27078,56.04,56.32,55.82
27093,55.61,56.48,55.97
27108,56.35,56.63,56.13
27123,56.1,56.79,56.28
27138,55.33,56.95,56.42
27153,57.85,57.12,56.62
27168,58.01,57.25,56.77
27183,57.77,57.34,56.88
27198,56.73,57.44,56.97
27213,56.57,57.57,57.09
27228,56.99,57.71,57.23
27243,58,57.83,57.36
27258,58.2,57.94,57.49
27273,56.82,58.07,57.6
27288,56.03,58.23,57.72
27303,58.93,58.41,57.93
27318,58.51,58.58,58.11
27333,58.42,58.73,58.26
27348,59.07,58.87,58.41
27363,59.47,58.98,58.54
27378,60.27,59.07,58.66
27393,59.79,59.14,58.76
27408,59.82,59.18,58.82
27423,59.12,59.21,58.85
27438,57.76,59.27,58.89
27453,58.05,59.37,58.97
27468,59.33,59.49,59.09
27483,59.96,59.58,59.2
27498,59.88,59.65,59.29
27513,59.09,59.73,59.36
27528,60.01,59.82,59.46
27543,60.5,59.89,59.55
27558,60.08,59.96,59.63
27573,59.43,60.05,59.71
27588,60.44,60.14,59.81
27603,61.11,60.2,59.9
27618,59.49,60.27,59.96
27633,59.94,60.34,60.03
27648,59.91,60.42,60.1
27663,60.47,60.49,60.18
27678,61.25,60.53,60.24
27693,61.4,60.54,60.27
27708,61.19,60.53,60.28
27723,60.79,60.52,60.28
27738,59.97,60.54,60.29
27753,59.63,60.57,60.31
27768,60.12,60.62,60.35
27783,60.05,60.67,60.4
27798,60.32,60.7,60.43
27813,60.84,60.73,60.46
27828,60.02,60.77,60.5
27843,59.94,60.85,60.56
27858,60.8,60.94,60.65
27873,61.55,61.01,60.74
27888,62.16,61.11,60.87
27903,60.55,61.21,60.96
27918,61.54,61.27,61.03
27933,61.2,61.31,61.08
27948,60.46,61.39,61.14
27963,60.86,61.5,61.24
27978,62.37,61.59,61.35
27993,62.1,61.64,61.42
28008,61.62,61.68,61.46
28023,61.93,61.72,61.51
28038,61.95,61.77,61.57
28053,61.62,61.83,61.63
28068,62.15,61.89,61.7
28083,62.21,61.93,61.74
28098,62.63,61.94,61.77
28113,61.56,61.95,61.77
28128,61.92,61.96,61.79
28143,61.6,61.97,61.8
28158,61.65,62,61.82
28173,61.99,62.03,61.86
28188,63.06,62.05,61.9
28203,62.47,62.05,61.9
28218,61.98,62.04,61.9
28233,61.82,62.05,61.91
28248,61.86,62.07,61.93
28263,62.7,62.08,61.96
28278,62.74,62.06,61.95
28293,62.18,62.04,61.93
28308,61.53,62.05,61.93
28323,62.71,62.05,61.95
28338,62.59,62.04,61.95
28353,61.74,62.02,61.93
28368,61.97,62.02,61.93
28383,61.47,62.03,61.93
28398,62.29,62.03,61.94
28413,62.45,62.02,61.94
28428,62.24,62,61.93
28443,62.15,62,61.93
28458,61.31,62.02,61.94
28473,62.45,62.03,61.96
28488,62.62,62.01,61.95
28503,61.88,61.97,61.91
28518,61.19,61.95,61.87
28533,61.59,61.96,61.88
28548,62.51,61.97,61.9
28563,62.73,61.95,61.9
28578,62.87,61.91,61.88
28593,62.21,61.87,61.85
28608,61.79,61.84,61.82
28623,61.7,61.83,61.8
28638,61.85,61.82,61.79
28653,62.2,61.8,61.79
28668,61.75,61.77,61.75
28683,61.01,61.74,61.71
28698,61.95,61.71,61.68
28713,62.06,61.68,61.66
28728,61.99,61.64,61.63
28743,61.17,61.59,61.57
28758,61.44,61.55,61.53
28773,61.52,61.51,61.49
28788,62.15,61.46,61.46
28803,62.33,61.37,61.39
28818,62.36,61.25,61.28
28833,61.42,61.09,61.14
28848,60.46,60.96,60.99
28863,59.56,60.86,60.86
28878,60.49,60.76,60.76
28893,62.23,60.63,60.66
28908,62.34,60.44,60.5
28923,61.96,60.16,60.26
28938,60.12,59.83,59.93
28953,58.49,59.48,59.57
28968,57.29,59.18,59.23
28983,57.14,58.93,58.94
28998,60.21,58.63,58.67
29013,61.34,58.23,58.33
29028,57.09,57.76,57.85
29043,56.22,57.33,57.39
29058,52.8,56.93,56.91
29073,56.67,56.57,56.55
29088,57.04,56.17,56.17
29103,57.06,55.66,55.68
29118,56.99,55.04,55.1
29133,54.13,54.37,54.43
29148,52.5,53.74,53.77
29163,51.32,53.16,53.15
29178,52.81,52.59,52.59
29193,51.99,52.03,52.03
29208,50.33,51.51,51.48
29223,49.79,51.05,51
29238,51.43,50.63,50.6
29253,50.91,50.18,50.16
29268,51.36,49.68,49.7
29283,51.26,49.13,49.19
29298,49.99,48.54,48.62
29313,48.44,47.91,48
29328,46.13,47.31,47.38
29343,44.61,46.79,46.82
29358,44.27,46.37,46.35
29373,44.64,45.99,45.94
29388,46.92,45.57,45.56
29403,47.68,45.06,45.1
29418,47.16,44.45,44.54
29433,44.29,43.77,43.87
29448,42.9,43.08,43.17
29463,41.52,42.4,42.48
29478,39.46,41.76,41.79
29493,39,41.14,41.12
29508,39.26,40.52,40.48
29523,38.97,39.9,39.84
29538,38.5,39.26,39.19
29553,37.55,38.58,38.49
29568,36.26,37.82,37.7
29583,36.76,36.99,36.87
29598,35.39,36.11,35.97
29613,33.01,35.21,35.03
29628,32.94,34.28,34.08
29643,33.03,33.32,33.12
29658,30.91,32.3,32.08
29673,29.21,31.29,31.02
29688,28.61,30.3,30.01
29703,27.88,29.39,29.07
29718,26.57,28.52,28.17
29733,25.22,27.67,27.28
29748,26.04,26.8,26.4
29763,25.59,25.83,25.44
29778,23.95,24.78,24.38
29793,23.25,23.65,23.25
29808,22.09,22.43,22.03
29823,20.51,21.16,20.75
29838,19.4,19.85,19.44
29853,16.86,18.58,18.14
29868,15.45,17.42,16.95
29883,14.88,16.43,15.95
29898,13.94,15.63,15.12
29913,13.11,14.95,14.41
29928,12.98,14.36,13.8
29943,12.96,13.83,13.27
29958,12.82,13.36,12.8
29973,13.08,12.93,12.38
29988,11.89,12.54,11.99
30003,13.48,12.13,11.62
30018,12.31,11.69,11.2
30033,12.47,11.21,10.76
30048,12.79,10.71,10.3
30063,12.04,10.19,9.83
30078,11.95,9.69,9.38
30093,10.57,9.19,8.92
30108,10.11,8.67,8.44
30123,9.84,8.16,7.96
30138,9.81,7.67,7.52
30153,8.79,7.26,7.15
30168,6.96,6.97,6.85
30183,7.7,6.7,6.61
30198,7.71,6.42,6.36
30213,7.38,6.11,6.07
30228,8.05,5.79,5.8
30243,7.82,5.49,5.55
30258,7.72,5.21,5.31
30273,7.2,4.97,5.12
30288,5.03,4.79,4.93
30303,5.52,4.66,4.82
30318,6.84,4.55,4.75
30333,6.57,4.42,4.66
30348,6.63,4.23,4.52
30363,6.09,3.99,4.31
30378,6.24,3.72,4.08
30393,6.32,3.43,3.85
30408,5.44,3.16,3.61
30423,4.6,2.93,3.41
30438,3.82,2.76,3.25
30453,4.68,2.59,3.11
30468,4.09,2.37,2.92
30483,3.38,2.07,2.63
30498,3.76,1.68,2.27
30513,4.09,1.24,1.87
30528,4.42,0.8,1.5
30543,3.89,0.43,1.18
30558,2.27,0.14,0.92
30573,2.53,-0.09,0.73
30588,2.05,-0.3,0.55
30603,1.06,-0.52,0.34
30618,0.83,-0.8,0.07
30633,1.44,-1.11,-0.2
30648,0.66,-1.38,-0.45
30663,-0.49,-1.54,-0.6
30678,-0.22,-1.47,-0.52
30693,0.31,-1.12,-0.17
30708,1.24,-0.56,0.41
30723,1.91,0.14,1.13
30738,2.43,0.92,1.92
30753,3.31,1.75,2.75
30768,5.35,2.57,3.61
30783,7.19,3.11,4.21
30798,11.41,3.06,4.31
30813,2.54,2.84,4.06
30828,3.2,2.69,3.9
30843,4.66,2.58,3.8
30858,4.46,2.46,3.69
30873,4.38,2.3,3.55
30888,5.34,2.14,3.43
30903,4.76,2.02,3.34
30918,4.15,1.95,3.29
30933,5,1.85,3.23
30948,3.86,1.69,3.08
30963,3.14,1.48,2.88
30978,3.49,1.25,2.67
30993,3.61,1.01,2.44
31008,3.47,0.78,2.24
31023,2.98,0.55,2.03
31038,3.2,0.31,1.82
31053,2.3,0.06,1.59
31068,1.43,-0.21,1.32
31083,1.01,-0.49,1.04
31098,0.21,-0.75,0.77
31113,1.97,-0.81,0.73
31128,1.67,-0.79,0.77
31143,1.3,-0.75,0.81
31158,0.61,-0.74,0.82
31173,1.07,-0.78,0.79
31188,1.76,-0.86,0.73
31203,1.59,-0.98,0.63
31218,1.28,-1.09,0.53
31233,-0.43,-1.04,0.56
31248,0.51,-1.02,0.58
31263,0.66,-1,0.6
31278,1.53,-0.96,0.66
31293,1.56,-0.93,0.71
31308,1.21,-0.92,0.73
31323,2.01,-0.9,0.77
31338,1.43,-0.9,0.79
31353,2.07,-0.9,0.81
31368,1.4,-0.9,0.83
31383,0.95,-0.89,0.83
31398,1.13,-0.89,0.84
31413,1.01,-0.89,0.85
31428,0.62,-0.89,0.84
31443,0.59,-0.88,0.85
31458,1.21,-0.88,0.85
31473,1.45,-0.88,0.87
31488,1.93,-0.88,0.89
31503,1.43,-0.88,0.9
31518,1.1,-0.88,0.9
31533,0.66,-0.88,0.9
31548,1.16,-0.87,0.91
31563,2.45,-0.85,0.96
31578,1.83,-0.85,0.98
31593,1.34,-0.84,1
31608,1.19,-0.83,1.01
31623,1.34,-0.84,1.01
31638,1.5,-0.83,1.02
31653,1.18,-0.84,1.02
31668,1.15,-0.83,1.03
31683,1.47,-0.83,1.04
31698,1.28,-0.83,1.05
31713,1.13,-0.83,1.05
31728,1.24,-0.83,1.05
31743,1.26,-0.83,1.06
31758,1.17,-0.83,1.06
31773,1.21,-0.83,1.06
31788,1.24,-0.83,1.06
31803,1.31,-0.83,1.07
31818,1.47,-0.83,1.08
31833,1.31,-0.83,1.08
31848,1.33,-0.83,1.09
31863,1.13,-0.83,1.09
31878,1.24,-0.83,1.09
31893,1.11,-0.83,1.09
31908,1.15,-0.83,1.09
31923,1.39,-0.83,1.09
31938,1.36,-0.83,1.1
31953,1.43,-0.84,1.1
31968,1.36,-0.83,1.11
31983,1.28,-0.83,1.12
31998,1.39,-0.84,1.12
32013,1.22,-0.84,1.12
32028,1.33,-0.84,1.12
32043,1.13,-0.84,1.12
32058,1.24,-0.84,1.13
32073,1.51,-0.83,1.14
32088,1.3,-0.83,1.14
32103,1.41,-0.84,1.14
32118,1.51,-0.84,1.15
32133,1.32,-0.84,1.15
32148,1.38,-0.84,1.15
32163,1.54,-0.84,1.16
32178,1.34,-0.84,1.16
32193,1.13,-0.84,1.16
32208,1.37,-0.84,1.17
32223,1.25,-0.84,1.17
32238,1.57,-0.84,1.18
32253,1.47,-0.84,1.19
32268,1.46,-0.84,1.19
32283,1.21,-0.83,1.2
32298,1.29,-0.84,1.2
32313,1.21,-0.83,1.2
32328,1.46,-0.84,1.2
32343,1.3,-0.84,1.2
32358,1.31,-0.84,1.21
32373,1.36,-0.84,1.21
32388,1.2,-0.84,1.21
32403,1.49,-0.83,1.22
32418,1.1,-0.83,1.22
32433,1.32,-0.83,1.22
32448,1.21,-0.83,1.22
32463,1.4,-0.83,1.22
32478,1.4,-0.83,1.23
32493,1.35,-0.82,1.23
32508,1.33,-0.82,1.24
32523,1.23,-0.82,1.24
32538,1.27,-0.83,1.23
32553,1.33,-0.83,1.24
32568,1.31,-0.83,1.24
32583,1.5,-0.83,1.24
32598,1.07,-0.83,1.23
32613,1.13,-0.83,1.23
32628,1.26,-0.83,1.23
32643,1.38,-0.83,1.23
32658,1.52,-0.84,1.24
32673,1.36,-0.83,1.24
32688,1.18,-0.83,1.24
32703,1.3,-0.84,1.24
32718,1.27,-0.84,1.24
32733,1.35,-0.84,1.24
32748,1.24,-0.84,1.24
32763,1.42,-0.84,1.25
32778,0.99,-0.84,1.24
32793,1.4,-0.84,1.24
32808,1.38,-0.84,1.25
32823,1.31,-0.84,1.25
32838,1.29,-0.84,1.25
32853,1.43,-0.84,1.25
32868,1.24,-0.84,1.25
32883,1.12,-0.84,1.25
32898,1.47,-0.84,1.25
32913,0.94,-0.84,1.25
32928,1.29,-0.84,1.25
32943,1.18,-0.83,1.25
32958,1.44,-0.84,1.25
32973,1.24,-0.84,1.25
32988,1.26,-0.84,1.24
33003,1.48,-0.85,1.25
33018,1.48,-0.85,1.25
33033,1.47,-0.84,1.26
33048,1.37,-0.84,1.26
33063,1.41,-0.84,1.26
33078,1.27,-0.84,1.26
33093,1.19,-0.85,1.26
33108,1.41,-0.85,1.26
33123,1.25,-0.85,1.26
33138,1.13,-0.84,1.26
33153,1.43,-0.84,1.27
33168,1.51,-0.84,1.27
33183,1.26,-0.84,1.27
33198,1.21,-0.84,1.27
33213,1.21,-0.84,1.27
33228,1.32,-0.84,1.27
33243,1.32,-0.84,1.27
33258,1.5,-0.84,1.28
33273,1.36,-0.84,1.28
33288,1.35,-0.84,1.28
33303,1.47,-0.84,1.28
33318,1.31,-0.84,1.29
33333,1.31,-0.84,1.29
33348,1.35,-0.84,1.29
33363,1.37,-0.83,1.29
33378,1.24,-0.84,1.29
33393,1.45,-0.84,1.29
33408,1.38,-0.84,1.29
33423,1.26,-0.84,1.29
33438,1.11,-0.84,1.29
33453,1.15,-0.84,1.28
33468,1.48,-0.84,1.29
33483,1.34,-0.84,1.29
33498,1.22,-0.84,1.29
33513,1.2,-0.84,1.28
33528,1.03,-0.84,1.28
33543,1.12,-0.84,1.28
33558,1.42,-0.84,1.28
33573,1.47,-0.84,1.29
33588,1.4,-0.84,1.29
33603,1.37,-0.84,1.29
33618,1.48,-0.84,1.29
33633,1.31,-0.84,1.29
33648,1.47,-0.85,1.29
33663,1.29,-0.85,1.28
33678,1.41,-0.85,1.29
33693,1.13,-0.85,1.28
33708,1.34,-0.86,1.28
33723,1.23,-0.85,1.28
33738,1.29,-0.85,1.28
33753,1.29,-0.85,1.28
33768,1.19,-0.85,1.28
33783,1.35,-0.86,1.28
33798,1.39,-0.86,1.28
33813,1.22,-0.86,1.28
33828,1.32,-0.86,1.28
33843,1.34,-0.86,1.28
33858,1.19,-0.86,1.28
33873,1.26,-0.86,1.28
33888,1.28,-0.85,1.29
33903,1.43,-0.85,1.29
33918,1.38,-0.85,1.29
33933,1.37,-0.85,1.29
33948,1.26,-0.85,1.29
33963,1.1,-0.85,1.29
33978,1.43,-0.85,1.29
33993,1.17,-0.85,1.29
34008,1.33,-0.85,1.29
34023,1.3,-0.85,1.29
34038,1.29,-0.85,1.29
34053,1.28,-0.86,1.28
34068,1.18,-0.86,1.28
34083,1.25,-0.87,1.27
34098,1.09,-0.87,1.26
34113,1.37,-0.88,1.26
34128,1.34,-0.89,1.25
34143,1.34,-0.89,1.25
34158,1.29,-0.94,1.2
34173,0.28,-0.97,1.15
34188,0.85,-0.99,1.13
34203,1.06,-1.01,1.11
34218,1.75,-1.04,1.09
34233,2.36,-1.09,1.07
34248,2.16,-1.16,1.02
34263,0.03,-1.23,0.93
34278,-0.4,-1.19,0.95
34293,-0.07,-1.19,0.92
34308,1.78,-1.18,0.95
34323,2.31,-1.16,1
34338,2.56,-1.15,1.04
34353,0.69,-1.16,1.03
34368,0.67,-1.16,1.02
34383,0.35,-1.16,1
34398,0.26,-1.17,0.98
34413,0.69,-1.19,0.95
34428,0.6,-1.21,0.93
34443,1.19,-1.21,0.93
34458,1.81,-1.21,0.94
34473,0.95,-1.23,0.93
34488,0.51,-1.25,0.9
34503,0.97,-1.29,0.86
34518,1.71,-1.34,0.83
34533,0.95,-1.37,0.8
34548,0.38,-1.41,0.75
34563,2.64,-1.48,0.73
34578,1.9,-1.53,0.7
34593,1.75,-1.56,0.69
34608,0.77,-1.6,0.65
34623,2.11,-1.66,0.63
34638,1.66,-1.71,0.6
34653,1.35,-1.74,0.58
34668,1.28,-1.76,0.57
34683,0.27,-1.78,0.55
34698,0.47,-1.82,0.51
34713,0.27,-1.85,0.47
34728,-0.05,-1.87,0.44
34743,1.03,-1.88,0.45
34758,1.3,-1.86,0.48
34773,1.3,-1.84,0.52
34788,1.43,-1.82,0.55
34803,0.73,-1.8,0.59
34818,0.64,-1.73,0.65
34833,0.48,-1.67,0.71
34848,0.02,-1.54,0.82
34863,0.19,-1.39,0.96
34878,0.64,-1.29,1.04
34893,1.14,-1.3,1.04
34908,0.49,-1.37,0.95
34923,0.13,-1.5,0.82
34938,0.54,-1.62,0.69
34953,1.25,-1.71,0.61
34968,0.73,-1.77,0.56
34983,0.22,-1.79,0.53
34998,0.66,-1.77,0.55
35013,0.92,-1.76,0.57
35028,1.01,-1.76,0.58
35043,0.31,-1.78,0.56
35058,1.43,-1.79,0.56
35073,3.03,-1.83,0.57
35088,2.24,-1.89,0.55
35103,1.71,-1.99,0.47
35118,0.48,-2.1,0.37
35133,0.76,-2.16,0.32
35148,0.67,-2.21,0.28
35163,0.9,-2.28,0.22
35178,0.61,-2.35,0.15
35193,1.29,-2.4,0.13
35208,0.54,-2.42,0.11
35223,1.82,-2.47,0.1
35238,0.99,-2.52,0.07
35253,0.97,-2.61,0
35268,0.02,-2.72,-0.11
35283,2.08,-2.83,-0.17
35298,-0.92,-2.93,-0.28
35313,0.22,-3.02,-0.36
35328,1.85,-3.08,-0.38
35343,1.19,-3.15,-0.41
35358,1.04,-3.24,-0.47
35373,0.37,-3.36,-0.57
35388,-0.83,-3.48,-0.7
35403,-0.37,-3.58,-0.79
35418,0.25,-3.64,-0.83
35433,1.91,-3.67,-0.8
35448,0.36,-3.69,-0.79
35463,-0.94,-3.69,-0.8
35478,1.13,-3.68,-0.75
35493,1.29,-3.7,-0.73
35508,1.17,-3.75,-0.74
35523,0.3,-3.81,-0.78
35538,0.85,-3.8,-0.74
35553,1.84,-3.79,-0.67
35568,1.29,-3.75,-0.59
35583,1.44,-3.71,-0.52
35598,1.09,-3.7,-0.48
35613,1.28,-3.71,-0.45
35628,1.79,-3.71,-0.4
35643,1.42,-3.7,-0.36
35658,1.38,-3.71,-0.33
35673,1.33,-3.71,-0.3
35688,1.66,-3.72,-0.28
35703,1.78,-3.73,-0.24
35718,1.41,-3.75,-0.23
35733,1.51,-3.75,-0.2
35748,1.72,-3.77,-0.17
35763,1.34,-3.77,-0.15
35778,1.5,-3.79,-0.13
35793,1.27,-3.79,-0.1
35808,1.59,-3.8,-0.08
35823,1.46,-3.8,-0.04
35838,1.66,-3.8,-0.01
35853,1.49,-3.79,0.02
35868,1.68,-3.79,0.06
35883,1.82,-3.79,0.09
35898,1.86,-3.79,0.13
35913,1.52,-3.79,0.16
35928,1.54,-3.79,0.18
35943,1.63,-3.79,0.21
35958,1.33,-3.8,0.23
35973,1.54,-3.8,0.26
35988,1.28,-3.8,0.27
36003,1.3,-3.8,0.29
36018,1.88,-3.8,0.33
36033,1.55,-3.8,0.35
36048,1.24,-3.81,0.36
36063,1.93,-3.81,0.39
36078,1.24,-3.81,0.41
36093,1.51,-3.81,0.43
36108,2.24,-3.81,0.46
36123,1.34,-3.81,0.48
36138,1.62,-3.81,0.5
36153,1.88,-3.81,0.53
36168,1.18,-3.82,0.54
36183,1.45,-3.82,0.56
36198,1.74,-3.82,0.58
36213,2.12,-3.82,0.61
36228,1.19,-3.82,0.62
36243,2,-3.82,0.65
36258,1.59,-3.82,0.67
36273,2.23,-3.81,0.7
36288,2.09,-3.81,0.73
36303,1.88,-3.81,0.76
36318,1.62,-3.81,0.77
36333,2.32,-3.81,0.81
36348,1.69,-3.81,0.83
36363,1.65,-3.8,0.85
36378,1.37,-3.8,0.86
36393,2.16,-3.8,0.88
36408,2.1,-3.8,0.91
36423,1.56,-3.8,0.92
36438,1.46,-3.8,0.93
36453,1.97,-3.8,0.95
36468,1.93,-3.8,0.98
36483,1.72,-3.8,0.99
36498,1.65,-3.8,1.01
36513,1.75,-3.79,1.02
36528,2.74,-3.8,1.06
36543,2.14,-3.8,1.08
36558,2.32,-3.8,1.1
36573,1.7,-3.8,1.11
36588,1.91,-3.81,1.12
36603,3.14,-3.81,1.16
36618,2.08,-3.81,1.18
36633,2.47,-3.81,1.21
36648,2.79,-3.81,1.24
36663,2.84,-3.81,1.27
36678,2.38,-3.81,1.29
36693,3.34,-3.81,1.33
36708,2.19,-3.8,1.35
36723,1.9,-3.8,1.37
36738,2.65,-3.8,1.39
36753,1.81,-3.8,1.4
36768,2.16,-3.8,1.42
36783,2.05,-3.8,1.43
36798,2.16,-3.8,1.44
36813,1.84,-3.81,1.45
36828,2.21,-3.81,1.46
36843,2.82,-3.81,1.49
36858,2.44,-3.81,1.51
36873,2.49,-3.8,1.53
36888,2.24,-3.81,1.54
36903,1.62,-3.81,1.54
36918,2.05,-3.8,1.56
36933,2.62,-3.8,1.58
36948,2.52,-3.8,1.6
36963,2.17,-3.8,1.61
36978,2.81,-3.8,1.63
36993,2.89,-3.8,1.66
37008,1.76,-3.81,1.65
37023,1.71,-3.81,1.65
37038,2,-3.81,1.66
37053,2.05,-3.81,1.67
37068,2.53,-3.81,1.69
37083,1.98,-3.81,1.69
37098,2.37,-3.81,1.71
37113,2.51,-3.8,1.73
37128,2.55,-3.81,1.74
37143,2.57,-3.81,1.75
37158,2.49,-3.81,1.77
37173,2.21,-3.82,1.77
37188,2.79,-3.82,1.79
37203,3.66,-3.83,1.82
37218,2.68,-3.82,1.84
37233,2.21,-3.83,1.84
37248,2.81,-3.82,1.87
37263,3.05,-3.82,1.89
37278,3.17,-3.82,1.92
37293,2.2,-3.82,1.92
37308,2.63,-3.83,1.93
37323,2.69,-3.83,1.95
37338,2.98,-3.83,1.96
37353,2.94,-3.83,1.98
37368,2.35,-3.83,1.99
37383,2.27,-3.83,2
37398,2.53,-3.83,2.01
37413,1.98,-3.83,2.01
37428,2.57,-3.83,2.01
37443,2.54,-3.83,2.02
37458,2.79,-3.83,2.04
37473,2.22,-3.83,2.05
37488,2.39,-3.83,2.05
37503,2.56,-3.84,2.06
37518,2.55,-3.84,2.07
37533,2.85,-3.84,2.08
37548,2.52,-3.84,2.09
37563,3.47,-3.84,2.11
37578,2.18,-3.84,2.12
37593,1.91,-3.84,2.11
37608,2.58,-3.84,2.12
37623,2.41,-3.84,2.13
37638,2.81,-3.84,2.15
37653,2.56,-3.84,2.15
37668,3.1,-3.83,2.17
37683,2.49,-3.84,2.18
37698,2.46,-3.84,2.18
37713,3.17,-3.83,2.21
37728,2.88,-3.83,2.22
37743,3.32,-3.83,2.24
37758,3.3,-3.83,2.26
37773,2.98,-3.83,2.28
37788,2.49,-3.84,2.28
37803,2.89,-3.83,2.29
37818,2.71,-3.84,2.3
37833,2.22,-3.84,2.3
37848,3.66,-3.84,2.32
37863,2.6,-3.84,2.33
37878,2.95,-3.84,2.34
37893,2.27,-3.84,2.34
37908,2.04,-3.84,2.34
37923,2.43,-3.84,2.33
37938,2.36,-3.84,2.33
37953,3.33,-3.85,2.35
37968,2.17,-3.85,2.34
37983,3,-3.85,2.35
37998,2.86,-3.85,2.36
38013,3.4,-3.86,2.38
38028,2.6,-3.85,2.39
38043,3.68,-3.86,2.41
38058,3.42,-3.86,2.43
38073,2.9,-3.86,2.44
38088,2.49,-3.85,2.44
38103,3.61,-3.85,2.47
38118,3.58,-3.85,2.49
38133,2.85,-3.85,2.5
38148,3.31,-3.85,2.51
38163,2.68,-3.85,2.52
38178,2.79,-3.85,2.52
38193,3.08,-3.85,2.53
38208,2.83,-3.86,2.54
38223,3.22,-3.86,2.55
38238,2.46,-3.86,2.55
38253,2.16,-3.86,2.54
38268,2.9,-3.86,2.54
38283,2.88,-3.86,2.55
38298,2.67,-3.86,2.55
38313,2.27,-3.86,2.55
38328,2.94,-3.86,2.55
38343,2.76,-3.86,2.56
38358,3.33,-3.87,2.57
38373,3.44,-3.87,2.58
38388,2.2,-3.88,2.57
38403,2.68,-3.87,2.58
38418,2.28,-3.87,2.57
38433,2.23,-3.87,2.57
38448,2.17,-3.86,2.56
38463,2.96,-3.86,2.57
38478,2.76,-3.86,2.57
38493,2.24,-3.87,2.56
38508,1.61,-3.87,2.55
38523,2.46,-3.86,2.55
38538,2.67,-3.86,2.55
38553,3.22,-3.87,2.56
38568,3.73,-3.86,2.58
38583,3.22,-3.87,2.6
38598,3.5,-3.86,2.62
38613,2.35,-3.86,2.61
38628,3.06,-3.86,2.62
38643,3.54,-3.87,2.63
38658,2.74,-3.87,2.64
38673,2.96,-3.86,2.65
38688,2.8,-3.87,2.65
38703,2.05,-3.86,2.64
38718,2.42,-3.86,2.63
38733,2.77,-3.87,2.63
38748,3.56,-3.87,2.65
38763,2.9,-3.87,2.66
38778,3.38,-3.87,2.67
38793,2.72,-3.87,2.67
38808,2.73,-3.87,2.67
38823,2.4,-3.87,2.67
38838,3.02,-3.87,2.67
38853,2.33,-3.87,2.67
38868,2.47,-3.87,2.66
38883,2.62,-3.87,2.66
38898,2,-3.87,2.65
38913,3.1,-3.87,2.65
38928,2.76,-3.88,2.65
38943,2.17,-3.88,2.64
38958,3.16,-3.88,2.65
38973,2.73,-3.88,2.65
38988,2.62,-3.88,2.65
39003,2.26,-3.88,2.64
39018,2.94,-3.88,2.64
39033,2.05,-3.88,2.63
39048,3.23,-3.88,2.64
39063,2.21,-3.89,2.63
39078,2.77,-3.89,2.64
39093,1.99,-3.89,2.62
39108,3.22,-3.89,2.63
39123,2.93,-3.9,2.63
39138,2.17,-3.9,2.62
39153,2.75,-3.9,2.62
39168,1.63,-3.89,2.61
39183,2.73,-3.89,2.61
39198,2.24,-3.89,2.61
39213,2.4,-3.89,2.6
39228,2.62,-3.89,2.6
39243,2.59,-3.89,2.6
39258,3.16,-3.89,2.61
39273,2.29,-3.9,2.6
39288,2.34,-3.9,2.6
39303,1.89,-3.89,2.59
39318,2.32,-3.89,2.58
39333,2.91,-3.89,2.59
39348,3.42,-3.89,2.6
39363,3.2,-3.89,2.62
39378,2.51,-3.89,2.62
39393,2.69,-3.89,2.62
39408,2.71,-3.88,2.63
39423,2.86,-3.88,2.63
39438,2.84,-3.89,2.63
39453,2.57,-3.88,2.63
39468,2.31,-3.89,2.62
39483,2.23,-3.89,2.62
39498,3.29,-3.88,2.63
39513,2.31,-3.88,2.63
39528,2.9,-3.89,2.63
39543,2.28,-3.89,2.62
39558,2.73,-3.89,2.62
39573,2.41,-3.89,2.62
39588,2.98,-3.89,2.63
39603,2.44,-3.89,2.62
39618,3.08,-3.89,2.63
39633,2.78,-3.89,2.63
39648,2.99,-3.89,2.64
39663,3.37,-3.89,2.65
39678,2.44,-3.9,2.64
39693,2.8,-3.9,2.64
39708,3.28,-3.9,2.65
39723,1.78,-3.9,2.64
39738,2.84,-3.9,2.64
39753,2.84,-3.9,2.65
39768,1.99,-3.9,2.63
39783,2.05,-3.9,2.62
39798,3.56,-3.9,2.64
39813,2.56,-3.9,2.63
39828,3.27,-3.9,2.65
39843,2.98,-3.91,2.65
39858,2.75,-3.91,2.65
39873,3.14,-3.91,2.66
39888,2.95,-3.91,2.66
39903,2.75,-3.91,2.66
39918,2.72,-3.91,2.66
39933,3.13,-3.91,2.67
39948,2.39,-3.91,2.67
39963,1.48,-3.91,2.64
39978,3.44,-3.91,2.66
39993,2.67,-3.91,2.66
40008,1.72,-3.92,2.64
40023,3.28,-3.91,2.65
40038,2.69,-3.91,2.66
40053,2.61,-3.91,2.66
40068,2.96,-3.9,2.67
40083,3.39,-3.91,2.68
40098,2.06,-3.91,2.67
40113,2.95,-3.91,2.67
40128,3.23,-3.91,2.68
40143,3.01,-3.91,2.69
40158,2.05,-3.91,2.67
40173,2.27,-3.91,2.66
40188,3.6,-3.91,2.69
40203,2.9,-3.91,2.69
40218,2.2,-3.92,2.67
40233,3.36,-3.92,2.69
40248,3.21,-3.91,2.7
40263,2.93,-3.91,2.71
40278,3.18,-3.91,2.72
40293,2.34,-3.91,2.71
40308,2.67,-3.91,2.71
40323,3.06,-3.92,2.71
40338,2.82,-3.91,2.72
40353,2.18,-3.91,2.71
40368,2.8,-3.91,2.71
40383,2.99,-3.91,2.72
40398,2.14,-3.91,2.71
40413,3.5,-3.9,2.73
40428,3.51,-3.91,2.74
40443,1.97,-3.9,2.73
40458,3.43,-3.9,2.75
40473,2.83,-3.9,2.75
40488,3.02,-3.9,2.75
40503,2.83,-3.9,2.75
40518,2.95,-3.9,2.76
40533,2.1,-3.9,2.74
40548,2.99,-3.9,2.75
40563,2.43,-3.9,2.74
40578,3.13,-3.89,2.76
40593,2.01,-3.89,2.75
40608,1.81,-3.88,2.74
40623,2.48,-3.87,2.74
40638,2.49,-3.86,2.75
40653,2.49,-3.84,2.76
40668,1.93,-3.8,2.79
40683,2.66,-3.76,2.82
40698,2.41,-3.72,2.85
40713,1.52,-3.68,2.86
40728,2.33,-3.64,2.9
40743,1.56,-3.6,2.9
40758,2.29,-3.58,2.91
40773,1.6,-3.57,2.9
40788,2.32,-3.55,2.9
40803,2.19,-3.54,2.9
40818,1.52,-3.54,2.87
40833,1.82,-3.53,2.86
40848,1.94,-3.53,2.84
40863,1.45,-3.53,2.82
40878,2.04,-3.53,2.8
40893,1.73,-3.53,2.78
40908,1.49,-3.53,2.75
40923,1.63,-3.53,2.73
40938,1.73,-3.52,2.71
40953,1.77,-3.52,2.7
40968,1.33,-3.52,2.67
40983,1.32,-3.52,2.65
40998,1.21,-3.51,2.63
41013,1.55,-3.5,2.61
41028,1.33,-3.48,2.61
41043,2.12,-3.42,2.66
41058,2.5,-3.32,2.76
41073,2.3,-3.19,2.87
41088,1.3,-3.03,3
41103,-1.02,-2.82,3.12
41118,1.6,-2.84,3.07
41133,2.34,-2.84,3.06
41148,1.46,-2.82,3.04
41163,1.02,-2.81,3.01
41178,1.41,-2.81,2.98
41193,1.31,-2.81,2.95
41208,1.77,-2.8,2.93
41223,1.5,-2.8,2.9
41238,1.47,-2.8,2.87
41253,1.36,-2.81,2.84
41268,1.03,-2.81,2.8
41283,1.51,-2.81,2.77
41298,1.04,-2.81,2.74
41313,0.97,-2.81,2.71
41328,1.14,-2.8,2.68
41343,1.56,-2.8,2.66
41358,1.24,-2.8,2.63
41373,1.19,-2.81,2.6
41388,1.12,-2.82,2.56
41403,1.31,-2.82,2.53
41418,1.26,-2.82,2.51
41433,1.11,-2.82,2.48
41448,1.3,-2.82,2.45
41463,1.31,-2.82,2.43
41478,1,-2.82,2.4
41493,1.43,-2.84,2.36
41508,1.23,-2.88,2.31
41523,1.06,-2.89,2.27
41538,1.56,-2.88,2.26
41553,7.06,-2.84,2.4
41568,-1.41,-2.73,2.43
41583,-0.87,-2.59,2.5
41598,0.2,-2.47,2.57
41613,0.67,-2.35,2.65
41628,1.34,-2.25,2.73
41643,1.59,-2.15,2.8
41658,1.22,-2.07,2.84
41673,2.71,-2.01,2.9
41688,1.4,-1.98,2.9
41703,0.66,-1.99,2.85
41718,1.6,-2,2.81
41733,0.29,-1.99,2.77
41748,1.22,-1.98,2.75
41763,0.75,-1.96,2.73
41778,1.66,-1.95,2.72
41793,1.16,-1.93,2.7
41808,1.26,-1.91,2.7
41823,0.15,-1.89,2.66
41838,0.94,-1.88,2.64
41853,-0.47,-1.86,2.59
41868,-0.13,-1.84,2.56
41883,0.35,-1.84,2.51
41898,0.52,-1.85,2.47
41913,0.7,-1.85,2.44
41928,1.68,-1.84,2.42
41943,1.07,-1.83,2.41
41958,0.95,-1.83,2.39
41973,1.18,-1.82,2.36
41988,1.08,-1.82,2.34
42003,0.63,-1.83,2.3
42018,0.67,-1.83,2.26
42033,1.06,-1.83,2.24
42048,1.01,-1.83,2.22
42063,1.19,-1.83,2.19
42078,1.56,-1.84,2.18
42093,0.98,-1.84,2.15
42108,1.15,-1.84,2.13
42123,0.99,-1.83,2.12
42138,1.08,-1.82,2.1
42153,1.22,-1.82,2.09
42168,1.03,-1.81,2.08
42183,0.89,-1.79,2.07
42198,1.76,-1.81,2.05
42213,1.51,-1.82,2.02
42228,1.99,-1.83,2.02
42243,1.05,-1.84,1.99
42258,0.41,-1.85,1.95
42273,0.72,-1.86,1.92
42288,1.21,-1.86,1.89
42303,1.03,-1.86,1.88
42318,1.22,-1.87,1.86
42333,0.89,-1.87,1.84
42348,1.17,-1.86,1.83
42363,0.86,-1.85,1.82
42378,0.73,-1.84,1.81
42393,0.94,-1.84,1.79
42408,1.17,-1.84,1.79
42423,1.63,-1.83,1.79
42438,1.31,-1.82,1.79
42453,2.16,-1.81,1.81
42468,1.48,-1.79,1.82
42483,1.06,-1.77,1.82
42498,0.15,-1.76,1.8
42513,0.29,-1.74,1.79
42528,0.64,-1.74,1.76
42543,1.27,-1.74,1.76
42558,1.74,-1.73,1.76
42573,0.53,-1.73,1.74
42588,0.87,-1.73,1.72
42603,0.56,-1.74,1.7
42618,0.99,-1.73,1.68
42633,1.06,-1.74,1.67
42648,0.91,-1.74,1.65
42663,1.66,-1.75,1.64
42678,0.92,-1.76,1.62
42693,0.93,-1.77,1.59
42708,0.71,-1.78,1.57
42723,0.41,-1.78,1.54
42738,0.46,-1.79,1.51
42753,0.79,-1.8,1.48
42768,1.09,-1.82,1.46
42783,1.03,-1.83,1.44
42798,2.05,-1.77,1.51
42813,1.05,-1.7,1.57
42828,1.09,-1.63,1.63
42843,1.2,-1.57,1.68
42858,1.28,-1.54,1.7
42873,1.94,-1.51,1.73
42888,1.14,-1.5,1.74
42903,1.33,-1.49,1.73
42918,1.45,-1.48,1.74
42933,1.69,-1.49,1.73
42948,1.35,-1.49,1.72
42963,1.25,-1.49,1.71
42978,1.36,-1.48,1.71
42993,1.35,-1.48,1.7
43008,1.34,-1.49,1.69
43023,1.48,-1.49,1.69
43038,1.24,-1.49,1.68
43053,1.13,-1.48,1.67
43068,1.18,-1.48,1.67
43083,1.4,-1.48,1.66
43098,1.45,-1.48,1.65
43113,1.29,-1.48,1.64
43128,1.35,-1.48,1.64
43143,1.37,-1.48,1.64
43158,1.45,-1.48,1.63
43173,1.22,-1.48,1.63
43188,1.39,-1.48,1.62
43203,1.31,-1.48,1.62
43218,1.1,-1.47,1.61
43233,0.84,-1.46,1.6
43248,1.12,-1.46,1.6
43263,0.81,-1.44,1.6
43278,1.04,-1.43,1.6
43293,0.8,-1.41,1.6
43308,1.29,-1.39,1.61
43323,1.24,-1.38,1.62
43338,1.27,-1.36,1.63
43353,1.57,-1.35,1.64
43368,1.26,-1.34,1.64
43383,1.53,-1.33,1.65
43398,1.71,-1.32,1.66
43413,1.39,-1.32,1.66
43428,1.47,-1.31,1.67
43443,1.6,-1.3,1.67
43458,1.63,-1.3,1.67
43473,1.44,-1.29,1.67
43488,1.6,-1.29,1.67
43503,1.44,-1.29,1.67
43518,1.45,-1.29,1.67
43533,1.67,-1.29,1.67
43548,1.32,-1.28,1.66
43563,1.38,-1.28,1.66
43578,1.33,-1.28,1.66
43593,1.55,-1.28,1.65
43608,1.53,-1.28,1.65
43623,1.24,-1.28,1.64
43638,1.5,-1.28,1.64
43653,1.31,-1.28,1.63
43668,1.34,-1.28,1.63
43683,1.52,-1.28,1.63
43698,1.38,-1.28,1.62
43713,1.31,-1.28,1.62
43728,1.6,-1.27,1.62
43743,1.33,-1.26,1.62
43758,1.56,-1.27,1.62
43773,1.41,-1.27,1.61
43788,1.42,-1.27,1.61
43803,1.46,-1.26,1.61
43818,1.41,-1.26,1.61
43833,1.23,-1.27,1.59
43848,1.56,-1.27,1.59
43863,1.27,-1.27,1.58
43878,1.46,-1.27,1.59
43893,1.43,-1.27,1.58
43908,1.45,-1.27,1.58
43923,1.58,-1.26,1.58
43938,1.39,-1.27,1.58
43953,1.26,-1.26,1.57
43968,1.27,-1.27,1.56
43983,1.15,-1.27,1.55
43998,1.41,-1.27,1.55
44013,1.46,-1.27,1.55
44028,1.42,-1.27,1.54
44043,1.42,-1.27,1.54
44058,1.35,-1.27,1.54
44073,1.48,-1.27,1.54
44088,1.26,-1.27,1.53
44103,1.49,-1.27,1.54
44118,1.3,-1.26,1.53
44133,1.25,-1.26,1.53
44148,1.18,-1.26,1.52
44163,1.45,-1.26,1.52
44178,1.18,-1.27,1.51
44193,1.24,-1.27,1.5
44208,1.1,-1.27,1.49
44223,1.79,-1.27,1.5
44238,1.27,-1.27,1.49
44253,1.19,-1.28,1.48
44268,1.49,-1.28,1.48
44283,1.77,-1.28,1.49
44298,1.28,-1.28,1.48
44313,1.6,-1.29,1.48
44328,1.37,-1.29,1.47
44343,0.8,-1.29,1.45
44358,1.09,-1.3,1.44
44373,1.79,-1.29,1.45
44388,1.25,-1.29,1.45
44403,1.65,-1.3,1.45
44418,1.13,-1.3,1.44
44433,1.49,-1.29,1.45
44448,1.16,-1.3,1.44
44463,1.45,-1.29,1.44
44478,1.54,-1.29,1.45
44493,1.46,-1.29,1.45
44508,1.13,-1.28,1.45
44523,1.36,-1.27,1.46
44538,1.24,-1.26,1.46
44553,1.74,-1.25,1.48
44568,1.37,-1.24,1.49
44583,1.69,-1.21,1.52
44598,0.99,-1.17,1.55
44613,1.15,-1.13,1.58
44628,0.95,-1.12,1.58
44643,1.43,-1.12,1.57
44658,1.58,-1.11,1.58
44673,1.71,-1.11,1.59
44688,2.08,-1.1,1.61
44703,2.19,-1.08,1.63
44718,1.68,-1.07,1.65
44733,2.02,-1.06,1.66
44748,1.85,-1.06,1.67
44763,1.52,-1.04,1.69
44778,1.61,-1.03,1.7
44793,1.51,-1.02,1.7
44808,1.79,-1.01,1.71
44823,1.62,-1.03,1.69
44838,1.65,-1.04,1.68
44853,2.01,-1.08,1.65
44868,1.73,-1.13,1.6
44883,1.61,-1.21,1.53
44898,1.62,-1.27,1.47
44913,1.35,-1.32,1.41
44928,1.54,-1.38,1.35
44943,1.61,-1.46,1.29
44958,1.14,-1.55,1.2
44973,1.03,-1.63,1.11
44988,1.23,-1.69,1.05
45003,1.33,-1.76,0.99
45018,1.44,-1.76,1.01
45033,0.91,-1.76,1
45048,0.88,-1.77,0.99
45063,0.64,-1.78,0.97
45078,0.65,-1.8,0.94
45093,1.43,-1.82,0.93
45108,2.2,-1.85,0.93
45123,0.88,-1.88,0.9
45138,-0.44,-1.89,0.87
45153,-0.18,-1.81,0.92
45168,-0.22,-1.8,0.9
45183,0.59,-1.85,0.86
45198,1.39,-1.89,0.82
45213,1.8,-1.91,0.82
45228,1.63,-1.93,0.82
45243,0.38,-1.97,0.77
45258,0.15,-1.99,0.74
45273,0.84,-2.01,0.72
45288,0.64,-2.02,0.71
45303,0,-2.02,0.7
45318,-0.79,-1.97,0.72
45333,-1.71,-1.76,0.87
45348,-0.17,-1.28,1.33
45363,8.32,-1.56,1.19
45378,-0.2,-1.66,1.07
45393,0.4,-1.43,1.28
45408,5.9,-1.48,1.32
45423,0.63,-1.4,1.38
45438,5.8,-1.45,1.43
45453,0.87,-1.38,1.48
45468,1.03,-1.41,1.44
45483,0.84,-1.39,1.45
45498,0.97,-1.4,1.43
45513,1.31,-1.41,1.42
45528,1.72,-1.41,1.42
45543,1.87,-1.43,1.42
45558,1.81,-1.43,1.42
45573,0.79,-1.44,1.4
45588,0.82,-1.44,1.39
45603,0.86,-1.45,1.36
45618,1.71,-1.47,1.36
45633,1.71,-1.47,1.36
45648,1.63,-1.47,1.36
45663,1.05,-1.48,1.35
45678,1.81,-1.48,1.36
45693,1.34,-1.49,1.35
45708,1.83,-1.5,1.34
45723,2.3,-1.51,1.36
45738,2.06,-1.51,1.37
45753,1.78,-1.51,1.38
45768,2.05,-1.5,1.41
45783,1.62,-1.48,1.43
45798,1.41,-1.47,1.44
45813,1.74,-1.45,1.46
45828,1.67,-1.44,1.47
45843,1.37,-1.43,1.48
45858,1.54,-1.43,1.49
45873,1.69,-1.42,1.49
45888,1.43,-1.42,1.5
45903,1.48,-1.42,1.5
45918,1.56,-1.42,1.5
45933,1.43,-1.42,1.5
45948,1.59,-1.42,1.5
45963,1.34,-1.43,1.49
45978,1.36,-1.44,1.47
45993,1.51,-1.46,1.46
46008,1.72,-1.48,1.44
46023,1.37,-1.49,1.43
46038,1.71,-1.51,1.41
46053,1.44,-1.54,1.39
46068,2.06,-1.57,1.37
46083,2.24,-1.58,1.38
46098,2.22,-1.59,1.39
46113,1.63,-1.6,1.38
46128,1.44,-1.6,1.39
46143,1.42,-1.6,1.38
46158,1.67,-1.6,1.39
46173,1.85,-1.61,1.39
46188,1.64,-1.6,1.4
46203,1.31,-1.6,1.4
46218,1.25,-1.61,1.39
46233,1.01,-1.63,1.36
46248,-0.47,-1.72,1.24
46263,3.25,-1.82,1.18
46278,0.47,-1.88,1.1
46293,0.85,-1.93,1.05
46308,2.22,-1.98,1.02
46323,2.41,-2.01,1.02
46338,1.24,-2.06,0.98
46353,1.58,-2.11,0.94
46368,1.7,-2.15,0.92
46383,1.05,-2.22,0.85
46398,1.76,-2.29,0.8
46413,1.97,-2.35,0.77
46428,2.02,-2.39,0.75
46443,1.58,-2.43,0.73
46458,1.59,-2.5,0.67
46473,1.97,-2.56,0.64
46488,1.95,-2.59,0.64
46503,1.04,-2.62,0.62
46518,1.31,-2.64,0.61
46533,1.12,-2.68,0.58
46548,1.83,-2.67,0.62
46563,0.12,-2.6,0.68
46578,2.32,-2.56,0.75
46593,3.62,-2.54,0.83
46608,1.6,-2.53,0.85
46623,2.14,-2.52,0.89
46638,1.74,-2.5,0.92
46653,1.68,-2.48,0.96
46668,1.22,-2.47,0.97
46683,2.01,-2.47,0.99
46698,1.79,-2.47,1.01
46713,1.97,-2.48,1.03
46728,1.74,-2.47,1.04
46743,1.82,-2.48,1.05
46758,2.1,-2.48,1.07
46773,1.91,-2.48,1.09
46788,1.61,-2.48,1.1
46803,1.7,-2.48,1.11
46818,1.88,-2.48,1.12
46833,1.86,-2.49,1.13
46848,1.59,-2.5,1.13
46863,1.52,-2.54,1.1
46878,1.21,-2.59,1.05
46893,3.88,-2.68,1.02
46908,5.18,-2.76,1.02
46923,1.18,-2.78,1
46938,1.41,-2.8,1
46953,1.6,-2.84,0.97
46968,2.32,-2.89,0.95
46983,2.2,-2.91,0.96
46998,1.53,-2.95,0.93
47013,1.98,-2.98,0.92
47028,2.06,-2.98,0.94
47043,1.36,-2.99,0.94
47058,1.88,-3.03,0.92
47073,4.29,-3.05,0.97
47088,2.19,-3.05,0.99
47103,1.86,-3.05,1
47118,1.94,-3.05,1.02
47133,1.77,-3.06,1.03
47148,1.9,-3.07,1.04
47163,1.86,-3.08,1.05
47178,2.22,-3.09,1.06
47193,1.85,-3.09,1.08
47208,1.82,-3.09,1.09
47223,1.85,-3.09,1.1
47238,1.93,-3.09,1.12
47253,2.07,-3.1,1.13
47268,1.89,-3.11,1.14
47283,1.26,-3.16,1.1
47298,4.03,-3.2,1.11
47313,3.32,-3.23,1.13
47328,1.66,-3.23,1.13
47343,1.37,-3.25,1.12
47358,2.16,-3.27,1.13
47373,1.55,-3.27,1.13
47388,1.94,-3.28,1.14
47403,2.23,-3.28,1.16
47418,2.17,-3.28,1.18
47433,2.31,-3.28,1.2
47448,1.86,-3.28,1.21
47463,1.78,-3.28,1.23
47478,2.08,-3.28,1.24
47493,2.05,-3.28,1.25
47508,1.72,-3.28,1.27
47523,1.96,-3.28,1.28
47538,1.7,-3.28,1.29
47553,2.07,-3.28,1.31
47568,1.94,-3.28,1.32
47583,2.68,-3.28,1.35
47598,2.51,-3.26,1.39
47613,2.62,-3.18,1.49
47628,-2.33,-3.13,1.46
47643,5.28,-3.19,1.48
47658,0.2,-3.24,1.41
47673,1.37,-3.32,1.33
47688,1.33,-3.39,1.26
47703,3.07,-3.44,1.25
47718,3.39,-3.48,1.25
47733,1.71,-3.47,1.27
47748,0.72,-3.42,1.31
47763,-7.09,-3.36,1.2
47778,3.19,-3.3,1.3
47793,0.32,-3.27,1.31
47808,-0.35,-3.32,1.22
47823,1.33,-3.48,1.07
47838,-0.06,-3.7,0.83
47853,-0.15,-4,0.52
47868,-0.9,-4.38,0.12
47883,-1.87,-4.84,-0.37
47898,-2.59,-5.35,-0.92
47913,-1.8,-5.82,-1.39
47928,-3.65,-6.23,-1.84
47943,-4.04,-6.57,-2.22
47958,-3.54,-6.84,-2.51
47973,-3.21,-7.05,-2.73
47988,-3.6,-7.2,-2.9
48003,-2.98,-7.35,-3.05
48018,-3.66,-7.5,-3.2
48033,-3.19,-7.65,-3.35
48048,-3.63,-7.81,-3.51
48063,-2.92,-7.99,-3.67
48078,-5.2,-8.14,-3.86
48093,-4.5,-8.28,-4.01
48108,-2.96,-8.49,-4.19
48123,-2.89,-8.83,-4.49
48138,-3.71,-9.33,-4.97
48153,-5.03,-9.97,-5.6
48168,-5.59,-10.67,-6.28
48183,-7.39,-11.45,-7.07
48198,-6.51,-12.55,-8.14
48213,-8.69,-13.95,-9.52
48228,-12.26,-15.18,-10.78
48243,-10.99,-15.67,-11.26
48258,-5.04,-15.92,-11.39
48273,-11.15,-16.11,-11.57
48288,-13.32,-16.3,-11.79
48303,-12.39,-16.62,-12.12
48318,-13.56,-17.11,-12.62
48333,-14.62,-17.68,-13.22
48348,-13.93,-18.27,-13.81
48363,-15.53,-18.9,-14.47
48378,-17.2,-19.61,-15.22
48393,-18.16,-20.42,-16.07
48408,-17.65,-21.27,-16.94
48423,-16.08,-22.12,-17.75
48438,-16.75,-22.91,-18.5
48453,-17.1,-23.63,-19.18
48468,-18.95,-24.31,-19.84
48483,-21.14,-24.99,-20.53
48498,-22.39,-25.75,-21.32
48513,-23.97,-26.6,-22.2
48528,-23.49,-27.48,-23.1
48543,-22.54,-28.36,-23.94
48558,-24.28,-29.26,-24.84
48573,-25.82,-30.23,-25.8
48588,-23.88,-31.21,-26.72
48603,-21.22,-32.1,-27.48
48618,-22.13,-32.81,-28.08
48633,-24.83,-33.41,-28.6
48648,-29.62,-34,-29.2
48663,-32.14,-34.63,-29.87
48678,-30.59,-35.3,-30.54
48693,-29.08,-35.95,-31.15
48708,-28.1,-36.52,-31.65
48723,-29.49,-37,-32.07
48738,-31.59,-37.43,-32.49
48753,-31.65,-37.89,-32.92
48768,-30.4,-38.29,-33.27
48783,-30.94,-38.62,-33.54
48798,-33.99,-38.94,-33.86
48813,-35.64,-39.32,-34.27
48828,-33.52,-39.73,-34.66
48843,-30.81,-40.09,-34.94
48858,-30.58,-40.36,-35.11
48873,-32.32,-40.55,-35.24
48888,-34.89,-40.7,-35.38
48903,-37.5,-40.86,-35.58
48918,-38.33,-41.06,-35.83
48933,-38.27,-41.29,-36.11
48948,-36.89,-41.57,-36.4
48963,-34.08,-41.82,-36.6
48978,-31.93,-42.01,-36.68
48993,-33.09,-42.04,-36.64
49008,-34.87,-41.97,-36.54
49023,-38.82,-41.93,-36.55
49038,-39.27,-41.94,-36.61
49053,-38.22,-41.99,-36.69
49068,-36.26,-42.05,-36.75
49083,-34.92,-42.1,-36.75
49098,-34.66,-42.11,-36.72
49113,-34.77,-42.1,-36.68
49128,-34.88,-42.07,-36.61
49143,-35.89,-42.01,-36.53
49158,-36.84,-41.94,-36.48
49173,-37.54,-41.92,-36.48
49188,-36.6,-41.92,-36.48
49203,-36.06,-41.93,-36.48
49218,-34.67,-41.91,-36.43
49233,-33.1,-41.85,-36.3
49248,-33.56,-41.73,-36.12
49263,-36.11,-41.57,-35.96
49278,-39.69,-41.45,-35.93
49293,-39.4,-41.43,-35.97
49308,-37.09,-41.46,-36.02
49323,-35.15,-41.46,-36.01
49338,-35.34,-41.45,-35.99
49353,-36.06,-41.45,-35.99
49368,-36.54,-41.46,-36.01
49383,-37.1,-41.48,-36.05
49398,-37.32,-41.53,-36.12
49413,-37.48,-41.61,-36.23
49428,-36.78,-41.72,-36.35
49443,-35.57,-41.83,-36.44
49458,-34.36,-41.92,-36.49
49473,-33.77,-41.99,-36.5
49488,-33.96,-42,-36.46
49503,-35.39,-42,-36.44
49518,-35.86,-41.99,-36.42
49533,-36.29,-41.99,-36.42
49548,-36.5,-42,-36.42
49563,-36.25,-42.01,-36.43
49578,-35.98,-42.03,-36.44
49593,-36.17,-42.04,-36.44
49608,-35.44,-42.04,-36.43
49623,-35.46,-42.03,-36.4
49638,-36.14,-42.01,-36.38
49653,-36.35,-42.01,-36.37
49668,-36.15,-42.02,-36.37
49683,-36.4,-42.02,-36.38
49698,-36.6,-42.03,-36.39
49713,-37.03,-42.06,-36.43
49728,-36.13,-42.1,-36.46
49743,-35.49,-42.11,-36.46
49758,-36.19,-42.11,-36.46
49773,-36.64,-42.12,-36.46
49788,-36.69,-42.13,-36.48
49803,-37.93,-42.16,-36.54
49818,-37.48,-42.22,-36.61
49833,-37.03,-42.3,-36.7
49848,-35.48,-42.39,-36.77
49863,-35.7,-42.45,-36.81
49878,-37.15,-42.51,-36.87
49893,-37.68,-42.6,-36.97
49908,-36.01,-42.68,-37.03
49923,-35.65,-42.72,-37.05
49938,-36.14,-42.74,-37.04
49953,-37.21,-42.74,-37.05
49968,-37.39,-42.76,-37.08
49983,-36.83,-42.79,-37.1
49998,-35.24,-42.79,-37.06
50013,-35.33,-42.72,-36.96
50028,-37.48,-42.65,-36.9
50043,-37.76,-42.59,-36.86
50058,-35.55,-42.51,-36.75
50073,-34.16,-42.36,-36.56
50088,-34.31,-42.13,-36.29
50103,-36.05,-41.87,-36.03
50118,-35.63,-41.59,-35.74
50133,-33.24,-41.27,-35.38
50148,-31.41,-40.85,-34.89
50163,-31.38,-40.32,-34.3
50178,-30.56,-39.69,-33.61
50193,-31.69,-38.97,-32.87
50208,-32.29,-38.15,-32.05
50223,-33.22,-37.23,-31.17
50238,-34.86,-36.3,-30.34
50253,-36.07,-35.41,-29.57
50268,-34.25,-34.57,-28.85
50283,-29.48,-33.7,-28.01
50298,-26.06,-32.73,-27.02
50313,-25.24,-31.68,-25.96
50328,-24.24,-30.54,-24.8
50343,-22.35,-29.32,-23.56
50358,-21.41,-28.03,-22.25
50373,-21.27,-26.66,-20.88
50388,-21.26,-25.25,-19.51
50403,-23.32,-23.88,-18.25
50418,-21.16,-22.53,-16.98
50433,-18.81,-21.27,-15.79
50448,-15.12,-20.01,-14.53
50463,-11.55,-18.7,-13.19
50478,-11.36,-17.33,-11.82
50493,-9.73,-15.86,-10.33
50508,-12.99,-14.27,-8.82
50523,-15.33,-12.61,-7.32
50538,-13.1,-11.14,-6
50553,-9.47,-9.99,-4.94
50568,-5.47,-9.07,-4.06
50583,-1.57,-8.21,-3.17
50598,-1.04,-7.23,-2.16
50613,-4.98,-6.03,-1.04
50628,-4.32,-4.69,0.21
50643,-0.07,-3.52,1.35
50658,0.19,-2.64,2.19
50673,1.04,-1.94,2.85
50688,2.74,-1.31,3.46
50703,4.4,-0.67,4.11
50718,0.79,0.1,4.8
50733,2.25,1,5.63
50748,3.78,1.83,6.41
50763,3.91,2.53,7.05
50778,7.1,3.15,7.65
50793,5.54,3.7,8.15
50808,7.12,4.22,8.64
50823,8.31,4.68,9.08
50838,7.31,5.07,9.43
50853,7.92,5.42,9.74
50868,8.57,5.73,10.02
50883,10.21,6,10.29
50898,9.88,6.28,10.55
50913,8.23,6.57,10.79
50928,9.74,6.9,11.09
50943,10.24,7.25,11.43
50958,10.91,7.63,11.79
50973,11.34,8.02,12.16
50988,11.63,8.45,12.57
51003,11.04,8.87,12.95
51018,11.54,9.23,13.28
51033,13.12,9.55,13.58
51048,13.74,9.81,13.85
51063,14.13,10.04,14.07
51078,14.23,10.27,14.3
51093,14.04,10.54,14.56
51108,12.92,10.84,14.83
51123,13.7,11.16,15.11
51138,14.85,11.43,15.38
51153,14.35,11.65,15.57
51168,15.73,11.81,15.73
51183,15.42,11.99,15.9
51198,14.75,12.2,16.08
51213,15.19,12.42,16.28
51228,15.97,12.63,16.48
51243,16.8,12.81,16.66
51258,16.11,12.98,16.81
51273,16.96,13.14,16.98
51288,16.67,13.32,17.15
51303,17.33,13.56,17.39
51318,16.5,13.88,17.69
51333,15.77,14.26,18.01
51348,16.36,14.63,18.35
51363,18.11,14.97,18.68
51378,18.42,15.34,19.03
51393,17.26,15.79,19.44
51408,17.49,16.27,19.87
51423,19.28,16.74,20.31
51438,21.03,17.14,20.73
51453,21.79,17.5,21.1
51468,20.07,17.88,21.45
51483,20.36,18.33,21.87
51498,20.56,18.84,22.34
51513,20.86,19.4,22.86
51528,24.26,19.94,23.41
51543,23.25,20.39,23.86
51558,54.14,19.92,24
51573,17.91,19.66,23.62
51588,21.75,19.46,23.39
51603,20.94,19.32,23.2
51618,20.88,19.19,23.03
51633,20.5,19.13,22.93
51648,22.25,19.17,22.95
51663,21.27,19.29,23.03
51678,22.59,19.46,23.19
51693,24.01,19.64,23.38
51708,23.36,19.82,23.56
51723,23.09,19.99,23.71
51738,23.41,20.16,23.88
51753,25.03,20.34,24.08
51768,23.1,20.56,24.27
51783,23.27,20.79,24.48
51798,24.24,21.02,24.7
51813,24.99,21.24,24.92
51828,24.41,21.45,25.11
51843,26.62,21.61,25.31
51858,25.28,21.73,25.42
51873,25.47,21.82,25.51
51888,24.07,21.89,25.55
51903,24.65,21.97,25.61
51918,24.42,22.07,25.69
51933,24.42,22.21,25.79
51948,24.71,22.34,25.9
51963,25.49,22.44,25.99
51978,25.71,22.53,26.07
51993,25.13,22.63,26.16
52008,26.75,22.72,26.25
52023,25.68,22.79,26.3
52038,25.38,22.83,26.33
52053,26.4,22.87,26.37
52068,25.54,22.89,26.38
52083,26.16,22.92,26.4
52098,25.25,22.94,26.4
52113,25.94,22.95,26.4
52128,24.87,22.98,26.4
52143,24.79,23.1,26.48
52158,16.3,23.64,26.8
52173,26.21,24.54,27.68
52188,35.52,25.21,28.49
52203,34.47,25.55,28.95
52218,29.07,25.75,29.14
52233,28.46,25.96,29.34
52248,29.45,26.2,29.57
52263,29.54,26.41,29.78
52278,30.1,26.6,29.97
52293,28.35,26.82,30.15
52308,28.59,27.11,30.4
52323,28.86,27.49,30.75
52338,29.37,27.97,31.19
52353,31.11,28.53,31.74
52368,32.96,29.07,32.29
52383,34.09,29.56,32.8
52398,34.12,29.97,33.23
52413,32.68,30.34,33.59
52428,33.2,30.73,33.96
52443,33.4,31.19,34.4
52458,33.36,31.73,34.91
52473,34,32.31,35.46
52488,35.61,32.9,36.04
52503,60.61,33.45,37.07
52518,30.61,34.04,37.51
52533,36.94,34.67,38.12
52548,44.69,35.31,38.88
52563,43.9,35.95,39.61
52578,37.67,36.57,40.18
52593,37.87,37.13,40.68
52608,45.32,37.48,41.11
52623,46.03,37.47,41.21
52638,38.3,37.3,40.98
52653,39.15,37.23,40.88
52668,40.7,37.3,40.94
52683,39.29,37.42,41.03
52698,43.79,37.49,41.15
52713,42.96,37.57,41.27
52728,36.62,37.74,41.33
52743,47.79,37.87,41.6
52758,38.52,37.98,41.64
52773,37.42,38.14,41.71
52788,42.6,38.34,41.93
52803,33.16,38.68,42.08
52818,40.56,38.99,42.36
52833,42.04,39.24,42.59
52848,44.89,39.49,42.89
52863,42.8,39.75,43.14
52878,36.99,40.09,43.35
52893,46.2,40.43,43.74
52908,40.73,40.81,44.05
52923,45.8,41.19,44.46
52938,47.62,41.47,44.8
52953,49.55,41.65,45.07
52968,45.93,41.77,45.2
52983,44.87,41.88,45.3
52998,51.07,42.03,45.56
53013,49.53,42.17,45.78
53028,46.61,42.27,45.9
53043,47.4,42.34,46
53058,46.75,42.42,46.09
53073,47.36,42.47,46.16
53088,47.11,42.5,46.22
53103,46.66,42.53,46.26
53118,46.94,42.55,46.29
53133,46.59,42.58,46.32
53148,45.69,42.61,46.33
53163,47.12,42.66,46.4
53178,49.09,42.65,46.44
53193,46.13,42.66,46.45
53208,47.43,42.68,46.48
53223,48.26,42.68,46.53
53238,46.33,42.72,46.56
53253,47.76,42.81,46.67
53268,49.2,42.87,46.78
53283,48.6,42.88,46.83
53298,47.7,42.9,46.86
53313,49.71,42.93,46.95
53328,46.59,42.99,47
53343,51.84,43.01,47.12
53358,44.74,43.06,47.12
53373,49.64,43.07,47.18
53388,47.6,43.03,47.15
53403,46.02,43.04,47.13
53418,47.9,43.09,47.2
53433,47.84,43.15,47.27
53448,47.18,43.18,47.3
53463,48.91,43.18,47.33
53478,46.13,43.17,47.3
53493,48.37,43.14,47.29
53508,47.25,43.12,47.27
53523,47.58,43.11,47.27
53538,48.34,43.09,47.27
53553,47.52,43.06,47.24
53568,47.92,43.01,47.21
53583,46.71,42.99,47.18
53598,47.43,43,47.19
53613,47.91,43,47.21
53628,47.96,43.01,47.23
53643,49.01,42.98,47.24
53658,47.92,42.94,47.22
53673,47.04,42.93,47.2
53688,48.76,42.91,47.22
53703,46.62,42.92,47.21
53718,47.31,42.96,47.25
53733,46.94,43,47.29
53748,49.26,43,47.32
53763,46.15,43.02,47.32
53778,48.28,43.08,47.39
53793,48.46,43.11,47.45
53808,48.19,43.16,47.51
53823,47.52,43.23,47.58
53838,47.36,43.3,47.64
53853,48.12,43.36,47.71
53868,47.88,43.4,47.76
53883,47.94,43.43,47.79
53898,49.61,43.48,47.88
53913,49.78,43.57,48
53928,49.28,43.64,48.1
53943,48.15,43.67,48.12
53958,48.5,43.74,48.2
53973,42.01,43.82,48.15
53988,51.25,43.83,48.23
54003,48.82,43.85,48.26
54018,47.07,43.9,48.28
54033,50.86,43.96,48.4
54048,50.47,43.97,48.44
54063,48.71,43.93,48.42
54078,48.42,43.9,48.38
54093,48.91,43.85,48.35
54108,49.33,43.79,48.31
54123,48.91,43.71,48.24
54138,48.78,43.6,48.14
54153,48.34,43.48,48.03
54168,47.24,43.36,47.9
54183,51.14,43.17,47.78
54198,48.74,42.92,47.55
54213,50.37,42.59,47.29
54228,47.47,42.23,46.93
54243,45.95,41.86,46.55
54258,46.87,41.51,46.21
54273,45.73,41.15,45.86
54288,45.16,40.8,45.5
54303,45.35,40.42,45.12
54318,44.42,39.99,44.69
54333,43.42,39.56,44.23
54348,41.58,39.15,43.79
54363,42.32,38.77,43.38
54378,42.36,38.37,42.97
54393,41.81,37.91,42.5
54408,40.51,37.47,42.02
54423,39.41,37.1,41.61
54438,40.02,36.77,41.25
54453,40.69,36.41,40.89
54468,40.64,36.03,40.51
54483,40.64,35.62,40.12
54498,38.4,35.22,39.69
54513,38.95,34.84,39.29
54528,37.38,34.49,38.92
54543,38.09,34.18,38.6
54558,38.45,33.86,38.28
54573,37.58,33.49,37.9
54588,36.92,33.06,37.46
54603,36.2,32.59,36.97
54618,35.84,32.08,36.45
54633,34.59,31.57,35.92
54648,33.51,31.12,35.42
54663,33.34,30.72,34.99
54678,33.09,30.38,34.62
54693,33.31,30.08,34.3
54708,32.45,29.81,34
54723,32.26,29.58,33.74
54738,32.95,29.31,33.46
54753,33.3,28.99,33.14
54768,31.33,28.61,32.73
54783,31.55,28.21,32.32
54798,30.21,27.8,31.88
54813,30.29,27.37,31.42
54828,30.34,26.92,30.96
54843,29.66,26.43,30.45
54858,28.74,25.92,29.92
54873,20.39,25.58,29.39
54888,16.7,25.28,28.85
54903,28.54,24.95,28.52
54918,29.53,24.42,28.02
54933,26.64,23.97,27.55
54948,26.55,23.55,27.12
54963,26.37,22.93,26.5
54978,18.74,22.46,25.88
54993,50.51,21.99,25.92
55008,25.93,21.57,25.5
55023,26.94,20.97,24.94
55038,22.3,20.39,24.32
55053,20.52,19.91,23.77
55068,21.3,19.54,23.36
55083,22.35,19.26,23.07
55098,21.95,19,22.79
55113,20.93,18.71,22.47
55128,20.84,18.34,22.07
55143,20.53,17.9,21.61
55158,18.37,17.43,21.09
55173,18.76,16.95,20.57
55188,20.01,16.44,20.06
55203,18.48,15.87,19.47
55218,18.2,15.25,18.84
55233,18.01,14.65,18.23
55248,18.61,14.05,17.65
55263,16.11,13.48,17.06
55278,17.56,12.89,16.49
55293,16.6,12.21,15.83
55308,15.99,11.46,15.1
55323,14.54,10.7,14.34
55338,14.06,9.93,13.58
55353,13.8,9.18,12.85
55368,13.11,8.44,12.13
55383,11.89,7.7,11.4
55398,11.94,6.94,10.67
55413,10.56,6.21,9.95
55428,10.31,5.57,9.33
