4008,1.42,1.35,1.35,0.00
4023,1.48,1.35,1.36,0.00
4038,1.47,1.35,1.36,0.01
4053,1.60,1.36,1.37,0.01
4068,1.48,1.36,1.37,0.01
4083,1.36,1.36,1.37,0.02
4098,1.80,1.35,1.38,0.02
4113,1.46,1.36,1.38,0.03
4128,1.46,1.36,1.38,0.03
4143,1.59,1.36,1.38,0.04
4158,1.50,1.35,1.39,0.04
4173,1.39,1.36,1.39,0.06
4188,1.53,1.36,1.39,0.07
4203,1.54,1.36,1.39,0.07
4218,1.77,1.36,1.40,0.09
4233,1.63,1.36,1.41,0.10
4248,1.25,1.36,1.40,0.11
4263,1.55,1.36,1.41,0.12
4278,1.41,1.36,1.41,0.14
4293,1.46,1.36,1.41,0.15
4308,1.25,1.36,1.41,0.16
4323,1.56,1.36,1.41,0.18
4338,1.55,1.36,1.42,0.20
4353,1.24,1.36,1.41,0.21
4368,1.73,1.36,1.41,0.22
4383,1.60,1.36,1.42,0.24
4398,1.30,1.36,1.42,0.26
4413,1.31,1.36,1.41,0.27
4428,1.32,1.36,1.41,0.29
4443,1.40,1.36,1.41,0.31
4458,1.57,1.35,1.41,0.32
4473,1.59,1.35,1.41,0.34
4488,1.57,1.35,1.42,0.37
4503,1.48,1.35,1.42,0.39
4518,1.50,1.35,1.42,0.41
4533,1.44,1.35,1.42,0.43
4548,1.47,1.36,1.42,0.45
4563,1.27,1.36,1.42,0.47
4578,1.57,1.36,1.42,0.50
4593,1.46,1.36,1.43,0.52
4608,1.52,1.36,1.43,0.55
4623,1.31,1.36,1.43,0.57
4638,1.63,1.36,1.43,0.59
4653,1.46,1.36,1.43,0.62
4668,1.36,1.36,1.43,0.64
4683,1.51,1.36,1.43,0.66
4698,1.61,1.36,1.43,0.69
4713,1.15,1.36,1.43,0.70
4728,1.35,1.36,1.43,0.72
4743,1.58,1.36,1.43,0.75
4758,1.34,1.36,1.43,0.77
4773,1.65,1.36,1.44,0.80
4788,1.44,1.36,1.44,0.82
4803,1.56,1.36,1.44,0.85
4818,1.48,1.36,1.44,0.87
4833,1.27,1.36,1.43,0.89
4848,1.51,1.36,1.44,0.91
4863,1.49,1.36,1.44,0.94
4878,1.16,1.37,1.44,0.95
4893,1.45,1.37,1.44,0.97
4908,1.59,1.37,1.44,1.00
4923,1.22,1.37,1.44,1.02
4938,1.63,1.37,1.44,1.04
4953,1.47,1.37,1.44,1.06
4968,1.58,1.37,1.45,1.09
4983,1.53,1.37,1.45,1.11
4998,1.30,1.37,1.45,1.12
5013,1.66,1.37,1.45,1.15
5028,1.78,1.37,1.46,1.18
5043,1.50,1.37,1.46,1.19
5058,1.45,1.36,1.45,1.20
5073,1.61,1.36,1.45,1.23
5088,1.48,1.36,1.45,1.24
5103,1.43,1.35,1.44,1.25
5118,1.53,1.35,1.44,1.27
5133,1.41,1.36,1.45,1.28
5148,1.19,1.36,1.44,1.29
5163,1.49,1.36,1.44,1.31
5178,1.74,1.36,1.45,1.33
5193,1.41,1.36,1.45,1.35
5208,1.37,1.36,1.45,1.36
5223,1.47,1.36,1.45,1.37
5238,1.41,1.36,1.45,1.38
5253,1.31,1.36,1.45,1.39
5268,1.47,1.36,1.45,1.40
5283,1.61,1.35,1.45,1.41
5298,1.49,1.36,1.45,1.43
5313,1.33,1.36,1.45,1.44
5328,1.61,1.36,1.45,1.45
5343,1.70,1.36,1.46,1.47
5358,1.31,1.36,1.46,1.48
5373,1.31,1.36,1.45,1.48
5388,1.59,1.36,1.45,1.49
5403,1.73,1.35,1.45,1.51
5418,1.33,1.35,1.45,1.51
5433,1.38,1.35,1.45,1.51
5448,1.68,1.35,1.45,1.53
5463,1.40,1.35,1.45,1.54
5478,1.51,1.35,1.45,1.54
5493,1.43,1.34,1.44,1.54
5508,1.65,1.34,1.44,1.55
5523,1.51,1.34,1.45,1.56
5538,1.36,1.34,1.45,1.56
5553,1.50,1.34,1.45,1.57
5568,1.51,1.34,1.44,1.57
5583,1.33,1.34,1.44,1.58
5598,1.36,1.34,1.44,1.58
5613,1.46,1.34,1.44,1.58
5628,1.49,1.34,1.44,1.59
5643,1.50,1.34,1.45,1.59
5658,1.68,1.34,1.45,1.61
5673,1.60,1.34,1.45,1.62
5688,1.52,1.34,1.45,1.62
5703,1.58,1.34,1.46,1.63
5718,1.53,1.35,1.46,1.64
5733,1.50,1.35,1.47,1.65
5748,1.24,1.35,1.47,1.64
5763,1.41,1.36,1.47,1.65
5778,1.48,1.36,1.47,1.65
5793,1.44,1.36,1.47,1.65
5808,1.58,1.35,1.47,1.65
5823,1.41,1.36,1.47,1.65
5838,1.25,1.36,1.47,1.65
5853,1.53,1.36,1.47,1.65
5868,1.71,1.36,1.47,1.66
5883,1.40,1.36,1.47,1.66
5898,1.52,1.36,1.47,1.66
5913,1.39,1.36,1.47,1.66
5928,1.44,1.36,1.47,1.66
5943,1.38,1.36,1.47,1.65
5958,1.55,1.36,1.47,1.66
5973,1.59,1.36,1.47,1.66
5988,1.47,1.35,1.47,1.66
6003,1.42,1.35,1.47,1.65
6018,1.48,1.35,1.47,1.66
6033,1.50,1.35,1.47,1.66
6048,1.30,1.35,1.46,1.65
6063,1.43,1.35,1.46,1.65
6078,1.26,1.35,1.46,1.63
6093,1.29,1.34,1.45,1.62
6108,1.13,1.34,1.44,1.61
6123,1.27,1.34,1.43,1.60
6138,1.02,1.34,1.43,1.58
6153,1.59,1.34,1.43,1.58
6168,1.15,1.34,1.42,1.57
6183,1.49,1.34,1.43,1.58
6198,1.38,1.34,1.43,1.58
6213,1.43,1.35,1.43,1.58
6228,1.43,1.35,1.43,1.58
6243,1.42,1.35,1.43,1.57
6258,1.50,1.34,1.43,1.57
6273,1.39,1.35,1.43,1.57
6288,1.15,1.34,1.42,1.56
6303,1.79,1.34,1.43,1.57
6318,1.40,1.35,1.43,1.57
6333,1.26,1.35,1.43,1.57
6348,1.34,1.35,1.43,1.56
6363,1.64,1.35,1.43,1.57
6378,1.35,1.35,1.43,1.56
6393,1.17,1.35,1.43,1.55
6408,1.47,1.35,1.42,1.55
6423,1.35,1.35,1.42,1.55
6438,1.55,1.35,1.43,1.55
6453,1.47,1.34,1.42,1.55
6468,1.43,1.34,1.42,1.55
6483,1.17,1.35,1.42,1.54
6498,1.44,1.36,1.43,1.55
6513,1.48,1.35,1.43,1.54
6528,1.36,1.35,1.43,1.54
6543,1.38,1.35,1.43,1.54
6558,1.29,1.36,1.43,1.53
6573,1.57,1.35,1.43,1.53
6588,1.28,1.35,1.42,1.52
6603,1.72,1.35,1.43,1.54
6618,1.67,1.35,1.43,1.54
6633,1.48,1.35,1.43,1.54
6648,1.37,1.35,1.43,1.54
6663,1.28,1.35,1.43,1.53
6678,1.66,1.35,1.43,1.54
6693,1.48,1.35,1.44,1.54
6708,1.42,1.35,1.44,1.54
6723,1.32,1.36,1.44,1.54
6738,1.56,1.35,1.44,1.54
6753,1.56,1.35,1.44,1.54
6768,1.38,1.35,1.44,1.53
6783,1.54,1.35,1.44,1.54
6798,1.61,1.35,1.44,1.54
6813,1.51,1.35,1.44,1.54
6828,1.43,1.35,1.44,1.54
6843,1.65,1.35,1.44,1.55
6858,1.26,1.35,1.44,1.54
6873,1.51,1.35,1.44,1.54
6888,1.67,1.34,1.44,1.54
6903,1.53,1.34,1.44,1.54
6918,1.49,1.34,1.44,1.54
6933,1.41,1.34,1.44,1.54
6948,1.39,1.34,1.44,1.54
6963,1.49,1.34,1.44,1.54
6978,1.35,1.35,1.45,1.54
6993,1.47,1.35,1.45,1.54
7008,1.50,1.35,1.45,1.53
7023,1.52,1.35,1.45,1.54
7038,1.64,1.35,1.46,1.55
7053,1.55,1.35,1.46,1.55
7068,1.42,1.35,1.46,1.55
7083,1.46,1.36,1.46,1.55
7098,1.53,1.37,1.47,1.56
7113,1.21,1.38,1.48,1.56
7128,1.32,1.39,1.48,1.56
7143,1.28,1.39,1.49,1.55
7158,1.45,1.39,1.49,1.55
7173,1.61,1.40,1.49,1.56
7188,1.36,1.40,1.49,1.55
7203,1.38,1.39,1.48,1.54
7218,1.44,1.39,1.48,1.54
7233,1.33,1.39,1.48,1.53
7248,1.43,1.39,1.48,1.53
7263,1.35,1.39,1.47,1.52
7278,1.40,1.39,1.47,1.51
7293,1.43,1.39,1.47,1.51
7308,1.29,1.39,1.47,1.51
7323,1.57,1.39,1.47,1.51
7338,1.42,1.39,1.47,1.51
7353,1.52,1.40,1.48,1.51
7368,1.50,1.40,1.48,1.52
7383,1.62,1.40,1.48,1.52
7398,1.54,1.40,1.48,1.52
7413,1.27,1.40,1.47,1.51
7428,1.59,1.40,1.48,1.52
7443,1.47,1.40,1.48,1.51
7458,1.55,1.40,1.49,1.52
7473,1.48,1.40,1.49,1.52
7488,1.48,1.41,1.49,1.52
7503,1.41,1.41,1.49,1.52
7518,1.39,1.41,1.49,1.52
7533,1.62,1.41,1.49,1.52
7548,1.67,1.41,1.49,1.52
7563,1.12,1.41,1.49,1.51
7578,1.70,1.41,1.49,1.52
7593,1.30,1.41,1.49,1.51
7608,1.48,1.41,1.49,1.51
7623,1.30,1.41,1.49,1.50
7638,1.57,1.42,1.49,1.51
7653,1.71,1.42,1.50,1.52
7668,1.43,1.42,1.50,1.52
7683,1.20,1.42,1.49,1.50
7698,1.29,1.42,1.49,1.49
7713,1.59,1.42,1.49,1.50
7728,1.40,1.42,1.49,1.50
7743,1.15,1.42,1.48,1.48
7758,1.67,1.42,1.48,1.49
7773,1.49,1.41,1.48,1.49
7788,1.27,1.41,1.48,1.47
7803,1.49,1.41,1.47,1.47
7818,1.30,1.41,1.47,1.47
7833,1.39,1.41,1.47,1.46
7848,1.50,1.41,1.47,1.46
7863,1.61,1.41,1.47,1.47
7878,1.68,1.41,1.48,1.48
7893,1.32,1.41,1.47,1.47
7908,1.38,1.41,1.47,1.47
7923,1.50,1.42,1.48,1.47
7938,1.29,1.42,1.48,1.47
7953,1.31,1.42,1.47,1.46
7968,1.74,1.42,1.48,1.47
7983,1.44,1.42,1.48,1.47
7998,1.43,1.42,1.47,1.47
8013,1.41,1.42,1.47,1.46
8028,1.49,1.42,1.47,1.46
8043,1.43,1.42,1.47,1.46
8058,1.46,1.42,1.47,1.46
8073,1.43,1.42,1.47,1.46
8088,1.52,1.42,1.48,1.47
8103,1.24,1.42,1.47,1.46
8118,1.48,1.42,1.47,1.46
8133,1.50,1.42,1.47,1.46
8148,1.40,1.43,1.48,1.46
8163,1.45,1.42,1.47,1.46
8178,1.45,1.43,1.47,1.46
8193,1.53,1.42,1.47,1.46
8208,1.41,1.42,1.47,1.45
8223,1.39,1.42,1.47,1.45
8238,1.34,1.42,1.47,1.45
8253,1.47,1.42,1.46,1.44
8268,1.75,1.42,1.47,1.45
8283,1.43,1.42,1.47,1.45
8298,1.24,1.42,1.46,1.44
8313,1.48,1.42,1.46,1.45
8328,1.30,1.42,1.46,1.44
8343,1.42,1.42,1.46,1.44
8358,1.50,1.42,1.46,1.44
8373,1.26,1.42,1.46,1.43
8388,1.55,1.42,1.46,1.43
8403,1.54,1.42,1.46,1.44
8418,1.66,1.42,1.46,1.45
8433,1.34,1.41,1.46,1.44
8448,1.43,1.41,1.46,1.44
8463,1.48,1.42,1.46,1.44
8478,1.57,1.42,1.47,1.45
8493,1.32,1.42,1.46,1.44
8508,1.43,1.42,1.46,1.44
8523,1.38,1.42,1.46,1.43
8538,1.33,1.41,1.45,1.43
8553,1.47,1.42,1.46,1.43
8568,1.51,1.42,1.46,1.44
8583,1.30,1.42,1.45,1.43
8598,1.27,1.42,1.45,1.42
8613,1.50,1.42,1.45,1.43
8628,1.59,1.42,1.46,1.43
8643,1.34,1.42,1.46,1.43
8658,1.36,1.42,1.45,1.42
8673,1.52,1.42,1.45,1.43
8688,1.38,1.42,1.45,1.42
8703,1.42,1.42,1.45,1.42
8718,1.55,1.41,1.45,1.42
8733,1.37,1.41,1.44,1.42
8748,1.33,1.41,1.44,1.41
8763,1.48,1.41,1.44,1.42
8778,1.59,1.42,1.45,1.43
8793,1.62,1.41,1.45,1.43
8808,1.41,1.41,1.45,1.43
8823,1.56,1.42,1.45,1.44
8838,1.53,1.41,1.45,1.44
8853,1.37,1.41,1.45,1.43
8868,1.28,1.41,1.45,1.43
8883,1.52,1.41,1.45,1.43
8898,1.47,1.41,1.45,1.43
8913,1.58,1.41,1.45,1.44
8928,1.39,1.41,1.45,1.43
8943,1.46,1.40,1.44,1.43
8958,1.35,1.41,1.44,1.43
8973,1.26,1.40,1.44,1.42
8988,1.47,1.40,1.43,1.42
9003,1.55,1.41,1.44,1.43
9018,1.42,1.40,1.44,1.42
9033,1.48,1.41,1.44,1.43
9048,1.69,1.41,1.45,1.44
9063,1.43,1.40,1.45,1.44
9078,1.53,1.41,1.45,1.44
9093,1.44,1.41,1.45,1.44
9108,1.36,1.41,1.45,1.44
9123,1.39,1.40,1.44,1.43
9138,1.29,1.41,1.44,1.43
9153,1.59,1.41,1.44,1.44
9168,1.45,1.41,1.45,1.44
9183,1.69,1.41,1.46,1.45
9198,1.08,1.42,1.45,1.44
9213,1.40,1.42,1.46,1.44
9228,1.46,1.43,1.46,1.45
9243,1.52,1.44,1.47,1.46
9258,1.14,1.44,1.47,1.45
9273,0.73,1.44,1.46,1.43
9288,0.93,1.45,1.45,1.41
9303,1.04,1.46,1.45,1.40
9318,1.19,1.47,1.46,1.40
9333,1.66,1.48,1.47,1.42
9348,0.83,1.49,1.47,1.41
9363,1.37,1.50,1.48,1.41
9378,0.85,1.52,1.48,1.41
9393,0.86,1.53,1.48,1.39
9408,1.42,1.54,1.49,1.40
9423,1.57,1.56,1.51,1.43
9438,1.77,1.57,1.53,1.45
9453,1.09,1.58,1.52,1.44
9468,1.19,1.58,1.52,1.43
9483,0.81,1.58,1.51,1.41
9498,1.49,1.60,1.53,1.42
9513,2.19,1.61,1.55,1.46
9528,1.89,1.64,1.58,1.50
9543,1.90,1.66,1.61,1.54
9558,1.58,1.66,1.61,1.54
9573,0.74,1.66,1.59,1.50
9588,0.86,1.65,1.57,1.46
9603,1.34,1.64,1.55,1.45
9618,1.54,1.65,1.56,1.46
9633,0.71,1.65,1.54,1.43
9648,1.27,1.63,1.53,1.40
9663,1.62,1.62,1.52,1.40
9678,1.97,1.62,1.53,1.42
9693,2.36,1.60,1.52,1.43
9708,1.68,1.59,1.51,1.43
9723,0.49,1.57,1.48,1.37
9738,0.54,1.58,1.46,1.34
9753,1.34,1.57,1.45,1.33
9768,0.63,1.58,1.44,1.31
9783,0.34,1.63,1.48,1.32
9798,2.27,1.68,1.53,1.40
9813,1.36,1.73,1.59,1.44
9828,-0.14,1.82,1.64,1.47
9843,3.13,1.96,1.81,1.66
9858,0.86,2.15,1.97,1.81
9873,3.06,2.34,2.18,2.03
9888,0.38,2.35,2.15,1.98
9903,-1.35,2.39,2.12,1.87
9918,-0.24,2.39,2.08,1.79
9933,4.39,2.36,2.09,1.85
9948,3.89,2.39,2.16,1.96
9963,5.12,2.49,2.31,2.17
9978,2.21,2.65,2.47,2.33
9993,1.85,2.89,2.69,2.53
10008,1.40,3.15,2.92,2.74
10023,2.76,3.43,3.19,3.00
10038,2.81,3.73,3.48,3.28
10053,3.71,4.07,3.82,3.62
10068,4.25,4.39,4.14,3.95
10083,3.66,4.74,4.47,4.26
10098,4.38,5.07,4.79,4.58
10113,6.13,5.36,5.10,4.91
10128,5.81,5.60,5.35,5.18
10143,5.19,5.82,5.57,5.39
10158,5.69,6.10,5.84,5.66
10173,5.70,6.44,6.17,5.99
10188,6.05,6.85,6.57,6.38
10203,6.63,7.33,7.04,6.85
10218,5.86,7.86,7.54,7.31
10233,7.98,8.32,8.00,7.78
10248,9.32,8.71,8.41,8.21
10263,9.54,9.06,8.77,8.59
10278,10.13,9.38,9.11,8.95
10293,9.73,9.68,9.42,9.27
10308,9.75,9.99,9.73,9.59
10323,9.55,10.35,10.08,9.93
10339,9.93,10.76,10.48,10.31
10355,10.17,11.15,10.85,10.68
10371,13.31,11.49,11.23,11.11
10387,12.57,11.74,11.51,11.40
10403,12.42,11.97,11.75,11.66
10419,11.44,12.22,11.99,11.90
10435,12.63,12.50,12.27,12.19
10451,11.66,12.78,12.54,12.44
10467,12.23,13.08,12.83,12.72
10483,13.62,13.41,13.17,13.07
10499,12.91,13.76,13.50,13.39
10515,13.48,14.06,13.80,13.69
10531,13.50,14.38,14.10,13.98
10547,12.16,14.73,14.41,14.24
10563,14.44,15.10,14.77,14.59
10579,15.73,15.45,15.14,14.98
10595,15.39,15.81,15.49,15.34
10611,15.75,16.19,15.87,15.71
10627,16.17,16.55,16.24,16.08
10643,15.45,16.91,16.57,16.39
10659,13.56,17.33,16.92,16.67
10675,14.95,17.80,17.34,17.04
10691,17.88,18.37,17.91,17.62
10707,22.71,19.08,18.70,18.51
10723,20.50,19.53,19.18,19.01
10739,17.35,19.94,19.55,19.34
10755,18.31,20.46,20.03,19.78
10771,18.71,20.96,20.49,20.22
10787,21.21,21.38,20.92,20.65
10803,23.26,21.80,21.37,21.15
10819,21.35,22.29,21.85,21.62
10835,19.31,22.84,22.35,22.06
10851,20.31,23.46,22.92,22.57
10867,19.32,24.16,23.52,23.09
10883,25.73,24.83,24.22,23.84
10899,25.20,25.51,24.91,24.54
10915,23.14,26.24,25.59,25.17
10931,23.01,27.01,26.29,25.81
10947,22.90,27.85,27.05,26.48
10963,25.98,28.76,27.92,27.32
10979,26.42,29.70,28.81,28.16
10995,31.41,30.53,29.68,29.08
11011,34.58,31.26,30.49,30.00
11027,31.95,31.90,31.14,30.67
11043,28.92,32.47,31.67,31.14
11059,28.64,33.11,32.23,31.64
11075,29.57,33.89,32.94,32.28
11091,33.91,34.72,33.77,33.13
11107,37.07,35.45,34.56,33.98
11123,36.30,36.08,35.20,34.66
11139,36.28,36.66,35.80,35.28
11155,35.55,37.18,36.30,35.78
11171,35.77,37.69,36.79,36.25
11187,35.19,38.26,37.31,36.74
11203,33.74,38.91,37.89,37.23
11219,38.59,39.64,38.61,37.96
11235,42.67,40.31,39.35,38.79
11251,42.14,40.86,39.94,39.44
11267,40.24,41.33,40.41,39.91
11283,42.85,41.75,40.87,40.43
11299,41.60,42.14,41.27,40.84
11315,37.51,42.58,41.62,41.11
11331,38.31,43.16,42.12,41.54
11347,42.97,43.78,42.75,42.19
11363,47.21,44.29,43.34,42.87
11379,46.28,44.69,43.79,43.38
11395,45.21,45.04,44.16,43.79
11411,45.73,45.36,44.51,44.17
11427,45.68,45.66,44.82,44.51
11443,44.63,45.95,45.10,44.79
11459,44.67,46.21,45.35,45.03
11475,44.13,46.51,45.62,45.28
11491,45.36,46.86,45.96,45.61
11507,46.58,47.21,46.31,45.97
11523,47.18,47.48,46.60,46.28
11539,48.95,47.69,46.85,46.58
11555,45.82,47.90,47.03,46.75
11571,44.64,48.18,47.26,46.92
11587,47.61,48.47,47.55,47.22
11603,50.31,48.69,47.82,47.56
11619,47.36,48.90,48.02,47.75
11635,47.55,49.08,48.19,47.91
11651,49.70,49.21,48.34,48.10
11667,50.00,49.31,48.47,48.27
11683,46.97,49.45,48.58,48.35
11699,47.43,49.66,48.76,48.51
11715,49.08,49.88,48.99,48.74
11731,49.38,50.05,49.16,48.92
11747,50.07,50.14,49.27,49.06
11763,52.20,50.18,49.36,49.22
11779,48.97,50.20,49.38,49.23
11795,47.69,50.29,49.43,49.25
11811,49.65,50.37,49.51,49.34
11827,51.79,50.39,49.58,49.47
11843,50.63,50.38,49.59,49.50
11859,47.75,50.36,49.53,49.41
11875,48.78,50.33,49.49,49.35
11891,48.61,50.33,49.47,49.32
11907,47.61,50.38,49.49,49.30
11923,47.61,50.48,49.55,49.32
11939,50.71,50.56,49.65,49.45
11955,50.88,50.60,49.71,49.54
11971,49.93,50.60,49.72,49.56
11987,50.57,50.60,49.73,49.60
12003,48.10,50.64,49.74,49.57
12019,47.48,50.75,49.80,49.59
12035,51.66,50.86,49.94,49.77
12051,53.44,50.91,50.07,49.97
12067,51.54,50.93,50.11,50.05
12083,49.03,50.95,50.11,50.04
12099,48.34,51.02,50.15,50.04
12115,50.49,51.13,50.26,50.15
12131,51.12,51.22,50.37,50.28
12147,52.31,51.30,50.48,50.44
12163,52.23,51.33,50.55,50.55
12179,50.57,51.37,50.59,50.59
12195,51.64,51.39,50.62,50.65
12211,50.83,51.40,50.64,50.67
12227,49.42,51.47,50.68,50.69
12243,50.10,51.56,50.76,50.75
12259,52.70,51.63,50.87,50.90
12275,53.31,51.66,50.95,51.03
12291,50.28,51.68,50.95,51.02
12307,48.43,51.74,50.96,50.98
12323,50.84,51.82,51.04,51.05
12339,53.10,51.86,51.12,51.18
12355,52.16,51.85,51.13,51.21
12371,50.60,51.83,51.10,51.17
12387,50.61,51.82,51.08,51.14
12403,50.37,51.83,51.07,51.12
12419,50.43,51.87,51.10,51.13
12435,50.97,51.91,51.14,51.16
12451,52.66,51.91,51.17,51.23
12467,51.31,51.90,51.16,51.22
12483,48.30,51.92,51.12,51.12
12499,49.18,51.98,51.15,51.11
12515,51.35,52.03,51.19,51.16
12531,53.62,52.02,51.24,51.26
12547,52.09,51.99,51.23,51.26
12563,51.51,51.96,51.20,51.25
12579,50.24,51.96,51.18,51.21
12595,51.04,51.99,51.21,51.23
12611,51.85,52.02,51.25,51.28
12627,52.81,52.03,51.29,51.36
12643,52.10,52.02,51.29,51.38
12659,50.98,52.02,51.29,51.37
12675,51.37,52.05,51.32,51.40
12691,51.57,52.10,51.37,51.45
12707,51.78,52.13,51.42,51.51
12723,51.99,52.15,51.44,51.54
12739,52.23,52.15,51.46,51.58
12755,52.23,52.16,51.48,51.62
12771,51.36,52.16,51.49,51.62
12787,50.76,52.18,51.49,51.60
12803,51.20,52.18,51.48,51.59
12819,51.32,52.18,51.48,51.58
12835,51.67,52.16,51.46,51.57
12851,50.85,52.14,51.43,51.52
12867,50.40,52.13,51.40,51.47
12883,51.38,52.12,51.39,51.45
12899,51.26,52.09,51.36,51.42
12915,51.13,52.07,51.34,51.39
12931,51.61,52.07,51.34,51.40
12947,51.05,52.07,51.33,51.38
12963,51.67,52.04,51.31,51.37
12979,51.21,52.00,51.27,51.33
12995,51.53,51.94,51.22,51.29
13011,51.87,51.89,51.18,51.26
13027,50.60,51.85,51.13,51.19
13043,51.08,51.81,51.09,51.16
13059,50.46,51.75,51.02,51.07
13075,51.82,51.66,50.95,51.02
13091,52.41,51.53,50.85,50.95
13107,51.37,51.36,50.69,50.81
13123,49.74,51.18,50.50,50.60
13139,50.01,51.01,50.32,50.41
13155,51.73,50.77,50.11,50.24
13171,52.23,50.44,49.83,50.01
13187,53.78,49.96,49.44,49.71
13203,50.48,49.33,48.85,49.15
13219,41.12,48.68,48.06,48.20
13235,45.57,48.20,47.53,47.63
13251,45.04,47.87,47.16,47.21
13267,45.77,47.51,46.77,46.80
13283,51.10,47.00,46.37,46.50
13299,48.08,46.43,45.85,46.02
13315,44.26,45.90,45.29,45.44
13331,43.78,45.40,44.77,44.89
13347,44.53,44.88,44.25,44.39
13363,44.86,44.33,43.73,43.88
13379,43.35,43.73,43.13,43.29
13395,44.99,43.03,42.48,42.69
13411,46.88,42.24,41.79,42.11
13427,44.10,41.34,40.96,41.35
13443,39.35,40.40,40.01,40.37
13459,36.68,39.53,39.09,39.39
13475,35.28,38.72,38.22,38.45
13491,36.07,37.91,37.38,37.58
13507,37.16,37.03,36.51,36.72
13523,35.31,36.08,35.56,35.76
13539,34.68,35.12,34.60,34.80
13555,32.11,34.25,33.70,33.86
13571,29.18,33.52,32.90,32.97
13587,29.09,32.93,32.24,32.24
13603,32.21,32.34,31.66,31.68
13619,33.98,31.65,31.04,31.12
13635,32.58,30.85,30.28,30.41
13651,28.23,30.05,29.45,29.55
13667,27.05,29.36,28.73,28.79
13683,26.57,28.76,28.10,28.12
13699,27.63,28.17,27.51,27.53
13715,26.68,27.50,26.83,26.85
13731,26.56,26.75,26.10,26.13
13747,25.31,26.00,25.35,25.38
13763,25.29,25.33,24.69,24.73
13779,26.29,24.67,24.07,24.16
13795,25.53,23.91,23.36,23.49
13811,21.99,23.05,22.49,22.61
13827,20.48,22.16,21.57,21.67
13843,21.33,21.26,20.69,20.79
13859,21.01,20.31,19.77,19.90
13875,19.16,19.40,18.86,19.00
13891,16.63,18.59,18.02,18.12
13907,17.54,17.84,17.28,17.38
13923,16.08,17.11,16.54,16.63
13939,14.68,16.40,15.80,15.87
13955,15.02,15.69,15.09,15.16
13971,14.87,15.04,14.46,14.53
13987,13.74,14.48,13.88,13.95
14003,12.94,13.96,13.36,13.41
14019,12.18,13.42,12.81,12.85
14035,13.03,12.80,12.21,12.26
14051,10.98,12.12,11.52,11.56
14067,11.20,11.45,10.85,10.89
14083,11.08,10.80,10.22,10.29
14099,11.44,10.12,9.58,9.69
14115,9.47,9.39,8.86,8.98
14130,9.51,8.71,8.20,8.35
14145,8.83,8.06,7.58,7.74
14160,8.96,7.42,6.98,7.19
14175,8.36,6.78,6.38,6.62
14190,7.01,6.09,5.71,5.98
14205,6.53,5.36,5.01,5.31
14220,4.89,4.66,4.33,4.64
14235,4.85,4.07,3.76,4.09
14250,4.05,3.53,3.23,3.57
14265,6.10,3.05,2.83,3.22
14280,4.08,2.64,2.45,2.87
14295,4.07,2.20,2.05,2.52
14310,2.94,1.75,1.63,2.11
14325,2.87,1.26,1.17,1.68
14340,1.95,0.80,0.73,1.26
14355,0.37,0.38,0.32,0.84
14370,1.43,-0.05,-0.08,0.46
14386,2.41,-0.53,-0.50,0.09
14402,1.60,-0.97,-0.89,-0.25
14418,-0.20,-1.37,-1.27,-0.62
14434,-1.08,-1.72,-1.61,-0.96
14450,-0.88,-2.09,-1.96,-1.29
14466,0.26,-2.48,-2.29,-1.58
14482,-0.01,-2.85,-2.61,-1.86
14498,-1.06,-3.20,-2.92,-2.14
14514,-4.03,-3.58,-3.32,-2.57
14530,-6.58,-4.03,-3.83,-3.14
14546,-7.03,-4.58,-4.43,-3.81
14562,-6.20,-5.26,-5.13,-4.55
14578,-6.32,-6.01,-5.88,-5.32
14594,-8.33,-6.78,-6.69,-6.17
14610,-8.01,-7.58,-7.51,-7.01
14626,-6.47,-8.36,-8.25,-7.72
14642,-6.76,-9.01,-8.85,-8.29
14658,-6.59,-9.56,-9.35,-8.74
14674,-7.11,-10.01,-9.74,-9.09
14690,-7.62,-10.31,-10.00,-9.30
14706,-7.74,-10.59,-10.23,-9.49
14722,-8.58,-10.91,-10.50,-9.73
14738,-10.26,-11.20,-10.78,-10.01
14754,-10.44,-11.42,-10.99,-10.23
14770,-11.51,-11.62,-11.20,-10.46
14786,-10.39,-11.87,-11.42,-10.67
14802,-12.29,-12.20,-11.77,-11.04
14818,-14.60,-12.60,-12.22,-11.56
14834,-12.63,-13.03,-12.65,-12.00
14850,-11.70,-13.40,-12.99,-12.32
14866,-11.72,-13.76,-13.32,-12.63
14882,-13.34,-14.20,-13.75,-13.07
14898,-15.76,-14.72,-14.30,-13.66
14914,-16.84,-15.28,-14.90,-14.32
14930,-17.57,-15.82,-15.48,-14.96
14946,-17.62,-16.37,-16.06,-15.58
14962,-18.80,-16.96,-16.70,-16.27
14978,-19.16,-17.58,-17.35,-16.98
14994,-18.02,-18.22,-17.99,-17.63
15010,-17.88,-18.82,-18.57,-18.20
15026,-18.15,-19.32,-19.06,-18.67
15042,-18.26,-19.78,-19.49,-19.09
15058,-19.98,-20.23,-19.95,-19.56
15074,-21.71,-20.69,-20.43,-20.08
15090,-21.25,-21.17,-20.92,-20.58
15106,-21.69,-21.65,-21.40,-21.08
15122,-21.76,-22.14,-21.89,-21.57
15138,-22.05,-22.63,-22.37,-22.06
15154,-22.25,-23.09,-22.82,-22.50
15170,-22.72,-23.53,-23.25,-22.93
15186,-22.45,-23.95,-23.65,-23.30
15202,-23.33,-24.36,-24.04,-23.69
15218,-23.59,-24.75,-24.42,-24.06
15234,-24.96,-25.14,-24.81,-24.47
15250,-27.27,-25.54,-25.25,-24.96
15266,-32.20,-26.05,-25.89,-25.75
15282,-29.45,-26.72,-26.62,-26.54
15298,-31.21,-27.46,-27.44,-27.45
15314,-29.86,-28.24,-28.25,-28.30
15330,-30.95,-29.07,-29.11,-29.21
15346,-30.12,-29.95,-30.00,-30.09
15362,-28.78,-30.86,-30.87,-30.92
15378,-29.65,-31.76,-31.72,-31.73
15394,-29.46,-32.60,-32.50,-32.44
15410,-28.93,-33.35,-33.17,-33.02
15426,-27.80,-34.05,-33.74,-33.47
15442,-32.53,-34.67,-34.33,-34.02
15458,-30.00,-35.22,-34.78,-34.37
15474,-30.15,-35.60,-35.06,-34.55
15490,-30.04,-35.75,-35.10,-34.49
15506,-34.86,-35.83,-35.18,-34.58
15522,-39.90,-36.00,-35.44,-34.95
15538,-42.61,-36.28,-35.86,-35.52
15554,-42.43,-36.64,-36.34,-36.15
15570,-41.17,-37.08,-36.87,-36.78
15586,-38.85,-37.54,-37.36,-37.30
15602,-38.09,-37.96,-37.78,-37.74
15618,-38.42,-38.35,-38.18,-38.15
15634,-38.93,-38.72,-38.56,-38.53
15650,-40.26,-39.06,-38.92,-38.93
15666,-41.39,-39.41,-39.31,-39.37
15682,-41.95,-39.78,-39.73,-39.84
15698,-42.06,-40.17,-40.16,-40.31
15714,-42.27,-40.53,-40.56,-40.74
15730,-42.95,-40.90,-40.97,-41.20
15746,-43.69,-41.30,-41.42,-41.70
15762,-44.11,-41.72,-41.88,-42.21
15778,-42.55,-42.14,-42.30,-42.63
15794,-42.74,-42.52,-42.68,-43.01
15810,-43.58,-42.89,-43.07,-43.40
15826,-43.68,-43.28,-43.46,-43.79
15842,-43.74,-43.63,-43.81,-44.15
15858,-43.73,-43.98,-44.15,-44.47
15874,-44.19,-44.32,-44.49,-44.80
15890,-45.15,-44.67,-44.84,-45.15
15906,-46.98,-45.02,-45.22,-45.57
15922,-47.84,-45.40,-45.65,-46.04
15938,-46.16,-45.80,-46.05,-46.44
15954,-45.34,-46.19,-46.42,-46.79
15970,-45.76,-46.59,-46.80,-47.13
15986,-47.19,-46.98,-47.19,-47.52
16002,-48.62,-47.40,-47.63,-47.98
16018,-48.42,-47.86,-48.10,-48.45
16034,-48.08,-48.33,-48.55,-48.89
16050,-48.12,-48.79,-49.00,-49.31
16066,-48.75,-49.26,-49.46,-49.75
16082,-49.23,-49.72,-49.90,-50.17
16098,-49.58,-50.16,-50.32,-50.57
16114,-49.87,-50.58,-50.73,-50.96
16130,-49.08,-51.00,-51.10,-51.28
16146,-48.49,-51.36,-51.41,-51.52
16162,-48.41,-51.66,-51.64,-51.68
16178,-51.38,-51.92,-51.89,-51.91
16194,-54.18,-52.19,-52.20,-52.27
16210,-56.14,-52.49,-52.58,-52.72
16226,-54.82,-52.82,-52.94,-53.13
16242,-53.75,-53.16,-53.30,-53.49
16258,-53.40,-53.49,-53.62,-53.80
16274,-54.91,-53.80,-53.95,-54.15
16290,-54.20,-54.10,-54.25,-54.45
16306,-53.60,-54.39,-54.52,-54.69
16322,-53.84,-54.63,-54.74,-54.89
16338,-54.87,-54.86,-54.97,-55.12
16354,-55.33,-55.08,-55.19,-55.34
16370,-56.10,-55.27,-55.40,-55.56
16386,-57.67,-55.48,-55.64,-55.85
16402,-58.90,-55.72,-55.95,-56.21
16418,-56.45,-55.99,-56.22,-56.49
16434,-54.57,-56.25,-56.44,-56.66
16450,-53.42,-56.45,-56.57,-56.72
16466,-54.56,-56.60,-56.69,-56.78
16482,-58.28,-56.75,-56.87,-56.99
16498,-60.72,-56.97,-57.16,-57.36
16514,-60.85,-57.24,-57.50,-57.77
16530,-57.64,-57.55,-57.80,-58.06
16546,-56.55,-57.84,-58.06,-58.28
16562,-56.69,-58.10,-58.28,-58.47
16578,-56.47,-58.32,-58.47,-58.61
16594,-57.09,-58.52,-58.63,-58.73
16610,-59.81,-58.70,-58.83,-58.96
16626,-61.39,-58.90,-59.08,-59.25
16642,-61.16,-59.13,-59.35,-59.56
16658,-59.61,-59.35,-59.57,-59.77
16674,-59.61,-59.55,-59.76,-59.96
16690,-60.26,-59.72,-59.94,-60.14
16706,-62.20,-59.90,-60.16,-60.40
16722,-62.26,-60.12,-60.42,-60.69
16738,-60.91,-60.34,-60.65,-60.92
16754,-61.16,-60.57,-60.88,-61.16
16770,-60.72,-60.81,-61.11,-61.38
16786,-59.28,-61.01,-61.28,-61.50
16802,-60.57,-61.20,-61.45,-61.64
16818,-62.23,-61.38,-61.64,-61.84
16834,-62.08,-61.56,-61.83,-62.03
16850,-60.83,-61.71,-61.95,-62.13
16866,-62.22,-61.85,-62.10,-62.27
16882,-63.37,-62.00,-62.27,-62.46
16898,-60.77,-62.13,-62.37,-62.52
16914,-59.41,-62.21,-62.38,-62.46
16930,-61.04,-62.23,-62.37,-62.42
16946,-63.67,-62.25,-62.42,-62.50
16962,-64.26,-62.30,-62.51,-62.62
16978,-64.02,-62.36,-62.59,-62.74
16994,-64.41,-62.42,-62.70,-62.88
17010,-63.69,-62.50,-62.79,-62.98
17026,-63.27,-62.58,-62.88,-63.08
17042,-65.23,-62.68,-63.02,-63.27
17058,-66.19,-62.82,-63.22,-63.53
17074,-63.11,-62.97,-63.36,-63.66
17090,-62.24,-63.08,-63.46,-63.72
17106,-63.71,-63.19,-63.56,-63.82
17122,-66.14,-63.32,-63.75,-64.05
17138,-66.84,-63.51,-63.99,-64.36
17154,-64.91,-63.73,-64.23,-64.60
17170,-62.69,-63.94,-64.40,-64.73
17186,-61.21,-64.10,-64.49,-64.74
17202,-60.69,-64.19,-64.51,-64.67
17218,-63.00,-64.24,-64.52,-64.65
17234,-66.86,-64.28,-64.61,-64.78
17250,-68.85,-64.36,-64.78,-65.03
17266,-66.24,-64.48,-64.92,-65.21
17282,-62.03,-64.58,-64.96,-65.17
17298,-59.50,-64.59,-64.86,-64.95
17314,-60.68,-64.52,-64.71,-64.70
17330,-63.05,-64.40,-64.56,-64.52
17346,-67.21,-64.27,-64.49,-64.51
17362,-71.19,-64.21,-64.56,-64.72
17378,-67.98,-64.20,-64.62,-64.85
17394,-64.23,-64.20,-64.61,-64.83
17410,-62.94,-64.16,-64.54,-64.73
17426,-62.96,-64.10,-64.45,-64.59
17442,-64.33,-64.01,-64.36,-64.50
17458,-64.88,-63.91,-64.27,-64.42
17474,-65.00,-63.79,-64.17,-64.34
17490,-65.25,-63.68,-64.08,-64.27
17506,-63.58,-63.54,-63.93,-64.11
17522,-62.75,-63.36,-63.73,-63.89
17538,-60.44,-63.11,-63.42,-63.50
17554,-56.87,-62.73,-62.92,-62.86
17570,-52.46,-62.11,-62.10,-61.83
17586,-49.65,-61.19,-60.95,-60.44
17602,-51.94,-60.03,-59.64,-58.96
17618,-60.46,-58.78,-58.43,-57.80
17634,-68.13,-57.59,-57.46,-57.07
17650,-72.14,-56.54,-56.72,-56.68
17666,-67.29,-55.62,-56.03,-56.24
17682,-62.86,-54.76,-55.32,-55.70
17698,-57.60,-53.93,-54.55,-54.99
17714,-52.63,-53.05,-53.66,-54.06
17730,-52.37,-52.11,-52.70,-53.10
17746,-53.30,-51.13,-51.76,-52.18
17762,-53.86,-50.15,-50.84,-51.32
17778,-52.73,-49.18,-49.93,-50.46
17794,-51.64,-48.21,-49.01,-49.60
17810,-48.48,-47.21,-48.02,-48.60
17826,-44.83,-46.11,-46.88,-47.41
17842,-42.98,-44.90,-45.61,-46.08
17858,-44.74,-43.57,-44.30,-44.77
17874,-47.49,-42.20,-43.02,-43.57
17890,-47.50,-40.83,-41.76,-42.44
17906,-47.25,-39.48,-40.55,-41.36
17922,-46.12,-38.17,-39.38,-40.32
17938,-45.38,-36.89,-38.25,-39.34
17954,-44.82,-35.73,-37.23,-38.48
17970,-43.54,-34.68,-36.33,-37.71
17986,-41.05,-33.72,-35.49,-36.97
18002,-39.16,-32.81,-34.67,-36.23
18018,-37.51,-31.96,-33.89,-35.50
18034,-35.24,-31.11,-33.09,-34.72
18050,-32.61,-30.27,-32.25,-33.87
18066,-30.79,-29.42,-31.39,-32.97
18082,-29.01,-28.53,-30.47,-31.99
18098,-28.79,-27.61,-29.54,-31.02
18114,-29.50,-26.68,-28.62,-30.10
18130,-29.70,-25.75,-27.74,-29.22
18146,-29.63,-24.88,-26.92,-28.44
18162,-30.12,-24.04,-26.16,-27.75
18178,-29.38,-23.22,-25.42,-27.06
18194,-28.67,-22.41,-24.69,-26.39
18210,-26.29,-21.58,-23.92,-25.64
18226,-26.01,-20.74,-23.13,-24.89
18242,-25.54,-19.89,-22.35,-24.15
18258,-24.76,-19.04,-21.56,-23.40
18274,-24.55,-18.20,-20.80,-22.69
18290,-24.76,-17.41,-20.10,-22.06
18306,-26.91,-16.66,-19.51,-21.59
18322,-26.71,-15.99,-18.99,-21.22
18338,-23.04,-15.41,-18.50,-20.79
18354,-19.37,-14.85,-17.98,-20.25
18370,-17.55,-14.25,-17.38,-19.62
18386,-18.67,-13.63,-16.80,-19.04
18402,-17.32,-13.01,-16.19,-18.42
18418,-18.33,-12.39,-15.63,-17.88
18434,-16.30,-11.82,-15.08,-17.32
18450,-15.06,-11.27,-14.54,-16.75
18466,-13.09,-10.72,-13.98,-16.12
18482,-13.99,-10.25,-13.52,-15.63
18498,-13.57,-9.84,-13.12,-15.20
18514,-9.04,-9.50,-12.70,-14.66
18530,-9.26,-9.20,-12.35,-14.20
18546,-8.26,-8.94,-12.01,-13.74
18562,-7.28,-8.66,-11.63,-13.24
18578,-5.58,-8.31,-11.17,-12.61
18594,-3.06,-7.90,-10.61,-11.86
18610,-3.93,-7.52,-10.10,-11.18
18626,-6.11,-7.15,-9.66,-10.64
18642,-8.85,-6.83,-9.33,-10.27
18658,-12.31,-6.57,-9.13,-10.12
18674,-9.80,-6.32,-8.91,-9.89
18690,-11.66,-6.08,-8.72,-9.74
18706,-13.68,-5.85,-8.59,-9.70
18722,-11.15,-5.66,-8.46,-9.60
18738,-9.56,-5.51,-8.34,-9.48
18754,-4.70,-5.36,-8.12,-9.16
18770,0.76,-5.19,-7.78,-8.61
18786,-10.13,-5.04,-7.67,-8.53
18802,-13.16,-4.92,-7.67,-8.63
18818,-12.32,-4.83,-7.67,-8.71
18834,-7.08,-4.76,-7.58,-8.59
18850,0.00,-4.71,-7.39,-8.21
18866,-6.86,-4.69,-7.36,-8.14
18882,-6.30,-4.65,-7.30,-8.04
18898,2.71,-4.58,-7.03,-7.53
18914,1.30,-4.51,-6.80,-7.11
18930,2.97,-4.47,-6.56,-6.64
18946,19.51,-4.47,-6.04,-5.54
18962,12.63,-4.41,-5.60,-4.70
18978,23.81,-4.37,-4.98,-3.44
18994,5.31,-4.32,-4.73,-2.99
19010,9.32,-4.27,-4.39,-2.37
19026,23.16,-4.25,-3.82,-1.22
19042,15.76,-4.25,-3.43,-0.43
19058,11.36,-4.27,-3.15,0.13
19074,19.58,-4.29,-2.72,1.01
19090,24.41,-4.36,-2.24,2.03
19106,109.18,-4.49,-0.14,6.50
19122,22.47,-4.64,0.16,7.20
19138,17.05,-4.76,0.38,7.69
19154,17.37,-4.81,0.67,8.25
19170,5.81,-4.83,0.76,8.34
19185,1.94,-4.81,0.80,8.28
19200,8.50,-4.74,1.02,8.54
19215,9.91,-4.68,1.25,8.85
19230,10.08,-4.62,1.49,9.14
19246,12.11,-4.55,1.77,9.54
19262,4.69,-4.48,1.90,9.61
19277,-3.04,-4.39,1.89,9.36
19293,-3.33,-4.26,1.91,9.16
19309,-2.21,-4.10,1.99,9.02
19325,-2.72,-3.95,2.04,8.86
19341,-4.82,-3.86,2.00,8.56
19357,-2.78,-3.80,1.96,8.31
19373,-4.62,-3.72,1.90,8.00
19389,-5.47,-3.63,1.84,7.68
19405,-6.35,-3.52,1.79,7.35
19421,-4.53,-3.40,1.78,7.10
19437,-2.91,-3.29,1.79,6.92
19453,-0.93,-3.19,1.84,6.81
19469,0.90,-3.09,1.91,6.77
19484,-1.53,-2.96,1.98,6.66
19500,-4.52,-2.71,2.09,6.53
19516,-5.71,-2.42,2.22,6.40
19532,-3.70,-2.27,2.24,6.22
19548,-2.64,-2.21,2.20,5.99
19564,-0.42,-2.13,2.23,5.88
19580,-0.25,-2.03,2.28,5.79
19596,-4.78,-1.95,2.22,5.51
19612,-4.16,-1.88,2.16,5.24
19628,-2.71,-1.83,2.11,5.02
19644,-3.32,-1.74,2.09,4.81
19660,-1.95,-1.56,2.18,4.75
19676,-0.01,-1.45,2.25,4.70
19692,-1.20,-1.37,2.26,4.57
19708,-3.08,-1.35,2.17,4.31
19724,-2.52,-1.29,2.13,4.12
19740,-2.63,-1.27,2.06,3.89
19756,-1.84,-1.26,2.00,3.69
19772,-0.84,-1.19,2.01,3.59
19788,1.37,-1.09,2.09,3.61
19803,-0.96,-0.99,2.12,3.53
19819,-3.12,-0.87,2.13,3.38
19835,-2.63,-0.85,2.06,3.17
19851,-1.80,-0.88,1.95,2.93
19867,-0.65,-0.94,1.84,2.73
19883,-0.10,-0.99,1.76,2.57
19899,-0.09,-1.03,1.69,2.43
19915,-0.47,-1.08,1.59,2.25
19931,-0.11,-1.19,1.45,2.05
19947,-3.19,-1.30,1.25,1.72
19963,-2.87,-1.32,1.14,1.50
19979,-0.27,-1.31,1.13,1.43
19995,0.62,-1.27,1.15,1.42
20010,-1.29,-1.12,1.25,1.44
20026,-0.76,-0.88,1.45,1.57
20042,0.23,-0.70,1.60,1.67
20057,-0.61,-0.59,1.66,1.66
20073,-1.26,-0.49,1.70,1.62
20089,-1.52,-0.40,1.73,1.56
20105,0.02,-0.33,1.77,1.54
20120,-0.40,-0.24,1.81,1.53
20136,-0.64,-0.12,1.88,1.53
20152,0.52,0.03,1.99,1.60
20167,-1.86,0.20,2.09,1.61
20182,-0.28,0.44,2.27,1.73
20197,0.50,0.72,2.51,1.92
20212,1.23,1.05,2.81,2.19
20227,2.97,1.49,3.25,2.61
20242,3.31,2.10,3.84,3.19
20257,2.91,2.81,4.52,3.84
20272,5.25,3.54,5.25,4.57
20287,4.45,4.28,5.96,5.24
20302,3.87,5.03,6.65,5.87
20317,6.18,5.78,7.38,6.58
20332,7.63,6.55,8.14,7.33
20347,10.06,7.32,8.93,8.15
20363,8.37,8.26,9.84,9.03
20378,8.95,9.26,10.81,9.96
20393,10.88,10.23,11.76,10.90
20409,11.25,11.14,12.63,11.75
20425,12.21,12.00,13.47,12.56
20441,11.90,12.91,14.33,13.37
20457,14.20,13.82,15.22,14.25
20473,13.06,14.75,16.08,15.06
20489,15.92,15.70,17.02,15.98
20505,16.37,16.64,17.93,16.86
20521,19.26,17.58,18.87,17.82
20537,22.51,18.46,19.81,18.83
20553,20.25,19.28,20.62,19.64
20569,22.42,20.00,21.36,20.42
20585,21.74,20.60,21.95,21.01
20601,23.55,21.12,22.50,21.59
20617,21.34,21.72,23.07,22.13
20633,22.79,22.40,23.72,22.77
20649,26.91,23.05,24.43,23.54
20665,27.84,23.70,25.13,24.32
20681,26.37,24.48,25.92,25.12
20697,28.56,25.29,26.77,26.02
20713,31.85,26.03,27.59,26.95
20729,31.95,26.70,28.34,27.78
20745,30.77,27.36,29.03,28.52
20761,28.66,28.02,29.68,29.15
20777,34.51,28.63,30.37,29.93
20793,35.67,29.14,30.97,30.65
20809,33.54,29.65,31.52,31.25
20825,34.64,30.15,32.08,31.86
20841,35.99,30.63,32.62,32.49
20857,32.87,31.20,33.19,33.05
20873,36.56,31.83,33.88,33.79
20889,43.23,32.33,34.55,34.66
20905,45.99,32.62,35.06,35.41
20921,37.82,32.83,35.33,35.73
20937,34.11,33.17,35.63,35.99
20953,36.50,33.55,36.02,36.39
20969,40.26,33.84,36.39,36.84
20985,41.13,34.06,36.70,37.24
21001,40.23,34.24,36.95,37.55
21017,41.18,34.43,37.21,37.90
21033,40.06,34.61,37.46,38.18
21049,42.34,34.80,37.74,38.56
21065,40.65,34.96,37.95,38.82
21081,35.41,35.09,38.03,38.82
21097,43.12,35.29,38.33,39.22
21113,43.68,35.41,38.55,39.54
21129,38.47,35.52,38.65,39.62
21145,39.68,35.65,38.80,39.78
21161,39.67,35.80,38.97,39.95
21177,40.03,36.03,39.22,40.20
21193,40.05,36.26,39.46,40.43
21209,40.93,36.55,39.77,40.76
21225,42.97,36.85,40.13,41.17
21241,47.56,37.09,40.52,41.69
21257,48.31,37.18,40.75,42.07
21273,45.41,37.17,40.84,42.24
21289,41.39,37.22,40.90,42.28
21305,39.86,37.35,41.01,42.35
21321,43.94,37.52,41.23,42.61
21337,45.33,37.64,41.43,42.87
21353,44.75,37.72,41.58,43.07
21369,46.55,37.72,41.68,43.25
21385,46.93,37.63,41.70,43.36
21401,42.82,37.53,41.62,43.28
21417,38.72,37.53,41.56,43.13
21433,40.47,37.65,41.66,43.17
21449,44.57,37.78,41.84,43.39
21465,47.33,37.82,41.99,43.63
21481,47.69,37.77,42.05,43.78
21497,44.07,37.66,41.99,43.73
21513,40.42,37.59,41.88,43.57
21529,41.45,37.61,41.90,43.55
21545,43.16,37.66,41.98,43.62
21561,44.62,37.68,42.04,43.71
21577,44.98,37.64,42.06,43.76
21593,43.74,37.57,42.03,43.74
21609,42.65,37.52,42.00,43.69
21625,42.15,37.54,42.02,43.68
21641,43.00,37.59,42.09,43.74
21657,42.35,37.68,42.18,43.81
21673,44.65,37.78,42.32,43.97
21689,43.57,37.84,42.41,44.05
21705,45.76,37.89,42.53,44.21
21721,43.24,37.98,42.63,44.29
21737,46.60,38.07,42.80,44.51
21753,47.18,38.10,42.91,44.69
21769,46.00,38.09,42.97,44.78
21785,45.80,38.06,42.99,44.83
21801,45.01,38.01,42.98,44.83
21817,43.32,38.00,42.98,44.80
21833,44.01,38.03,43.03,44.83
21849,45.62,38.04,43.09,44.91
21865,46.00,38.03,43.14,44.99
21881,46.50,37.98,43.16,45.05
21897,44.03,37.91,43.11,44.98
21913,42.58,37.86,43.05,44.88
21929,41.93,37.87,43.03,44.80
21945,43.89,37.87,43.05,44.80
21961,44.87,37.83,43.05,44.81
21977,43.40,37.77,42.99,44.73
21993,42.29,37.69,42.91,44.59
22009,42.90,37.61,42.83,44.48
22025,43.35,37.49,42.72,44.35
22041,42.72,37.33,42.56,44.16
22057,41.94,37.13,42.36,43.91
22073,42.13,36.93,42.15,43.67
22089,43.80,36.69,41.95,43.48
22105,44.72,36.38,41.70,43.27
22121,44.32,35.96,41.35,42.95
22137,42.58,35.46,40.88,42.48
22153,41.62,34.86,40.31,41.90
22169,39.84,34.14,39.59,41.16
22185,38.11,33.35,38.79,40.31
22201,36.57,32.60,38.01,39.46
22217,33.58,31.93,37.26,38.61
22233,32.33,31.33,36.58,37.80
22249,32.99,30.77,35.96,37.08
22265,37.28,30.13,35.36,36.49
22281,40.63,29.30,34.64,35.89
22297,40.06,28.23,33.71,35.07
22313,33.72,27.06,32.56,33.91
22329,28.53,26.00,31.44,32.70
22345,28.32,25.05,30.44,31.62
22361,24.82,24.10,29.40,30.45
22377,25.06,23.15,28.39,29.34
22393,27.85,22.11,27.36,28.30
22409,31.89,20.84,26.20,27.24
22425,28.20,19.45,24.88,25.97
22441,24.40,18.20,23.65,24.73
22457,17.04,17.14,22.48,23.41
22473,20.19,16.09,21.40,22.28
22489,17.24,15.05,20.30,21.09
22505,17.33,13.95,19.16,19.89
22521,12.30,13.12,18.21,18.79
22537,19.09,12.16,17.29,17.88
22553,14.80,11.16,16.26,16.81
22569,12.46,10.24,15.28,15.75
22585,13.20,9.50,14.51,14.93
22601,14.69,8.79,13.82,14.25
22617,14.70,7.98,13.04,13.49
22633,10.54,7.00,12.03,12.43
22649,8.00,5.85,10.83,11.15
22665,6.27,4.72,9.63,9.86
22680,5.75,3.77,8.62,8.78
22695,6.56,2.86,7.68,7.80
22710,5.61,1.91,6.71,6.80
22725,5.38,0.93,5.73,5.80
22740,3.51,-0.05,4.72,4.76
22755,2.66,-1.02,3.73,3.74
22770,1.93,-2.00,2.73,2.72
22785,-0.03,-2.98,1.71,1.65
22801,-1.47,-4.10,0.55,0.44
22817,-2.56,-5.31,-0.69,-0.85
22833,-1.28,-6.49,-1.86,-2.01
22849,-0.97,-7.58,-2.91,-3.02
22865,-2.07,-8.55,-3.85,-3.93
22881,-3.83,-9.43,-4.71,-4.77
22897,-5.60,-10.28,-5.56,-5.63
22913,-6.87,-11.16,-6.44,-6.53
22929,-6.81,-12.06,-7.34,-7.41
22945,-7.57,-12.99,-8.26,-8.32
22961,-9.31,-13.94,-9.21,-9.28
22977,-11.37,-14.94,-10.23,-10.33
22993,-11.72,-16.04,-11.33,-11.45
23009,-11.52,-17.17,-12.45,-12.55
23025,-11.74,-18.28,-13.52,-13.58
23041,-12.42,-19.37,-14.56,-14.58
23057,-14.82,-20.46,-15.64,-15.64
23073,-16.51,-21.54,-16.72,-16.72
23089,-17.27,-22.66,-17.83,-17.82
23105,-15.93,-23.74,-18.85,-18.78
23121,-15.71,-24.71,-19.73,-19.59
23137,-16.77,-25.55,-20.49,-20.27
23153,-18.71,-26.28,-21.18,-20.91
23169,-21.22,-26.95,-21.83,-21.55
23185,-22.63,-27.56,-22.45,-22.18
23201,-22.24,-28.15,-23.02,-22.75
23217,-22.65,-28.71,-23.57,-23.28
23233,-21.79,-29.17,-23.98,-23.65
23249,-22.02,-29.52,-24.28,-23.91
23265,-22.34,-29.77,-24.49,-24.08
23281,-21.67,-29.93,-24.59,-24.12
23297,-21.75,-29.93,-24.54,-24.02
23313,-22.42,-29.85,-24.41,-23.86
23329,-24.15,-29.72,-24.28,-23.73
23345,-25.05,-29.58,-24.16,-23.65
23361,-25.14,-29.41,-24.01,-23.54
23377,-23.84,-29.22,-23.82,-23.35
23393,-24.28,-29.02,-23.63,-23.19
23409,-24.61,-28.82,-23.46,-23.05
23425,-25.06,-28.63,-23.31,-22.95
23441,-24.31,-28.42,-23.12,-22.80
23457,-22.04,-28.11,-22.79,-22.46
23473,-21.73,-27.64,-22.31,-21.97
23489,-19.38,-26.99,-21.62,-21.24
23505,-20.80,-26.21,-20.83,-20.46
23521,-22.81,-25.34,-20.02,-19.72
23537,-22.01,-24.47,-19.20,-18.97
23553,-25.96,-23.71,-18.60,-18.54
23569,-27.69,-23.21,-18.29,-18.44
23585,-28.03,-22.96,-18.24,-18.61
23601,-25.15,-22.81,-18.23,-18.75
23617,-21.50,-22.73,-18.22,-18.80
23633,-18.67,-22.63,-18.13,-18.72
23649,-17.89,-22.42,-17.91,-18.50
23665,-17.47,-22.08,-17.58,-18.16
23681,-17.83,-21.71,-17.22,-17.80
23697,-18.13,-21.34,-16.88,-17.49
23713,-18.73,-20.97,-16.55,-17.20
23729,-18.80,-20.61,-16.24,-16.94
23745,-19.06,-20.29,-15.99,-16.75
23761,-19.53,-20.01,-15.78,-16.62
23777,-16.20,-19.75,-15.53,-16.37
23793,-15.51,-19.46,-15.25,-16.08
23809,-15.86,-19.13,-14.94,-15.78
23825,-15.91,-18.76,-14.60,-15.46
23841,-16.37,-18.35,-14.23,-15.13
23857,-15.28,-17.87,-13.78,-14.69
23873,-14.43,-17.33,-13.26,-14.18
23889,-14.39,-16.71,-12.67,-13.62
23905,-17.78,-16.08,-12.16,-13.22
23921,-17.97,-15.50,-11.71,-12.90
23937,-21.80,-15.00,-11.42,-12.82
23953,-18.73,-14.61,-11.18,-12.72
23969,-17.82,-14.28,-11.00,-12.67
23985,-11.15,-13.89,-10.61,-12.27
24001,-11.29,-13.41,-10.15,-11.81
24017,-7.65,-12.87,-9.58,-11.16
24033,-9.42,-12.33,-9.05,-10.62
24049,-12.00,-11.80,-8.59,-10.21
24065,-16.98,-11.25,-8.22,-10.01
24081,-23.26,-10.69,-7.97,-10.07
24097,-27.34,-10.18,-7.85,-10.35
24113,-32.55,-9.71,-7.88,-10.89
24129,-43.45,-9.30,-8.19,-11.93
24145,-68.55,-8.96,-9.07,-14.06
24161,-39.81,-8.68,-9.41,-15.01
24177,-17.51,-8.43,-9.33,-15.02
24193,-16.57,-8.15,-9.20,-14.97
24209,-20.42,-7.86,-9.14,-15.06
24225,-141.95,-7.60,-11.54,-20.25
24241,-167.61,-7.42,-14.49,-26.46
24257,-168.42,-7.32,-17.46,-32.59
24273,12.17,-7.26,-16.81,-31.08
24289,-15.98,-7.19,-16.73,-30.76
24305,-2.02,-6.98,-16.23,-29.72
24321,119.05,-6.73,-13.28,-23.63
24337,-177.06,-6.52,-16.35,-30.09
24353,-173.15,-6.38,-19.35,-36.27
24369,-179.11,-6.35,-22.52,-42.64
24385,-179.26,-6.40,-25.69,-48.90
24401,-14.04,-6.47,-25.53,-48.12
24417,1.97,-6.48,-25.00,-46.63
24433,23.30,-6.44,-23.99,-44.23
24449,176.82,-6.42,-19.95,-35.50
24465,-169.08,-6.41,-22.93,-41.44
24481,175.82,-6.44,-18.98,-32.87
24497,178.84,-6.49,-15.07,-24.42
24513,26.08,-6.54,-14.30,-22.56
24529,-84.29,-6.56,-15.72,-25.33
24545,-165.47,-6.60,-18.75,-31.41
24561,-146.63,-6.67,-21.37,-36.57
24577,-50.19,-6.74,-22.02,-37.57
24593,-17.78,-6.81,-22.01,-37.18
24609,-11.97,-6.86,-21.86,-36.53
24625,-8.43,-6.87,-21.60,-35.71
24641,-53.27,-6.88,-22.24,-36.77
24657,-65.85,-6.89,-23.12,-38.32
24673,-96.71,-6.91,-24.61,-41.13
24689,-32.51,-6.93,-24.79,-41.17
24705,-15.00,-6.93,-24.59,-40.46
24721,-33.69,-6.92,-24.77,-40.53
24737,-65.06,-6.92,-25.57,-41.92
24753,-35.84,-6.93,-25.78,-42.04
24769,-33.69,-6.92,-25.93,-42.06
24785,-99.29,-6.90,-27.38,-44.79
24801,-150.26,-6.90,-29.84,-49.59
24817,-45.00,-6.92,-30.16,-49.87
24833,-36.87,-6.93,-30.31,-49.80
24849,-19.86,-6.93,-30.10,-49.01
24865,-45.00,-6.94,-30.40,-49.28
24881,-150.69,-6.95,-32.82,-53.95
24897,-125.84,-6.98,-34.72,-57.47
24913,-28.77,-7.01,-34.62,-56.83
24929,-22.47,-7.04,-34.41,-55.94
24945,-6.69,-7.06,-33.88,-54.40
24961,-26.39,-7.08,-33.74,-53.72
24977,-68.61,-7.11,-34.47,-54.81
24993,-74.55,-7.17,-35.33,-56.15
25009,-77.35,-7.27,-36.27,-57.60
25025,-53.13,-7.43,-36.76,-58.05
25041,-16.16,-7.65,-36.56,-56.99
25057,-1.61,-7.87,-36.08,-55.34
25073,-11.66,-8.06,-35.78,-54.12
25089,-4.51,-8.22,-35.31,-52.60
25105,-6.46,-8.37,-34.88,-51.18
25121,-13.10,-8.46,-34.53,-50.01
25137,-14.89,-8.49,-34.17,-48.89
25153,-19.41,-8.49,-33.87,-47.95
25169,-12.14,-8.47,-33.42,-46.70
25185,-1.07,-8.47,-32.78,-45.05
25201,-2.45,-8.41,-32.11,-43.45
25217,-1.08,-8.24,-31.32,-41.71
25233,-7.19,-7.99,-30.60,-40.20
25249,-8.27,-7.71,-29.87,-38.75
25265,-14.61,-7.39,-29.25,-37.57
25281,-16.86,-7.13,-28.76,-36.58
25297,-12.48,-6.99,-28.29,-35.54
25313,-8.82,-6.96,-27.87,-34.48
25329,-2.28,-7.02,-27.41,-33.27
25345,-3.61,-7.09,-27.01,-32.16
25361,-2.01,-7.08,-26.50,-30.93
25377,-1.48,-7.01,-25.93,-29.65
25393,-3.25,-6.94,-25.41,-28.48
25409,-1.17,-6.89,-24.88,-27.29
25425,0.35,-6.85,-24.33,-26.06
25441,-0.22,-6.72,-23.72,-24.81
25457,-0.21,-6.48,-23.01,-23.49
25473,-2.14,-6.15,-22.28,-22.21
25489,-4.42,-5.83,-21.60,-21.06
25505,-4.15,-5.62,-21.05,-20.06
25521,-4.43,-5.50,-20.60,-19.18
25537,-2.47,-5.37,-20.11,-18.24
25553,-1.45,-5.15,-19.52,-17.20
25569,-3.26,-4.86,-18.91,-16.20
25585,-4.17,-4.59,-18.35,-15.29
25601,-4.17,-4.36,-17.84,-14.45
25617,-2.86,-4.18,-17.37,-13.64
25633,-1.45,-3.96,-16.83,-12.75
25649,-0.28,-3.62,-16.17,-11.73
25665,-1.41,-3.15,-15.42,-10.67
25681,-2.35,-2.59,-14.60,-9.59
25697,-2.17,-2.03,-13.81,-8.55
25713,-0.82,-1.55,-13.07,-7.57
25729,-1.19,-1.13,-12.43,-6.71
25745,-1.00,-0.77,-11.84,-5.91
25761,0.20,-0.45,-11.29,-5.14
25777,1.41,-0.16,-10.76,-4.39
25793,-0.97,0.15,-10.25,-3.73
25809,0.84,0.53,-9.66,-2.96
25825,0.97,0.88,-9.10,-2.24
25841,0.20,1.12,-8.69,-1.69
25857,0.74,1.27,-8.34,-1.22
25873,1.41,1.28,-8.15,-0.88
25889,-0.82,1.19,-8.08,-0.74
25905,1.40,1.07,-8.01,-0.54
25921,0.86,0.99,-7.91,-0.33
25937,1.24,0.96,-7.75,-0.06
25953,1.25,0.95,-7.59,0.20
25968,1.63,0.91,-7.45,0.44
25983,1.52,0.88,-7.30,0.67
25998,1.19,0.91,-7.09,0.94
26013,0.81,1.01,-6.84,1.24
26028,1.73,1.13,-6.55,1.59
26043,1.48,1.22,-6.30,1.89
26058,0.62,1.26,-6.12,2.09
26073,0.91,1.26,-5.99,2.25
26088,1.61,1.23,-5.86,2.41
26103,1.68,1.24,-5.70,2.60
26118,0.29,1.29,-5.53,2.77
26133,0.61,1.37,-5.33,2.97
26148,0.49,1.43,-5.15,3.14
26163,0.64,1.44,-5.02,3.26
26178,1.07,1.42,-4.93,3.35
26193,1.13,1.38,-4.85,3.43
26208,0.76,1.35,-4.76,3.49
26223,1.18,1.32,-4.67,3.57
26238,1.36,1.29,-4.58,3.66
26253,0.95,1.22,-4.54,3.68
26268,0.55,1.09,-4.56,3.63
26283,2.92,1.03,-4.47,3.74
26298,4.20,1.10,-4.24,4.02
26313,-2.12,1.20,-4.09,4.07
26329,0.17,1.30,-3.91,4.21
26344,1.46,1.36,-3.74,4.34
26359,0.91,1.40,-3.61,4.43
26374,0.99,1.41,-3.51,4.49
26389,1.51,1.40,-3.42,4.54
26404,1.91,1.42,-3.29,4.64
26419,0.70,1.51,-3.13,4.75
26434,0.35,1.61,-2.96,4.85
26449,1.58,1.69,-2.79,4.97
26464,6.00,1.70,-2.60,5.20
26479,1.65,1.66,-2.56,5.19
26494,0.90,1.60,-2.54,5.13
26509,1.82,1.55,-2.50,5.13
26524,1.56,1.52,-2.45,5.13
26539,1.50,1.50,-2.39,5.12
26554,0.85,1.48,-2.35,5.10
26569,3.36,1.47,-2.25,5.18
26584,1.59,1.46,-2.18,5.19
26599,-1.68,1.46,-2.17,5.07
26615,-0.12,1.49,-2.09,5.06
26631,-0.61,1.57,-1.99,5.07
26647,0.64,1.65,-1.86,5.12
26662,1.27,1.69,-1.75,5.16
26677,2.12,1.72,-1.65,5.20
26692,1.93,1.76,-1.54,5.25
26707,1.38,1.83,-1.41,5.30
26722,1.23,1.89,-1.30,5.34
26737,1.96,1.91,-1.21,5.36
26752,2.16,1.91,-1.14,5.37
26767,2.21,1.91,-1.08,5.37
26782,2.56,1.89,-1.03,5.37
26797,2.01,1.87,-0.99,5.34
26812,1.51,1.84,-0.96,5.29
26827,1.55,1.83,-0.93,5.25
26842,0.41,1.81,-0.92,5.16
26857,0.12,1.80,-0.91,5.07
26872,0.93,1.79,-0.88,5.01
26887,1.62,1.79,-0.83,4.99
26902,1.84,1.79,-0.77,4.98
26917,1.51,1.79,-0.73,4.95
26932,1.42,1.79,-0.69,4.91
26947,1.36,1.78,-0.65,4.87
26962,1.49,1.78,-0.61,4.84
26977,1.66,1.78,-0.57,4.81
26992,1.31,1.77,-0.54,4.77
27007,1.46,1.77,-0.50,4.73
27022,1.20,1.78,-0.46,4.70
27037,1.57,1.78,-0.42,4.67
27052,1.65,1.78,-0.38,4.64
27067,1.28,1.78,-0.34,4.60
27082,1.41,1.78,-0.31,4.56
27097,1.42,1.78,-0.27,4.52
27112,1.63,1.78,-0.24,4.49
27127,1.35,1.77,-0.21,4.45
27142,1.51,1.77,-0.18,4.41
27157,1.40,1.77,-0.15,4.37
27172,1.47,1.77,-0.12,4.33
27187,1.37,1.77,-0.08,4.29
27202,1.49,1.77,-0.06,4.26
27217,1.50,1.77,-0.02,4.22
27232,1.46,1.77,0.01,4.19
27247,1.66,1.77,0.04,4.16
27262,1.67,1.77,0.07,4.13
27277,1.52,1.77,0.10,4.09
27292,1.55,1.77,0.13,4.06
27307,1.58,1.77,0.16,4.02
27322,1.47,1.77,0.18,3.99
27337,1.34,1.77,0.21,3.95
27352,1.37,1.77,0.23,3.90
27367,1.50,1.77,0.26,3.87
27382,1.51,1.77,0.28,3.83
27397,1.44,1.76,0.30,3.79
27412,1.37,1.76,0.32,3.75
27427,1.47,1.77,0.35,3.72
27442,1.39,1.77,0.37,3.68
27457,1.42,1.77,0.39,3.64
27472,1.66,1.77,0.41,3.61
27487,1.44,1.76,0.43,3.57
27502,1.43,1.76,0.45,3.53
27517,1.26,1.76,0.46,3.49
27532,1.61,1.76,0.49,3.46
27547,1.28,1.76,0.50,3.42
27562,1.35,1.76,0.52,3.38
27577,1.39,1.76,0.54,3.34
27592,1.45,1.76,0.55,3.31
27607,1.35,1.76,0.57,3.27
27622,1.32,1.76,0.58,3.23
27637,1.62,1.76,0.60,3.20
27652,1.27,1.76,0.62,3.17
27667,1.64,1.76,0.64,3.14
27682,1.43,1.75,0.65,3.10
27697,1.37,1.75,0.66,3.07
27712,1.52,1.75,0.68,3.04
27727,1.29,1.75,0.69,3.00
27742,1.67,1.74,0.70,2.97
27757,1.36,1.74,0.72,2.94
27772,1.48,1.74,0.73,2.91
27787,1.39,1.74,0.74,2.87
27802,1.58,1.74,0.75,2.85
27817,1.64,1.73,0.77,2.83
27832,1.56,1.73,0.79,2.80
27847,1.46,1.73,0.80,2.78
27862,1.50,1.73,0.81,2.74
27877,1.51,1.73,0.82,2.72
27892,1.40,1.73,0.83,2.69
27907,1.40,1.72,0.84,2.66
27922,1.67,1.73,0.86,2.65
27937,1.57,1.73,0.87,2.63
27952,1.27,1.73,0.89,2.60
27967,1.30,1.73,0.89,2.57
27982,1.25,1.73,0.90,2.53
27997,1.35,1.73,0.91,2.50
28012,1.57,1.73,0.92,2.49
28027,1.51,1.73,0.93,2.47
28042,1.30,1.73,0.94,2.44
28057,1.64,1.73,0.96,2.42
28072,1.57,1.73,0.97,2.41
28087,1.31,1.73,0.97,2.38
28102,1.42,1.73,0.98,2.36
28117,1.49,1.73,0.99,2.34
28132,1.31,1.73,1.00,2.31
28147,1.54,1.73,1.01,2.29
28162,1.53,1.73,1.02,2.27
28177,1.39,1.72,1.02,2.25
28192,1.52,1.73,1.04,2.24
28207,1.24,1.73,1.04,2.21
28222,1.64,1.73,1.05,2.20
28237,1.25,1.73,1.06,2.17
28252,1.56,1.73,1.07,2.16
28267,1.22,1.73,1.07,2.13
28282,1.46,1.73,1.08,2.12
28297,1.53,1.73,1.09,2.11
28312,1.49,1.73,1.10,2.09
28327,1.50,1.73,1.11,2.08
28342,1.42,1.73,1.11,2.06
28357,1.51,1.73,1.12,2.04
28372,1.67,1.73,1.13,2.03
28387,1.38,1.73,1.13,2.01
28402,1.66,1.73,1.14,2.01
28417,1.40,1.72,1.14,1.99
28432,1.40,1.72,1.15,1.97
28447,1.22,1.72,1.15,1.95
28462,1.44,1.72,1.15,1.93
28477,1.51,1.71,1.15,1.91
28492,1.46,1.71,1.16,1.90
28507,1.30,1.72,1.17,1.88
28522,1.44,1.72,1.17,1.87
28537,1.36,1.72,1.18,1.86
28552,1.55,1.72,1.18,1.85
28567,1.72,1.72,1.19,1.85
28582,1.40,1.72,1.20,1.84
28597,1.49,1.72,1.21,1.83
28612,1.52,1.72,1.22,1.82
28627,1.41,1.72,1.22,1.81
28642,1.27,1.72,1.22,1.79
28657,1.48,1.72,1.22,1.78
28672,1.48,1.72,1.23,1.77
28687,1.50,1.72,1.23,1.76
28702,1.64,1.72,1.24,1.76
28717,1.23,1.72,1.24,1.74
28732,1.40,1.72,1.24,1.73
28747,1.51,1.72,1.25,1.72
28762,1.37,1.72,1.25,1.71
28777,1.32,1.72,1.25,1.70
28792,1.38,1.72,1.26,1.69
28807,1.59,1.72,1.26,1.69
28822,1.49,1.72,1.26,1.67
28837,1.69,1.71,1.27,1.67
28852,1.69,1.71,1.28,1.67
28867,1.17,1.71,1.27,1.65
28882,1.31,1.71,1.27,1.64
28897,1.51,1.71,1.27,1.63
28912,1.62,1.71,1.29,1.64
28927,1.61,1.72,1.30,1.64
28942,1.76,1.72,1.31,1.65
28957,1.46,1.72,1.31,1.64
28972,1.51,1.72,1.32,1.64
28987,1.67,1.71,1.32,1.64
29002,1.65,1.71,1.32,1.64
29017,1.57,1.71,1.33,1.64
29032,1.56,1.71,1.34,1.63
29047,1.45,1.71,1.34,1.63
29062,1.39,1.71,1.34,1.62
29077,1.43,1.71,1.34,1.61
29092,1.63,1.71,1.34,1.61
29107,1.55,1.71,1.35,1.61
29122,1.26,1.71,1.35,1.60
29137,1.55,1.71,1.35,1.59
29152,1.54,1.71,1.36,1.59
29167,1.50,1.71,1.36,1.59
29182,1.49,1.71,1.36,1.58
29197,1.55,1.71,1.37,1.58
29212,1.51,1.71,1.37,1.58
29227,1.62,1.71,1.37,1.58
29242,1.26,1.71,1.37,1.56
29257,1.50,1.71,1.37,1.56
29272,1.52,1.71,1.37,1.56
29287,1.25,1.71,1.37,1.55
29302,1.52,1.71,1.37,1.54
29317,1.47,1.71,1.37,1.54
29332,1.42,1.71,1.37,1.53
29347,1.28,1.71,1.37,1.52
29362,1.48,1.71,1.37,1.52
29377,1.45,1.71,1.38,1.52
29392,1.48,1.71,1.38,1.52
29407,1.69,1.71,1.39,1.53
29422,1.51,1.71,1.39,1.53
29437,1.63,1.71,1.39,1.53
29452,1.27,1.71,1.39,1.52
29467,1.45,1.71,1.39,1.51
29482,1.67,1.71,1.39,1.51
29497,1.43,1.71,1.40,1.51
29512,1.43,1.71,1.40,1.51
29527,1.57,1.70,1.40,1.50
29542,1.40,1.70,1.40,1.50
29557,1.61,1.70,1.40,1.50
29572,1.43,1.70,1.40,1.50
29587,1.55,1.71,1.41,1.50
29602,1.54,1.71,1.41,1.51
29617,1.55,1.71,1.42,1.51
29632,1.53,1.71,1.42,1.51
29647,1.52,1.71,1.42,1.51
29662,1.70,1.71,1.43,1.52
29677,1.35,1.71,1.42,1.51
29692,1.27,1.71,1.42,1.50
29707,1.45,1.71,1.42,1.49
29722,1.50,1.71,1.42,1.49
29737,1.44,1.71,1.43,1.49
29752,1.50,1.72,1.43,1.50
29767,1.20,1.72,1.44,1.49
29782,0.55,1.74,1.43,1.47
29797,0.70,1.76,1.43,1.45
29812,1.41,1.77,1.45,1.46
29827,1.60,1.79,1.47,1.49
29842,1.51,1.81,1.49,1.50
29857,2.02,1.82,1.51,1.53
29872,1.67,1.83,1.52,1.54
29887,1.57,1.83,1.53,1.55
29902,1.96,1.83,1.53,1.56
29917,1.58,1.83,1.53,1.55
29932,1.36,1.83,1.53,1.54
29947,1.44,1.82,1.52,1.54
29962,1.57,1.83,1.53,1.54
29977,1.58,1.82,1.52,1.53
29992,1.45,1.82,1.52,1.53
30007,1.50,1.82,1.52,1.52
30022,1.56,1.82,1.52,1.52
30037,1.52,1.82,1.52,1.52
30052,1.46,1.82,1.52,1.52
30067,1.48,1.82,1.52,1.52
30082,1.67,1.82,1.52,1.52
30097,1.59,1.82,1.52,1.52
30112,1.67,1.82,1.53,1.53
30127,1.41,1.82,1.52,1.52
30142,1.44,1.83,1.53,1.52
30157,1.51,1.83,1.53,1.52
30172,1.55,1.83,1.53,1.52
30187,1.47,1.83,1.53,1.52
30202,1.38,1.83,1.53,1.51
30217,1.35,1.83,1.53,1.50
30232,1.65,1.83,1.53,1.51
30247,1.48,1.83,1.53,1.51
30262,1.32,1.83,1.52,1.50
30277,1.47,1.83,1.52,1.49
30292,1.43,1.83,1.52,1.49
30307,3.44,1.83,1.56,1.56
30322,1.01,1.83,1.55,1.54
30337,-0.19,1.82,1.50,1.46
30352,-0.20,1.80,1.45,1.37
30367,0.61,1.80,1.43,1.34
30382,0.39,1.81,1.42,1.31
30397,0.08,1.84,1.42,1.28
30412,-0.21,1.88,1.43,1.26
30427,2.31,1.93,1.50,1.35
30442,2.83,2.01,1.60,1.47
30457,3.36,2.09,1.71,1.62
30472,4.61,2.15,1.83,1.79
30487,2.66,2.20,1.90,1.88
30502,-0.15,2.26,1.91,1.85
30517,2.25,2.25,1.91,1.86
30532,1.80,2.17,1.83,1.78
30547,2.12,2.19,1.86,1.81
30562,3.70,2.32,2.02,2.01
30577,3.50,2.53,2.26,2.27
30592,4.22,2.82,2.57,2.62
30607,3.49,3.15,2.92,2.97
30622,-0.87,3.59,3.27,3.24
30637,1.23,4.02,3.66,3.58
30652,6.24,4.50,4.18,4.14
30667,6.19,5.07,4.77,4.77
30682,7.24,5.68,5.43,5.46
30697,5.20,6.28,6.00,6.02
30712,4.69,6.77,6.46,6.43
30727,5.88,7.24,6.91,6.87
30742,7.19,7.65,7.31,7.27
30757,9.40,8.02,7.72,7.71
30772,8.27,8.44,8.15,8.14
30787,3.59,9.71,9.30,9.17
30802,5.93,11.82,11.30,11.06
30818,8.37,14.81,14.17,13.82
30834,13.16,18.27,17.54,17.11
30850,19.29,21.91,21.15,20.67
30866,24.90,25.52,24.75,24.29
30882,28.78,28.87,28.12,27.67
30898,42.35,31.77,31.25,31.04
30914,39.77,33.98,33.58,33.51
30930,40.88,35.52,35.24,35.29
30946,40.79,36.57,36.38,36.52
30962,37.49,37.40,37.22,37.36
30978,32.62,38.32,38.02,38.05
30994,33.76,39.46,39.05,38.97
31010,36.44,40.89,40.40,40.23
31026,37.95,42.47,41.90,41.65
31042,41.48,43.92,43.32,43.03
31058,43.81,45.12,44.50,44.20
31074,46.54,46.13,45.53,45.26
31090,44.85,47.10,46.47,46.17
31106,44.15,47.98,47.28,46.92
31122,49.09,48.61,47.94,47.60
31138,49.19,48.92,48.27,47.96
31154,47.26,49.09,48.41,48.08
31170,45.18,49.27,48.52,48.12
31186,47.72,49.47,48.71,48.29
31202,47.10,49.69,48.89,48.44
31218,47.43,50.03,49.19,48.71
31234,46.37,50.50,49.60,49.06
31250,47.46,50.99,50.03,49.44
31266,49.80,51.31,50.34,49.75
31282,50.79,51.44,50.48,49.91
31298,41.40,51.66,50.51,49.74
31314,50.39,51.80,50.65,49.89
31330,50.03,51.98,50.81,50.05
31346,50.75,52.15,50.98,50.22
31362,50.16,52.30,51.10,50.34
31378,50.41,52.41,51.21,50.43
31394,50.81,52.51,51.29,50.52
31410,51.81,52.56,51.35,50.61
31426,51.74,52.57,51.37,50.64
31442,51.56,52.57,51.37,50.66
31458,50.90,52.58,51.37,50.66
31474,51.20,52.59,51.38,50.68
31490,50.75,52.60,51.38,50.68
31506,51.12,52.63,51.40,50.70
31522,51.52,52.64,51.42,50.74
31538,50.62,52.63,51.39,50.71
31554,50.84,52.63,51.38,50.69
31570,50.64,52.63,51.36,50.67
31586,51.36,52.61,51.35,50.67
31602,51.17,52.58,51.31,50.65
31618,51.93,52.54,51.29,50.65
31634,51.91,52.50,51.25,50.64
31650,51.31,52.44,51.20,50.60
31666,50.82,52.43,51.18,50.58
31682,50.42,52.44,51.17,50.57
31698,51.45,52.44,51.18,50.60
31714,51.69,52.42,51.17,50.61
31730,51.49,52.39,51.14,50.60
31746,51.64,52.34,51.11,50.59
31762,50.62,52.31,51.07,50.55
31778,50.38,52.30,51.05,50.53
31794,51.00,52.29,51.03,50.52
31810,51.14,52.25,50.99,50.50
31826,50.80,52.22,50.96,50.48
31842,51.17,52.20,50.95,50.48
31858,51.06,52.19,50.94,50.48
31874,50.70,52.18,50.92,50.47
31890,50.62,52.14,50.89,50.43
31906,50.62,52.10,50.84,50.39
31922,50.69,52.07,50.80,50.36
31938,50.68,52.05,50.79,50.35
31954,50.38,52.05,50.78,50.35
31970,50.67,52.04,50.77,50.34
31986,50.64,52.03,50.75,50.33
32002,50.98,52.00,50.72,50.32
32018,50.35,51.96,50.68,50.28
32034,50.76,51.94,50.66,50.27
32050,50.75,51.90,50.62,50.25
32066,50.83,51.85,50.58,50.22
32082,49.88,51.82,50.53,50.17
32098,50.18,51.80,50.51,50.15
32114,50.66,51.79,50.50,50.15
32130,50.21,51.77,50.47,50.12
32146,49.90,51.74,50.44,50.09
32162,50.11,51.69,50.38,50.03
32178,50.60,51.61,50.31,49.97
32194,50.30,51.49,50.19,49.87
32210,49.90,51.33,50.03,49.70
32226,49.59,51.13,49.83,49.51
32242,49.22,50.95,49.63,49.31
32258,49.56,50.71,49.40,49.09
32274,49.94,50.40,49.10,48.82
32290,49.33,49.96,48.68,48.42
32306,47.94,49.42,48.13,47.87
32322,47.71,48.82,47.54,47.29
32338,46.32,48.25,46.96,46.70
32354,46.24,47.72,46.42,46.17
32370,45.71,47.18,45.88,45.63
32386,44.76,46.62,45.30,45.05
32402,44.66,46.05,44.74,44.49
32418,45.03,45.39,44.09,43.87
32434,43.52,44.62,43.33,43.12
32450,41.03,43.82,42.50,42.26
32466,41.28,43.03,41.70,41.46
32482,41.89,42.21,40.90,40.68
32498,39.95,41.28,39.97,39.76
32514,38.83,40.22,38.91,38.71
32530,36.21,39.11,37.76,37.53
32546,36.60,37.99,36.65,36.42
32562,34.01,36.93,35.55,35.29
32578,35.56,35.94,34.59,34.36
32594,34.99,35.05,33.72,33.52
32610,32.07,34.24,32.89,32.69
32626,31.16,33.46,32.09,31.87
32642,33.26,32.56,31.24,31.07
32658,32.88,31.31,30.04,29.94
32674,28.68,29.66,28.40,28.30
32690,27.18,27.80,26.55,26.48
32706,24.14,26.09,24.82,24.74
32722,21.76,24.73,23.44,23.32
32738,20.29,23.83,22.49,22.32
32754,21.22,23.26,21.90,21.73
32770,21.86,22.71,21.37,21.21
32786,23.24,21.87,20.58,20.49
32802,22.49,20.64,19.41,19.39
32818,17.75,19.14,17.90,17.88
32834,16.97,17.40,16.18,16.18
32850,12.43,15.49,14.24,14.19
32866,11.36,13.57,12.29,12.23
32882,11.64,11.75,10.50,10.47
32898,11.22,10.07,8.87,8.89
32914,10.13,8.45,7.31,7.40
32929,8.94,6.93,5.85,6.01
32944,6.95,5.34,4.31,4.52
32959,3.90,3.65,2.65,2.88
32974,2.74,1.85,0.88,1.16
32989,-2.17,-0.06,-1.05,-0.80
33005,-5.43,-2.18,-3.21,-3.01
33021,-5.60,-4.37,-5.41,-5.21
33037,-0.49,-6.53,-7.42,-7.08
33053,-2.54,-8.45,-9.21,-8.72
33069,-9.78,-10.04,-10.78,-10.28
33085,-10.94,-11.40,-12.12,-11.60
33101,-14.84,-12.59,-13.34,-12.85
33117,-10.89,-13.71,-14.38,-13.83
33133,-9.74,-14.86,-15.42,-14.75
33149,-9.46,-16.15,-16.56,-15.74
33165,-12.09,-17.48,-17.78,-16.85
33181,-14.91,-18.73,-18.94,-17.94
33197,-15.82,-19.80,-19.93,-18.85
33213,-16.18,-20.73,-20.77,-19.60
33229,-17.46,-21.62,-21.57,-20.33
33245,-21.47,-22.51,-22.44,-21.20
33261,-24.59,-23.48,-23.44,-22.24
33277,-28.39,-24.54,-24.57,-23.48
33293,-28.54,-25.68,-25.77,-24.75
33309,-28.88,-26.87,-26.99,-26.03
33325,-28.99,-28.07,-28.22,-27.29
33341,-28.19,-29.20,-29.32,-28.38
33357,-29.08,-30.22,-30.31,-29.36
33373,-30.17,-31.13,-31.21,-30.25
33389,-33.53,-32.00,-32.11,-31.19
33405,-35.81,-32.89,-33.05,-32.21
33421,-36.80,-33.78,-34.00,-33.24
33437,-36.37,-34.64,-34.88,-34.17
33453,-36.48,-35.42,-35.68,-35.00
33469,-36.45,-36.14,-36.41,-35.74
33485,-37.44,-36.81,-37.08,-36.43
33501,-39.60,-37.45,-37.76,-37.16
33517,-40.65,-38.13,-38.48,-37.95
33533,-39.10,-38.80,-39.16,-38.63
33549,-41.03,-39.43,-39.81,-39.32
33565,-42.15,-40.05,-40.46,-40.02
33581,-41.44,-40.64,-41.06,-40.64
33597,-40.55,-41.20,-41.60,-41.17
33613,-41.30,-41.73,-42.11,-41.67
33629,-43.66,-42.24,-42.64,-42.23
33645,-43.91,-42.75,-43.17,-42.78
33661,-45.93,-43.27,-43.73,-43.40
33677,-46.02,-43.77,-44.27,-43.99
33693,-47.12,-44.30,-44.84,-44.62
33709,-46.68,-44.84,-45.41,-45.22
33725,-46.65,-45.35,-45.94,-45.77
33741,-46.65,-45.83,-46.42,-46.26
33757,-46.09,-46.28,-46.85,-46.68
33773,-45.16,-46.67,-47.20,-46.99
33789,-47.29,-47.01,-47.54,-47.33
33805,-48.23,-47.36,-47.89,-47.70
33821,-48.06,-47.69,-48.22,-48.03
33837,-47.98,-48.01,-48.53,-48.33
33853,-46.90,-48.27,-48.75,-48.52
33869,-48.96,-48.50,-48.99,-48.76
33885,-48.80,-48.69,-49.16,-48.93
33901,-49.28,-48.83,-49.30,-49.08
33917,-49.24,-48.93,-49.40,-49.17
33933,-51.64,-49.01,-49.53,-49.36
33949,-51.21,-49.08,-49.63,-49.50
33965,-50.22,-49.15,-49.71,-49.60
33981,-47.96,-49.18,-49.70,-49.55
33997,-48.28,-49.15,-49.64,-49.47
34013,-48.74,-49.08,-49.55,-49.37
34029,-49.41,-48.97,-49.44,-49.26
34045,-48.04,-48.80,-49.25,-49.05
34061,-47.07,-48.56,-48.97,-48.73
34077,-43.95,-48.19,-48.51,-48.17
34093,-46.10,-47.72,-48.00,-47.63
34109,-46.72,-47.17,-47.43,-47.05
34125,-44.49,-46.53,-46.75,-46.33
34141,-43.76,-45.80,-45.97,-45.51
34157,-41.51,-44.92,-45.02,-44.49
34173,-38.65,-43.78,-43.78,-43.15
34189,-37.75,-42.42,-42.33,-41.60
34205,-40.06,-40.93,-40.82,-40.09
34221,-43.96,-39.36,-39.34,-38.73
34237,-50.80,-37.85,-38.09,-37.77
34253,-51.61,-36.51,-37.05,-37.06
34269,-50.36,-35.35,-36.18,-36.50
34285,-40.98,-34.27,-35.22,-35.67
34301,-32.21,-33.18,-34.09,-34.49
34317,-29.18,-31.95,-32.78,-33.11
34333,-32.53,-30.76,-31.62,-31.96
34349,-35.00,-29.76,-30.70,-31.14
34365,-34.42,-28.96,-29.99,-30.52
34381,-36.13,-28.40,-29.56,-30.23
34397,-31.78,-27.96,-29.18,-29.90
34413,-26.29,-27.50,-28.67,-29.33
34429,-19.53,-26.89,-27.89,-28.35
34445,-15.43,-26.15,-26.92,-27.12
34461,-19.29,-25.26,-25.89,-25.95
34477,-26.00,-24.54,-25.19,-25.26
34493,-30.77,-24.08,-24.85,-25.06
34509,-35.94,-23.68,-24.68,-25.14
34525,-30.82,-23.23,-24.36,-24.95
34541,-22.96,-22.60,-23.72,-24.28
34557,-15.45,-21.81,-22.78,-23.18
34573,-11.62,-20.99,-21.75,-21.91
34589,-16.11,-20.23,-20.89,-20.95
34605,-21.73,-19.72,-20.41,-20.50
34621,-24.24,-19.51,-20.27,-20.45
34637,-18.04,-19.42,-20.14,-20.27
34653,-7.50,-19.31,-19.78,-19.63
34669,-5.23,-19.14,-19.33,-18.87
34685,-3.60,-18.95,-18.83,-18.04
34701,-5.23,-18.72,-18.33,-17.26
34717,-5.12,-18.46,-17.81,-16.48
34733,-4.14,-18.17,-17.26,-15.65
34749,-1.78,-17.89,-16.67,-14.76
34765,0.58,-17.66,-16.10,-13.85
34781,-1.48,-17.49,-15.64,-13.11
34797,-1.79,-17.35,-15.23,-12.44
34813,-0.96,-17.19,-14.78,-11.73
34829,0.65,-17.00,-14.28,-10.95
34845,2.56,-16.85,-13.80,-10.15
34861,2.05,-16.74,-13.38,-9.44
34877,5.13,-16.58,-12.85,-8.58
34893,9.61,-16.35,-12.17,-7.48
34909,8.12,-16.09,-11.52,-6.46
34925,3.13,-15.92,-11.05,-5.77
34941,2.22,-15.88,-10.75,-5.26
34957,6.77,-15.92,-10.44,-4.66
34973,7.86,-15.96,-10.11,-4.02
34989,9.25,-15.92,-9.69,-3.27
35005,10.44,-15.81,-9.18,-2.43
35021,9.73,-15.70,-8.69,-1.64
35037,6.72,-15.62,-8.30,-1.04
35053,4.58,-15.58,-8.01,-0.58
35069,2.89,-15.60,-7.81,-0.26
35085,6.15,-15.64,-7.57,0.15
35101,6.80,-15.70,-7.35,0.56
35117,6.30,-15.73,-7.10,0.97
35133,6.16,-15.70,-6.80,1.42
35149,6.69,-15.62,-6.45,1.92
35165,3.61,-15.55,-6.19,2.26
35181,3.41,-15.51,-5.95,2.56
35197,3.81,-15.48,-5.73,2.84
35213,6.26,-15.46,-5.47,3.22
35229,6.54,-15.40,-5.17,3.62
35245,3.47,-15.31,-4.91,3.92
35261,1.33,-15.18,-4.65,4.15
35277,2.69,-15.02,-4.35,4.45
35293,5.29,-14.85,-4.00,4.85
35309,7.76,-14.69,-3.60,5.34
35325,3.31,-14.54,-3.32,5.61
35341,-0.15,-14.44,-3.16,5.68
35357,-2.68,-14.41,-3.12,5.56
35373,-5.05,-14.52,-3.26,5.22
35389,3.54,-14.76,-3.37,5.11
35405,10.81,-15.09,-3.40,5.23
35421,6.15,-15.42,-3.54,5.14
35437,-3.86,-15.70,-3.82,4.70
35453,-7.46,-15.92,-4.10,4.18
35469,-2.60,-16.12,-4.27,3.89
35485,1.30,-16.33,-4.36,3.76
35501,3.04,-16.53,-4.42,3.72
35517,3.64,-16.66,-4.38,3.77
35533,3.44,-16.59,-4.15,4.00
35549,0.63,-16.37,-3.84,4.25
35565,-6.02,-16.03,-3.55,4.33
35581,-3.67,-15.65,-3.18,4.53
35597,0.59,-15.36,-2.82,4.81
35613,0.47,-15.34,-2.73,4.81
35629,-0.02,-15.54,-2.88,4.57
35645,1.79,-15.87,-3.11,4.30
35661,4.31,-16.17,-3.26,4.16
35677,6.46,-16.37,-3.25,4.23
35693,0.13,-16.38,-3.20,4.20
35709,-5.16,-16.32,-3.18,4.02
35725,-6.72,-16.38,-3.30,3.67
35741,-4.68,-16.67,-3.62,3.18
35757,-1.15,-17.24,-4.13,2.59
35773,-0.26,-18.00,-4.80,1.88
35789,3.71,-18.73,-5.34,1.39
35805,3.61,-19.14,-5.57,1.22
35821,-2.37,-19.18,-5.54,1.17
35837,-6.42,-18.99,-5.37,1.18
35853,-7.22,-18.82,-5.24,1.11
35869,-7.09,-18.95,-5.40,0.77
35885,-4.91,-19.43,-5.87,0.19
35901,-2.31,-20.15,-6.50,-0.48
35917,-1.34,-20.82,-7.06,-1.05
35933,-2.18,-21.21,-7.34,-1.35
35949,-3.96,-21.30,-7.36,-1.43
35965,-4.97,-21.21,-7.22,-1.38
35981,-6.42,-21.08,-7.08,-1.36
35997,-6.45,-21.03,-7.01,-1.41
36013,-6.69,-21.10,-7.08,-1.60
36029,-6.09,-21.28,-7.24,-1.86
36045,-4.29,-21.47,-7.37,-2.05
36061,-4.05,-21.61,-7.43,-2.16
36077,-6.53,-21.65,-7.46,-2.29
36093,-5.70,-21.63,-7.40,-2.32
36109,-4.59,-21.55,-7.27,-2.25
36125,-3.80,-21.35,-7.00,-2.03
36141,-4.51,-20.94,-6.55,-1.65
36157,-6.69,-20.37,-5.99,-1.23
36173,-6.81,-19.81,-5.47,-0.85
36189,-16.15,-19.58,-5.45,-1.19
36205,4.08,-19.49,-5.17,-0.81
36221,-3.64,-19.17,-4.83,-0.55
36237,-3.45,-18.92,-4.56,-0.36
36253,-3.08,-18.65,-4.26,-0.14
36269,-8.51,-18.44,-4.13,-0.22
36285,-8.81,-18.41,-4.21,-0.49
36301,-8.41,-18.60,-4.48,-0.95
36317,-7.32,-18.89,-4.81,-1.43
36333,-2.48,-19.13,-5.00,-1.66
36349,1.50,-19.28,-5.03,-1.63
36365,1.07,-19.44,-5.06,-1.62
36381,-4.17,-19.69,-5.28,-1.91
36397,-10.19,-20.05,-5.73,-2.55
36413,-7.50,-20.45,-6.16,-3.09
36429,-8.41,-20.69,-6.44,-3.51
36445,-7.00,-20.90,-6.66,-3.81
36461,-11.62,-21.16,-7.01,-4.35
36477,-5.06,-21.40,-7.21,-4.58
36493,-8.24,-21.47,-7.30,-4.77
36509,-14.56,-21.35,-7.33,-5.03
36525,-11.17,-21.22,-7.27,-5.13
36541,-15.65,-21.14,-7.37,-5.48
36557,-13.17,-21.08,-7.43,-5.73
36573,-17.78,-21.04,-7.59,-6.18
36589,-22.83,-21.06,-7.91,-6.89
36605,-23.11,-21.13,-8.29,-7.64
36621,-24.90,-21.25,-8.74,-8.50
36637,-23.00,-21.38,-9.15,-9.25
36653,-20.15,-21.51,-9.50,-9.86
36669,-20.95,-21.62,-9.83,-10.47
36685,-22.44,-21.70,-10.16,-11.10
36701,-22.17,-21.74,-10.45,-11.66
36717,-20.09,-21.77,-10.67,-12.10
36733,-17.51,-21.81,-10.84,-12.43
36749,-19.79,-21.81,-11.02,-12.81
36765,-26.16,-21.81,-11.33,-13.44
36781,-32.59,-21.85,-11.79,-14.36
36797,-21.10,-21.90,-12.02,-14.78
36813,-20.70,-21.89,-12.18,-15.12
36829,-26.64,-21.82,-12.41,-15.64
36845,-32.18,-21.79,-12.78,-16.41
36861,-30.51,-21.79,-13.12,-17.11
36877,-23.33,-21.78,-13.32,-17.49
36893,-26.57,-21.75,-13.56,-17.97
36909,-26.24,-21.72,-13.78,-18.42
36925,-25.58,-21.67,-13.97,-18.81
36941,-20.48,-21.59,-14.02,-18.96
36957,-19.29,-21.51,-14.04,-19.03
36973,-18.93,-21.38,-14.02,-19.06
36989,-18.64,-21.24,-13.97,-19.05
37005,-18.73,-21.08,-13.91,-19.03
37021,-16.13,-20.90,-13.78,-18.89
37037,-13.77,-20.78,-13.66,-18.70
37053,-16.98,-20.75,-13.70,-18.75
37069,-17.20,-20.79,-13.81,-18.86
37085,-11.33,-20.76,-13.73,-18.65
37101,-2.57,-20.68,-13.42,-18.04
37117,-1.98,-20.56,-13.08,-17.38
37133,-5.99,-20.42,-12.80,-16.88
37149,-4.78,-20.30,-12.52,-16.37
37165,-3.74,-20.25,-12.29,-15.90
37181,-3.34,-20.23,-12.10,-15.45
37197,-3.02,-20.18,-11.87,-14.98
37213,-2.81,-20.09,-11.60,-14.46
37229,-2.37,-19.96,-11.29,-13.91
37245,-1.54,-19.86,-11.00,-13.36
37261,-1.30,-19.81,-10.75,-12.86
37277,-2.22,-19.79,-10.56,-12.45
37293,-3.16,-19.80,-10.43,-12.12
37309,-2.59,-19.88,-10.34,-11.83
37325,-1.53,-20.04,-10.32,-11.58
37341,-0.94,-20.28,-10.38,-11.40
37357,0.66,-20.57,-10.44,-11.19
37373,0.24,-20.82,-10.46,-10.96
37389,-0.62,-21.00,-10.44,-10.71
37405,-1.06,-21.21,-10.46,-10.50
37421,-2.98,-21.48,-10.58,-10.44
37437,-2.96,-21.82,-10.76,-10.45
37453,-2.95,-22.26,-11.04,-10.54
37469,-2.94,-22.73,-11.34,-10.65
37485,-3.42,-23.23,-11.66,-10.80
37501,-5.55,-23.87,-12.17,-11.16
37517,-6.14,-24.76,-12.92,-11.77
37533,-6.31,-25.83,-13.84,-12.54
37549,-7.17,-27.01,-14.86,-13.40
37565,-9.11,-28.24,-15.95,-14.35
37581,-9.62,-29.52,-17.08,-15.33
37597,-10.97,-30.82,-18.23,-16.34
37613,-10.04,-32.24,-19.46,-17.38
37629,-11.47,-33.71,-20.74,-18.48
37645,-12.74,-35.20,-22.04,-19.61
37661,-13.10,-36.54,-23.18,-20.55
37677,-13.90,-37.58,-24.01,-21.19
37693,-15.29,-38.38,-24.62,-21.63
37709,-16.74,-39.14,-25.20,-22.08
37725,-16.62,-39.99,-25.87,-22.58
37741,-17.66,-40.87,-26.57,-23.13
37757,-20.07,-41.75,-27.29,-23.74
37773,-21.05,-42.63,-28.04,-24.39
37789,-20.35,-43.58,-28.81,-25.03
37805,-19.08,-44.48,-29.50,-25.54
37821,-19.55,-45.31,-30.12,-25.99
37837,-19.82,-46.12,-30.71,-26.40
37853,-23.19,-46.93,-31.35,-26.92
37869,-29.13,-47.81,-32.16,-27.74
37885,-30.09,-48.81,-33.10,-28.68
37901,-28.10,-49.88,-34.06,-29.57
37917,-32.28,-51.08,-35.20,-30.72
37933,-36.08,-52.37,-36.48,-32.07
37949,-33.91,-53.55,-37.58,-33.16
37965,-39.84,-54.66,-38.71,-34.39
37981,-37.54,-55.92,-39.92,-35.62
37997,-33.41,-57.17,-41.02,-36.63
38013,-33.50,-58.29,-41.97,-37.46
38029,-32.69,-59.31,-42.78,-38.12
38045,-32.99,-60.24,-43.50,-38.69
38061,-35.33,-61.10,-44.18,-39.26
38077,-37.73,-61.89,-44.82,-39.83
38093,-37.21,-62.60,-45.37,-40.29
38109,-35.55,-63.22,-45.77,-40.55
38125,-37.93,-63.78,-46.17,-40.86
38141,-40.84,-64.31,-46.58,-41.23
38157,-47.38,-64.82,-47.10,-41.85
38173,-50.94,-65.38,-47.72,-42.64
38189,-47.16,-65.96,-48.28,-43.27
38205,-46.71,-66.59,-48.86,-43.89
38221,-46.56,-67.25,-49.47,-44.53
38237,-46.55,-67.91,-50.05,-45.13
38253,-48.45,-68.53,-50.62,-45.74
38269,-49.53,-69.11,-51.18,-46.35
38285,-47.63,-69.64,-51.62,-46.79
38301,-48.50,-70.10,-52.01,-47.20
38317,-51.10,-70.60,-52.48,-47.74
38333,-49.18,-71.11,-52.92,-48.18
38349,-46.83,-71.56,-53.24,-48.45
38365,-47.71,-71.95,-53.51,-48.68
38381,-48.55,-72.27,-53.73,-48.88
38397,-48.32,-72.51,-53.85,-48.98
38413,-48.47,-72.70,-53.93,-49.03
38429,-50.13,-72.88,-54.03,-49.14
38445,-53.00,-73.12,-54.24,-49.42
38461,-51.99,-73.38,-54.45,-49.67
38477,-51.80,-73.64,-54.65,-49.91
38493,-50.10,-73.84,-54.76,-50.00
38509,-49.47,-73.96,-54.77,-50.00
38525,-50.45,-74.04,-54.76,-49.99
38541,-51.05,-74.12,-54.77,-50.01
38557,-52.25,-74.21,-54.81,-50.09
38573,-52.44,-74.29,-54.84,-50.16
38589,-52.62,-74.37,-54.87,-50.24
38605,-52.20,-74.44,-54.89,-50.29
38621,-50.99,-74.45,-54.82,-50.23
38637,-52.71,-74.45,-54.77,-50.24
38653,-54.28,-74.46,-54.77,-50.32
38669,-54.05,-74.49,-54.79,-50.42
38685,-53.63,-74.54,-54.82,-50.51
38701,-50.34,-74.54,-54.72,-50.41
38717,-48.40,-74.45,-54.52,-50.16
38733,-49.59,-74.31,-54.28,-49.91
38749,-50.90,-74.09,-54.00,-49.65
38765,-50.52,-73.81,-53.65,-49.33
38781,-48.72,-73.40,-53.14,-48.82
38797,-47.73,-72.85,-52.50,-48.16
38813,-47.00,-72.15,-51.71,-47.36
38829,-49.78,-71.36,-50.90,-46.61
38845,-53.16,-70.50,-50.09,-45.97
38861,-54.99,-69.62,-49.33,-45.42
38877,-53.64,-68.76,-48.58,-44.87
38893,-47.99,-67.90,-47.72,-44.10
38909,-39.36,-66.87,-46.54,-42.85
38925,-34.63,-65.52,-44.98,-41.14
38941,-34.68,-63.85,-43.14,-39.21
38957,-40.03,-61.67,-40.94,-37.07
38973,-50.83,-59.33,-38.84,-35.32
38989,-54.40,-57.25,-37.12,-34.06
39005,-47.54,-55.60,-35.71,-32.99
39021,-36.44,-54.30,-34.45,-31.84
39037,-31.63,-53.23,-33.34,-30.77
39053,-31.11,-52.33,-32.42,-29.89
39069,-31.20,-51.52,-31.60,-29.12
39085,-28.79,-50.63,-30.67,-28.21
39101,-26.15,-49.52,-29.49,-27.03
39117,-24.82,-48.22,-28.12,-25.65
39133,-25.17,-46.79,-26.66,-24.22
39149,-28.96,-45.39,-25.34,-23.05
39165,-33.37,-44.16,-24.29,-22.26
39181,-29.33,-42.99,-23.25,-21.41
39197,-23.26,-41.75,-22.04,-20.28
39213,-19.28,-40.41,-20.66,-18.92
39229,-16.49,-39.00,-19.20,-17.45
39245,-14.45,-37.67,-17.80,-16.03
39261,-16.19,-36.49,-16.61,-14.88
39277,-21.14,-35.45,-15.68,-14.13
39293,-20.69,-34.52,-14.88,-13.50
39309,-14.26,-33.61,-13.97,-12.64
39325,-8.98,-32.70,-12.98,-11.61
39341,-5.17,-31.93,-12.07,-10.59
39357,-7.05,-31.32,-11.37,-9.84
39373,-10.27,-30.77,-10.81,-9.31
39389,-10.29,-30.24,-10.28,-8.83
39405,-7.51,-29.63,-9.62,-8.17
39421,-6.71,-28.95,-8.90,-7.44
39437,-5.58,-28.29,-8.19,-6.71
39453,-5.27,-27.77,-7.62,-6.14
39469,-8.37,-27.33,-7.20,-5.79
39485,-8.28,-26.89,-6.79,-5.46
39501,-8.11,-26.46,-6.40,-5.14
39517,-5.70,-26.08,-6.02,-4.79
39533,-3.79,-25.85,-5.74,-4.51
39549,-3.57,-25.76,-5.61,-4.38
39565,-3.24,-25.74,-5.54,-4.29
39581,-4.07,-25.66,-5.43,-4.19
39597,-5.99,-25.46,-5.25,-4.06
39613,-6.56,-25.17,-4.99,-3.87
39629,-3.41,-24.89,-4.69,-3.57
39645,-1.77,-24.70,-4.44,-3.30
39661,-2.99,-24.59,-4.31,-3.18
39677,-3.45,-24.50,-4.20,-3.09
39693,-6.12,-24.33,-4.07,-3.04
39709,-6.29,-24.08,-3.87,-2.92
39725,-5.12,-23.83,-3.65,-2.76
39741,-1.62,-23.72,-3.50,-2.61
39757,-1.11,-23.76,-3.50,-2.58
39773,0.24,-23.74,-3.40,-2.43
39789,-1.29,-23.53,-3.15,-2.17
39805,-4.53,-23.22,-2.87,-1.96
39821,-5.09,-23.06,-2.77,-1.93
39837,-3.68,-23.07,-2.80,-2.01
39853,-3.06,-23.18,-2.91,-2.15
39869,-4.10,-23.36,-3.11,-2.40
39885,-6.42,-23.45,-3.26,-2.64
39901,-0.81,-23.03,-2.80,-2.17
39917,-2.83,-22.33,-2.11,-1.52
39933,-2.29,-21.64,-1.44,-0.89
39949,-0.64,-21.19,-0.98,-0.45
39965,1.22,-20.96,-0.71,-0.15
39981,0.19,-20.90,-0.64,-0.08
39997,-1.19,-20.88,-0.63,-0.10
40013,-1.64,-20.81,-0.58,-0.09
40029,0.53,-20.69,-0.44,0.04
40045,-0.22,-20.51,-0.26,0.21
40061,-0.97,-20.01,0.21,0.63
40077,0.37,-19.26,0.96,1.34
40093,37.09,-19.17,1.77,2.92
40109,-0.50,-19.46,1.43,2.52
40125,0.40,-19.52,1.35,2.39
40141,0.21,-19.38,1.47,2.45
40157,2.92,-19.30,1.58,2.56
40173,1.42,-19.39,1.49,2.45
40189,1.40,-19.46,1.42,2.35
40205,1.59,-19.50,1.38,2.30
40221,0.80,-19.50,1.36,2.24
40237,0.85,-19.51,1.35,2.20
40253,1.34,-19.59,1.27,2.10
40269,0.35,-19.64,1.20,1.98
40285,-1.12,-19.48,1.32,2.02
40301,2.60,-19.27,1.54,2.25
40317,-1.24,-19.42,1.34,1.97
40333,0.51,-19.41,1.33,1.93
40349,-0.66,-19.40,1.31,1.84
40365,0.05,-19.39,1.29,1.78
40381,1.09,-19.37,1.31,1.77
40397,1.45,-19.36,1.31,1.77
40413,1.92,-19.36,1.33,1.79
40429,2.20,-19.35,1.36,1.81
40445,2.93,-19.35,1.39,1.87
40461,1.47,-19.33,1.41,1.87
40477,1.21,-19.29,1.44,1.88
40493,1.59,-19.21,1.52,1.95
40509,1.92,-19.06,1.68,2.10
40525,0.18,-19.07,1.64,2.01
40541,1.55,-19.06,1.64,2.00
40557,7.48,-19.08,1.75,2.22
40573,3.24,-19.08,1.78,2.26
40589,-3.64,-19.09,1.66,2.01
40605,0.55,-19.11,1.62,1.94
40621,0.91,-19.11,1.60,1.89
40637,0.75,-19.11,1.58,1.84
40653,1.42,-19.11,1.58,1.83
40669,1.47,-19.11,1.58,1.81
40685,1.29,-19.11,1.57,1.79
40701,1.34,-19.11,1.56,1.77
40717,1.61,-19.12,1.56,1.75
40733,1.52,-19.12,1.56,1.74
40749,1.31,-19.13,1.55,1.72
40765,1.47,-19.12,1.55,1.71
40781,1.58,-19.12,1.55,1.70
40797,1.33,-19.12,1.55,1.68
40813,1.34,-19.12,1.54,1.67
40829,1.41,-19.12,1.54,1.66
40845,1.64,-19.12,1.54,1.65
40861,1.45,-19.12,1.54,1.64
40877,1.42,-19.12,1.54,1.63
40893,1.25,-19.12,1.54,1.62
40909,1.25,-19.12,1.53,1.60
40925,1.33,-19.12,1.53,1.58
40941,1.62,-19.12,1.53,1.58
40957,1.34,-19.12,1.52,1.57
40973,1.20,-19.12,1.52,1.55
40989,1.62,-19.12,1.52,1.55
41005,1.51,-19.12,1.52,1.54
41021,1.37,-19.12,1.52,1.53
41037,1.47,-19.11,1.52,1.53
41053,1.56,-19.11,1.52,1.53
41069,1.30,-19.12,1.51,1.51
41085,1.41,-19.12,1.51,1.50
41101,1.47,-19.12,1.51,1.50
41117,1.57,-19.11,1.52,1.50
41133,1.27,-19.11,1.51,1.49
41149,1.48,-19.11,1.51,1.49
41165,1.31,-19.11,1.51,1.47
41181,1.38,-19.11,1.50,1.47
41197,1.32,-19.11,1.50,1.45
41213,1.55,-19.11,1.50,1.45
41229,1.54,-19.11,1.50,1.45
41245,1.49,-19.12,1.50,1.45
41261,1.35,-19.11,1.50,1.44
41277,1.40,-19.12,1.49,1.43
41293,1.55,-19.12,1.49,1.43
41309,1.34,-19.12,1.49,1.42
41325,1.53,-19.12,1.49,1.43
41341,1.47,-19.12,1.49,1.42
41357,1.29,-19.12,1.49,1.41
41373,1.51,-19.12,1.48,1.41
41389,1.56,-19.12,1.49,1.41
41405,1.27,-19.12,1.48,1.40
41421,1.36,-19.12,1.48,1.39
41437,1.22,-19.13,1.47,1.38
41453,1.34,-19.13,1.47,1.37
41469,1.36,-19.12,1.47,1.37
41485,1.39,-19.12,1.46,1.37
41501,1.54,-19.12,1.47,1.37
41517,1.63,-19.12,1.47,1.38
41533,1.79,-19.13,1.47,1.39
41549,1.46,-19.13,1.47,1.39
41565,1.50,-19.12,1.48,1.39
41581,1.42,-19.12,1.47,1.39
41597,1.38,-19.13,1.47,1.38
41613,1.38,-19.13,1.47,1.38
41629,1.64,-19.13,1.47,1.39
41645,1.51,-19.13,1.47,1.39
41661,1.40,-19.13,1.47,1.38
41677,1.38,-19.13,1.46,1.38
41693,1.30,-19.13,1.46,1.37
41709,1.50,-19.12,1.47,1.38
41725,1.36,-19.12,1.47,1.37
41741,1.70,-19.14,1.46,1.37
41757,6.85,-19.14,1.57,1.60
41773,4.17,-19.13,1.62,1.71
41789,3.95,-19.13,1.67,1.81
41805,-2.43,-19.12,1.60,1.64
41821,-2.74,-19.12,1.51,1.46
41837,1.16,-19.12,1.51,1.45
41853,1.95,-19.12,1.52,1.47
41869,3.90,-19.11,1.57,1.57
41885,4.25,-19.12,1.61,1.67
41901,3.62,-19.12,1.66,1.76
41917,2.36,-19.12,1.67,1.78
41933,0.92,-19.12,1.66,1.75
41949,0.01,-19.12,1.62,1.68
41965,-2.32,-19.12,1.54,1.52
41981,-2.48,-19.12,1.46,1.35
41997,-0.97,-19.12,1.41,1.25
42013,0.76,-19.12,1.40,1.22
42029,1.22,-19.12,1.40,1.22
42045,1.53,-19.12,1.40,1.22
42061,1.47,-19.13,1.40,1.22
42077,1.49,-19.13,1.40,1.23
42093,1.50,-19.13,1.40,1.23
42109,1.47,-19.13,1.40,1.24
42125,1.49,-19.13,1.40,1.24
42141,1.16,-19.13,1.40,1.24
42157,1.35,-19.13,1.40,1.24
42173,1.31,-19.13,1.39,1.24
42189,1.37,-19.13,1.40,1.24
42205,1.55,-19.13,1.39,1.24
42221,1.40,-19.13,1.39,1.25
42237,1.54,-19.13,1.40,1.25
42253,1.34,-19.13,1.40,1.26
42269,1.45,-19.13,1.40,1.26
42285,1.34,-19.13,1.40,1.26
42301,1.52,-19.13,1.40,1.27
42317,1.63,-19.12,1.41,1.28
42333,1.38,-19.13,1.40,1.28
42349,1.47,-19.13,1.41,1.29
42365,1.47,-19.13,1.41,1.29
42381,1.73,-19.13,1.41,1.30
42397,1.49,-19.13,1.41,1.31
42413,1.30,-19.13,1.41,1.30
42429,1.40,-19.13,1.41,1.31
42445,1.47,-19.13,1.41,1.31
42461,1.58,-19.14,1.41,1.32
42477,1.28,-19.14,1.41,1.31
42493,1.41,-19.14,1.41,1.31
42509,1.62,-19.14,1.41,1.32
42525,1.32,-19.14,1.41,1.32
42541,1.63,-19.14,1.41,1.33
42557,1.53,-19.13,1.42,1.34
42573,1.61,-19.14,1.42,1.35
42589,1.48,-19.14,1.42,1.35
42605,1.49,-19.14,1.42,1.36
42621,1.40,-19.14,1.42,1.36
42637,1.34,-19.13,1.42,1.36
42653,1.44,-19.14,1.42,1.36
42669,1.48,-19.13,1.43,1.36
42685,1.41,-19.13,1.43,1.37
42701,1.57,-19.13,1.43,1.37
42717,1.56,-19.13,1.43,1.38
42733,1.43,-19.13,1.43,1.38
42749,1.35,-19.13,1.43,1.38
42765,1.52,-19.13,1.43,1.38
42781,1.59,-19.14,1.43,1.39
42797,1.27,-19.14,1.43,1.38
42813,1.57,-19.14,1.43,1.39
42829,1.53,-19.14,1.43,1.39
42845,1.40,-19.13,1.44,1.40
42861,1.66,-19.13,1.44,1.41
42877,1.50,-19.13,1.44,1.41
42893,1.40,-19.14,1.44,1.41
42909,1.37,-19.14,1.44,1.41
42925,1.42,-19.13,1.44,1.41
42941,1.19,-19.14,1.42,1.39
42957,1.54,-19.15,1.42,1.39
42973,1.53,-19.16,1.41,1.38
42989,0.89,-19.17,1.39,1.35
43005,0.20,-19.16,1.37,1.31
43021,0.61,-19.14,1.38,1.30
43037,2.47,-19.14,1.40,1.35
43053,2.03,-19.15,1.41,1.37
43069,3.58,-19.27,1.33,1.34
43085,0.16,-19.31,1.27,1.25
43101,2.54,-19.33,1.28,1.30
43117,0.86,-19.33,1.27,1.27
43133,0.52,-19.34,1.24,1.23
43149,0.85,-19.35,1.23,1.21
43165,1.20,-19.35,1.22,1.21
43181,1.53,-19.36,1.22,1.21
43197,1.29,-19.37,1.21,1.20
43213,0.82,-19.38,1.19,1.18
43229,1.13,-19.38,1.19,1.18
43245,1.26,-19.39,1.19,1.17
43261,1.08,-19.39,1.18,1.17
43277,1.33,-19.40,1.18,1.17
43293,1.21,-19.39,1.18,1.17
43309,1.27,-19.40,1.18,1.17
43325,1.37,-19.40,1.18,1.18
43341,1.30,-19.41,1.18,1.18
43357,1.05,-19.41,1.17,1.17
43373,1.32,-19.41,1.17,1.18
43389,1.35,-19.41,1.18,1.19
43405,1.02,-19.41,1.18,1.18
43421,1.19,-19.41,1.18,1.18
43437,1.22,-19.41,1.18,1.18
43453,1.20,-19.41,1.18,1.18
43469,1.22,-19.41,1.18,1.18
43485,1.08,-19.41,1.18,1.18
43501,1.11,-19.40,1.18,1.18
43517,1.27,-19.40,1.19,1.19
43533,1.12,-19.39,1.19,1.19
43549,1.12,-19.39,1.20,1.20
43565,1.21,-19.39,1.20,1.20
43581,1.07,-19.38,1.20,1.20
43597,1.46,-19.37,1.22,1.22
43613,1.49,-19.36,1.24,1.25
43629,2.56,-19.33,1.28,1.32
43645,0.41,-19.17,1.42,1.44
43661,5.47,-19.18,1.50,1.60
43677,0.73,-19.16,1.50,1.58
43693,0.45,-19.18,1.46,1.52
43709,1.12,-19.22,1.42,1.47
43725,2.07,-19.23,1.42,1.49
43741,1.63,-19.22,1.43,1.50
43757,1.40,-19.22,1.43,1.50
43773,1.66,-19.22,1.44,1.51
43789,1.12,-19.22,1.43,1.49
43805,1.56,-19.22,1.43,1.50
43821,1.46,-19.23,1.43,1.49
43837,1.56,-19.23,1.43,1.50
43853,1.39,-19.23,1.42,1.49
43869,1.38,-19.23,1.43,1.49
43885,1.27,-19.23,1.42,1.48
43901,1.60,-19.23,1.42,1.49
43917,1.47,-19.23,1.42,1.49
43933,1.31,-19.23,1.42,1.48
43949,1.31,-19.23,1.42,1.48
43965,1.35,-19.23,1.42,1.47
43981,1.70,-19.23,1.42,1.49
43997,1.69,-19.23,1.43,1.49
44013,1.51,-19.23,1.43,1.50
44029,1.10,-19.23,1.43,1.48
44045,1.46,-19.23,1.43,1.49
44061,1.64,-19.22,1.44,1.50
44077,1.69,-19.22,1.44,1.51
44093,1.34,-19.22,1.45,1.51
44109,1.53,-19.22,1.45,1.51
44125,1.48,-19.22,1.45,1.51
44141,1.57,-19.22,1.45,1.52
44157,1.32,-19.22,1.45,1.51
44173,1.46,-19.21,1.45,1.51
44189,1.58,-19.21,1.45,1.51
44205,1.38,-19.21,1.45,1.51
44221,1.56,-19.21,1.46,1.52
44237,1.46,-19.21,1.46,1.51
44253,1.48,-19.21,1.46,1.51
44269,1.79,-19.21,1.47,1.53
44285,1.60,-19.21,1.47,1.53
44301,1.55,-19.21,1.47,1.53
44317,1.69,-19.22,1.47,1.54
44333,1.40,-19.22,1.46,1.53
44349,1.42,-19.23,1.45,1.51
44365,1.79,-19.25,1.44,1.51
44381,2.56,-19.27,1.44,1.54
44397,1.94,-19.29,1.43,1.53
44413,-0.31,-19.30,1.39,1.45
44429,0.93,-19.27,1.41,1.46
44445,0.14,-19.26,1.40,1.42
44461,-0.60,-19.25,1.37,1.35
44477,1.22,-19.23,1.38,1.36
44493,1.93,-19.20,1.42,1.40
44509,1.62,-19.18,1.44,1.43
44525,1.00,-19.17,1.44,1.43
44541,0.73,-19.16,1.44,1.41
44557,2.23,-19.14,1.48,1.46
44573,2.23,-19.13,1.50,1.50
44589,2.83,-19.12,1.54,1.57
44605,2.94,-19.12,1.57,1.62
44621,1.22,-19.11,1.56,1.61
44637,0.90,-19.12,1.55,1.58
44653,1.04,-19.12,1.53,1.56
44669,1.81,-19.12,1.54,1.56
44685,1.60,-19.13,1.53,1.56
44701,0.89,-19.14,1.51,1.52
44717,1.56,-19.15,1.50,1.52
44733,1.50,-19.15,1.50,1.51
44749,1.39,-19.15,1.50,1.51
44765,1.21,-19.16,1.48,1.49
44781,1.36,-19.16,1.48,1.48
44797,1.51,-19.17,1.47,1.48
44813,1.57,-19.18,1.47,1.47
44829,1.28,-19.17,1.47,1.47
44845,1.47,-19.18,1.46,1.46
44861,1.12,-19.18,1.45,1.45
44877,1.42,-19.17,1.46,1.45
44893,1.22,-19.17,1.46,1.45
44909,0.31,-19.16,1.45,1.41
44925,0.41,-19.14,1.44,1.38
44941,-0.44,-19.12,1.42,1.32
44957,1.60,-19.11,1.44,1.34
44973,3.04,-19.09,1.49,1.42
44989,3.25,-19.09,1.53,1.50
45005,1.04,-19.09,1.52,1.49
45021,1.51,-19.08,1.53,1.49
45037,1.32,-19.08,1.52,1.49
45053,1.63,-19.09,1.52,1.48
45069,1.49,-19.08,1.52,1.48
45085,1.44,-19.08,1.52,1.48
45101,1.52,-19.08,1.52,1.49
45117,1.46,-19.08,1.52,1.48
45133,1.40,-19.08,1.51,1.48
45149,1.41,-19.08,1.51,1.47
45165,1.50,-19.08,1.52,1.48
45181,1.44,-19.08,1.52,1.47
45197,0.73,-19.07,1.51,1.45
45213,-0.12,-19.04,1.50,1.41
45229,1.37,-19.00,1.54,1.44
45245,3.25,-18.98,1.60,1.54
45261,0.26,-18.91,1.64,1.55
45277,1.09,-18.83,1.71,1.61
45293,-0.16,-18.74,1.76,1.62
45309,0.40,-18.61,1.86,1.69
45325,2.62,-18.62,1.86,1.71
45341,3.04,-18.59,1.91,1.79
45357,3.64,-18.49,2.04,1.96
45373,1.38,-18.33,2.18,2.08
45389,-0.10,-18.26,2.21,2.06
45405,3.65,-18.18,2.32,2.20
45421,3.31,-17.96,2.55,2.45
45437,4.96,-17.67,2.89,2.83
45453,4.24,-17.35,3.22,3.19
45469,3.07,-17.01,3.55,3.51
45485,4.96,-16.73,3.86,3.84
45501,6.36,-16.52,4.12,4.15
45517,7.41,-16.32,4.38,4.48
45533,6.66,-16.07,4.67,4.82
45549,7.79,-15.85,4.95,5.15
45565,4.14,-15.65,5.12,5.30
45581,4.67,-15.51,5.25,5.42
45597,3.82,-15.42,5.31,5.44
45613,3.92,-15.28,5.43,5.52
45629,-0.53,-14.65,5.92,5.87
45645,-0.20,-13.02,7.39,7.18
45661,6.84,-10.66,9.69,9.42
45677,8.63,-8.00,12.28,11.93
45693,9.36,-5.30,14.87,14.40
45709,17.40,-2.81,17.37,16.90
45725,26.20,-0.84,19.47,19.16
45741,25.75,0.52,20.93,20.74
45757,27.75,1.35,21.87,21.81
45773,23.27,1.86,22.40,22.36
45789,19.35,2.35,22.82,22.71
45805,17.77,3.03,23.39,23.15
45821,19.74,4.00,24.27,23.93
45837,21.64,5.20,25.39,24.98
45853,22.53,6.53,26.63,26.14
45869,26.36,7.84,27.92,27.39
45885,26.98,9.08,29.11,28.55
45901,25.02,10.15,30.08,29.42
45917,28.69,11.03,30.91,30.21
45933,31.79,11.75,31.63,30.94
45949,33.37,12.30,32.21,31.56
45965,34.57,12.78,32.72,32.12
45981,36.07,13.32,33.32,32.79
45997,33.15,14.07,34.05,33.51
46013,24.77,15.08,34.86,34.10
46029,36.34,16.06,35.85,35.11
46045,37.97,16.78,36.59,35.90
46061,39.95,17.20,37.07,36.46
46077,39.26,17.42,37.34,36.77
46093,38.76,17.68,37.62,37.09
46109,32.83,18.14,37.97,37.34
46125,33.57,18.75,38.49,37.76
46141,39.48,19.38,39.12,38.41
46157,40.60,19.91,39.67,39.00
46173,41.86,20.34,40.14,39.51
46189,41.24,20.75,40.56,39.96
46205,40.69,21.21,41.01,40.42
46221,37.03,21.78,41.49,40.81
46237,42.23,22.38,42.09,41.43
46253,42.96,22.92,42.64,41.99
46269,44.41,23.36,43.11,42.50
46285,43.51,23.78,43.52,42.93
46301,43.35,24.20,43.94,43.34
46317,45.07,24.66,44.41,43.84
46333,43.89,25.15,44.88,44.29
46349,44.27,25.66,45.37,44.77
46365,45.08,26.15,45.84,45.24
46381,47.53,26.62,46.34,45.78
46397,46.69,27.08,46.80,46.24
46413,46.58,27.54,47.23,46.68
46429,48.64,27.93,47.65,47.12
46445,53.35,28.38,48.21,47.81
46461,50.64,28.86,48.72,48.37
46477,50.69,29.28,49.17,48.87
46493,48.66,29.72,49.59,49.28
46509,49.32,30.19,50.05,49.72
46525,50.50,30.56,50.42,50.10
46541,50.44,30.79,50.65,50.34
46557,51.22,30.99,50.86,50.56
46573,51.23,31.19,51.06,50.77
46589,52.04,31.35,51.24,50.98
46605,52.00,31.49,51.39,51.15
46621,51.64,31.65,51.55,51.32
46637,51.19,31.84,51.73,51.49
46653,51.16,32.05,51.93,51.68
46669,52.85,32.26,52.15,51.92
46685,53.40,32.43,52.34,52.14
46701,52.67,32.58,52.50,52.31
46717,52.04,32.76,52.66,52.46
46733,51.55,32.97,52.84,52.63
46749,52.64,33.20,53.07,52.85
46765,52.30,33.44,53.28,53.04
46781,53.11,33.66,53.49,53.25
46797,54.35,33.87,53.72,53.50
46813,54.43,34.11,53.97,53.77
46829,55.85,34.30,54.19,54.03
46845,55.47,34.41,54.33,54.20
46861,54.59,34.50,54.42,54.29
46877,54.26,34.59,54.50,54.38
46893,55.34,34.67,54.60,54.50
46909,55.94,34.72,54.68,54.61
46925,55.64,34.71,54.69,54.64
46941,55.28,34.66,54.65,54.62
46957,53.98,34.64,54.61,54.57
46973,54.35,34.66,54.63,54.58
46989,54.82,34.67,54.65,54.61
47005,55.31,34.68,54.67,54.65
47021,55.27,34.68,54.68,54.67
47037,55.60,34.65,54.67,54.69
47053,55.02,34.61,54.64,54.67
47069,54.33,34.57,54.59,54.62
47085,54.24,34.57,54.58,54.60
47101,54.73,34.59,54.60,54.63
47117,55.11,34.59,54.62,54.66
47133,55.02,34.61,54.64,54.69
47149,55.58,34.60,54.65,54.72
47165,54.50,34.58,54.63,54.70
47181,54.55,34.60,54.64,54.71
47197,54.23,34.63,54.67,54.73
47213,54.94,34.68,54.72,54.78
47229,55.26,34.72,54.77,54.85
47245,55.81,34.73,54.81,54.90
47261,55.88,34.69,54.79,54.91
47277,55.46,34.64,54.75,54.89
47293,54.69,34.60,54.71,54.85
47309,54.96,34.56,54.68,54.82
47325,54.64,34.52,54.64,54.78
47341,54.41,34.50,54.61,54.74
47357,54.48,34.47,54.58,54.71
47373,55.03,34.44,54.56,54.70
47389,54.68,34.40,54.53,54.67
47405,54.45,34.38,54.50,54.64
47421,54.32,34.38,54.50,54.63
47437,54.28,34.41,54.52,54.65
47453,54.84,34.44,54.55,54.69
47469,54.52,34.45,54.57,54.70
47485,55.02,34.47,54.59,54.73
47501,54.88,34.47,54.60,54.75
47517,54.38,34.47,54.60,54.73
47533,54.66,34.46,54.59,54.73
47549,54.99,34.46,54.60,54.74
47565,54.44,34.45,54.59,54.72
47581,54.69,34.44,54.58,54.72
47597,55.39,34.42,54.57,54.73
47613,54.95,34.35,54.52,54.68
47629,54.45,34.29,54.45,54.61
47645,54.75,34.24,54.41,54.58
47661,54.31,34.20,54.37,54.53
47677,54.33,34.18,54.35,54.51
47693,54.52,34.18,54.35,54.51
47709,54.74,34.15,54.33,54.50
47725,54.48,34.11,54.30,54.47
47741,54.24,34.09,54.27,54.43
47757,54.18,34.06,54.24,54.40
47773,54.30,34.03,54.22,54.38
47789,53.92,34.03,54.21,54.36
47805,54.45,34.03,54.21,54.37
47821,54.46,34.03,54.22,54.38
47837,54.58,34.01,54.21,54.37
47853,54.10,33.99,54.19,54.35
47869,54.76,33.97,54.17,54.34
47885,53.87,33.94,54.14,54.30
47901,53.89,33.93,54.12,54.28
47917,54.31,33.92,54.12,54.28
47933,54.56,33.91,54.12,54.28
47949,54.03,33.90,54.10,54.26
47965,54.32,33.89,54.10,54.26
47981,54.56,33.86,54.08,54.24
47997,54.59,33.81,54.04,54.22
48013,53.77,33.78,54.01,54.18
48029,53.89,33.76,53.98,54.15
48045,53.88,33.74,53.97,54.12
48061,54.00,33.73,53.95,54.11
48077,54.68,33.70,53.94,54.11
48093,54.04,33.67,53.91,54.08
48109,53.89,33.65,53.89,54.06
48125,53.94,33.64,53.88,54.05
48141,54.17,33.63,53.88,54.05
48157,54.33,33.62,53.88,54.05
48173,54.18,33.58,53.85,54.03
48189,53.26,33.56,53.81,53.98
48205,53.39,33.56,53.81,53.96
48221,54.23,33.57,53.82,53.98
48237,54.31,33.56,53.82,53.99
48253,53.84,33.53,53.80,53.96
48269,54.31,33.50,53.77,53.95
48285,53.62,33.46,53.73,53.90
48301,53.44,33.44,53.71,53.87
48317,53.72,33.46,53.72,53.88
48333,54.35,33.46,53.74,53.90
48349,53.80,33.45,53.73,53.89
48365,53.87,33.44,53.72,53.89
48381,53.35,33.44,53.72,53.87
48397,53.71,33.44,53.71,53.86
48413,53.72,33.44,53.71,53.86
48429,53.74,33.43,53.71,53.85
48445,53.67,33.42,53.69,53.83
48461,53.50,33.42,53.69,53.82
48477,53.42,33.42,53.69,53.81
48493,53.82,33.42,53.69,53.81
48509,53.54,33.42,53.69,53.81
48525,53.86,33.42,53.69,53.81
48541,53.62,33.42,53.68,53.80
48557,53.64,33.42,53.69,53.80
48573,53.76,33.42,53.69,53.80
48589,53.75,33.40,53.67,53.78
48605,53.58,33.37,53.64,53.75
48621,53.40,33.35,53.61,53.71
48637,53.78,33.33,53.60,53.70
48653,53.69,33.31,53.58,53.68
48669,53.86,33.30,53.57,53.68
48685,53.54,33.29,53.57,53.67
48701,53.62,33.28,53.56,53.66
48717,53.51,33.28,53.55,53.65
48733,54.05,33.26,53.54,53.65
48749,53.59,33.22,53.51,53.62
48765,53.37,33.20,53.49,53.59
48781,53.33,33.21,53.49,53.58
48797,53.80,33.22,53.51,53.60
48813,53.37,33.20,53.49,53.58
48829,53.58,33.20,53.48,53.58
48845,53.20,33.19,53.48,53.56
48861,53.42,33.19,53.47,53.55
48877,53.66,33.20,53.48,53.56
48893,53.48,33.20,53.48,53.56
48909,53.99,33.19,53.49,53.58
48925,53.76,33.17,53.47,53.57
48941,52.96,33.16,53.45,53.54
