4008,1.49,1.32,1.33,0.00
4023,1.58,1.32,1.33,-0.00
4038,1.30,1.32,1.33,0.00
4053,1.33,1.32,1.33,-0.00
4068,1.51,1.32,1.33,0.00
4083,1.43,1.32,1.33,0.01
4098,1.42,1.32,1.34,0.01
4113,1.34,1.32,1.33,0.02
4128,1.27,1.32,1.33,0.02
4143,1.42,1.32,1.33,0.03
4158,1.44,1.32,1.34,0.04
4173,1.20,1.32,1.33,0.04
4188,1.56,1.32,1.34,0.05
4203,1.41,1.32,1.34,0.06
4218,1.39,1.32,1.34,0.07
4233,1.23,1.32,1.34,0.07
4248,1.30,1.31,1.33,0.08
4263,1.25,1.31,1.33,0.09
4278,1.20,1.31,1.33,0.10
4293,1.46,1.31,1.33,0.11
4308,1.39,1.31,1.33,0.13
4323,1.42,1.31,1.33,0.14
4338,1.52,1.31,1.33,0.15
4353,1.31,1.31,1.33,0.17
4368,1.64,1.30,1.33,0.18
4383,1.73,1.31,1.34,0.21
4398,1.51,1.30,1.34,0.22
4413,1.81,1.30,1.35,0.24
4428,1.84,1.29,1.35,0.26
4443,1.83,1.28,1.35,0.27
4458,1.15,1.26,1.33,0.27
4473,1.55,1.24,1.32,0.27
4488,1.06,1.23,1.30,0.27
4503,1.37,1.21,1.28,0.27
4518,1.66,1.18,1.26,0.27
4533,2.26,1.15,1.25,0.28
4548,1.26,1.13,1.23,0.29
4563,0.24,1.13,1.21,0.29
4578,0.24,1.14,1.20,0.30
4593,0.45,1.15,1.20,0.31
4608,0.78,1.15,1.19,0.33
4623,1.00,1.15,1.19,0.35
4638,1.19,1.16,1.19,0.37
4653,1.43,1.16,1.20,0.40
4668,1.26,1.16,1.20,0.43
4683,1.28,1.16,1.20,0.45
4698,1.29,1.17,1.21,0.48
4713,1.49,1.17,1.22,0.51
4728,1.60,1.17,1.23,0.54
4743,1.38,1.17,1.23,0.57
4758,1.44,1.18,1.24,0.60
4773,1.18,1.17,1.23,0.62
4788,1.11,1.18,1.23,0.64
4803,1.19,1.17,1.23,0.66
4818,1.14,1.17,1.22,0.67
4833,1.38,1.17,1.23,0.70
4848,1.43,1.17,1.23,0.72
4863,1.16,1.17,1.23,0.74
4878,1.33,1.18,1.24,0.77
4893,1.51,1.18,1.25,0.81
4908,1.66,1.19,1.26,0.84
4923,1.24,1.19,1.26,0.86
4938,1.43,1.18,1.26,0.88
4953,1.42,1.18,1.26,0.90
4968,1.13,1.18,1.26,0.92
4983,1.93,1.18,1.27,0.96
4998,1.75,1.18,1.28,0.99
5013,2.43,1.17,1.29,1.03
5028,1.01,1.15,1.27,1.03
5043,0.78,1.14,1.25,1.01
5058,0.23,1.14,1.23,1.00
5073,0.43,1.14,1.22,0.99
5088,1.18,1.14,1.21,1.00
5103,1.38,1.14,1.22,1.03
5118,1.29,1.15,1.22,1.05
5133,1.34,1.15,1.23,1.07
5148,1.48,1.14,1.23,1.09
5163,1.54,1.14,1.23,1.11
5178,1.32,1.14,1.24,1.13
5193,1.31,1.13,1.23,1.14
5208,1.43,1.13,1.23,1.15
5223,1.11,1.14,1.23,1.16
5238,1.45,1.14,1.24,1.18
5253,1.38,1.14,1.24,1.20
5268,1.17,1.13,1.24,1.21
5283,1.62,1.13,1.24,1.23
5298,1.26,1.14,1.25,1.25
5313,1.15,1.14,1.25,1.26
5328,1.37,1.14,1.25,1.27
5343,1.29,1.14,1.25,1.28
5358,1.44,1.14,1.26,1.30
5373,1.53,1.15,1.27,1.32
5388,1.34,1.15,1.27,1.34
5403,1.33,1.15,1.27,1.34
5418,1.43,1.15,1.27,1.36
5433,1.26,1.15,1.27,1.36
5448,1.27,1.15,1.27,1.37
5463,1.36,1.15,1.28,1.38
5478,1.28,1.15,1.27,1.38
5493,1.38,1.14,1.27,1.39
5508,1.17,1.14,1.27,1.39
5523,1.33,1.15,1.28,1.41
5538,1.60,1.14,1.28,1.42
5553,1.22,1.14,1.28,1.42
5568,1.33,1.13,1.27,1.42
5583,1.40,1.12,1.26,1.41
5598,1.35,1.11,1.25,1.41
5613,0.99,1.08,1.22,1.38
5628,1.25,1.07,1.20,1.37
5643,1.01,1.06,1.19,1.36
5658,1.44,1.05,1.19,1.37
5673,1.24,1.06,1.20,1.37
5688,1.42,1.05,1.20,1.38
5703,1.10,1.06,1.20,1.39
5718,1.20,1.07,1.21,1.39
5733,1.46,1.08,1.23,1.42
5748,1.75,1.09,1.25,1.45
5763,1.13,1.10,1.25,1.46
5778,0.73,1.11,1.25,1.45
5793,0.87,1.11,1.24,1.43
5808,0.98,1.11,1.24,1.42
5823,1.02,1.11,1.23,1.41
5838,1.24,1.11,1.23,1.41
5853,1.42,1.10,1.23,1.42
5868,1.29,1.10,1.23,1.42
5883,1.24,1.10,1.24,1.42
5898,1.45,1.10,1.24,1.43
5913,1.14,1.09,1.23,1.42
5928,1.23,1.09,1.23,1.42
5943,1.20,1.09,1.23,1.42
5958,1.44,1.09,1.23,1.43
5973,1.33,1.10,1.24,1.43
5988,1.38,1.10,1.24,1.44
6003,1.29,1.10,1.24,1.44
6018,1.28,1.10,1.24,1.44
6033,1.36,1.10,1.24,1.44
6048,1.24,1.10,1.24,1.44
6063,1.03,1.10,1.24,1.43
6078,0.98,1.10,1.24,1.42
6093,1.04,1.10,1.23,1.42
6108,1.26,1.10,1.23,1.42
6123,1.21,1.10,1.24,1.42
6138,1.65,1.10,1.24,1.43
6153,1.44,1.10,1.24,1.43
6168,1.17,1.09,1.24,1.42
6183,1.33,1.09,1.24,1.43
6198,1.29,1.09,1.24,1.42
6213,1.27,1.09,1.24,1.43
6228,1.41,1.09,1.24,1.43
6243,1.29,1.09,1.24,1.43
6258,1.47,1.09,1.25,1.44
6273,1.24,1.10,1.25,1.44
6288,1.25,1.09,1.25,1.43
6303,1.09,1.09,1.25,1.43
6318,1.53,1.10,1.25,1.44
6333,1.35,1.10,1.25,1.44
6348,1.51,1.09,1.26,1.45
6363,1.47,1.10,1.26,1.45
6378,1.28,1.09,1.26,1.45
6393,1.34,1.09,1.26,1.45
6408,1.37,1.09,1.26,1.45
6423,1.30,1.09,1.27,1.45
6438,1.38,1.09,1.27,1.45
6453,1.28,1.09,1.27,1.45
6468,1.26,1.09,1.27,1.45
6483,1.38,1.09,1.27,1.45
6498,1.45,1.09,1.28,1.46
6513,1.46,1.09,1.28,1.46
6528,1.31,1.09,1.28,1.46
6543,1.24,1.10,1.28,1.46
6558,1.25,1.09,1.28,1.45
6573,1.40,1.10,1.29,1.46
6588,1.24,1.10,1.28,1.45
6603,1.29,1.10,1.29,1.45
6618,1.49,1.10,1.29,1.46
6633,1.33,1.10,1.29,1.46
6648,1.41,1.10,1.29,1.46
6663,1.57,1.10,1.30,1.47
6678,1.29,1.10,1.30,1.47
6693,1.41,1.10,1.30,1.47
6708,1.38,1.10,1.30,1.46
6723,1.18,1.09,1.29,1.46
6738,1.18,1.10,1.29,1.45
6753,1.46,1.09,1.30,1.45
6768,1.23,1.09,1.29,1.44
6783,1.27,1.09,1.29,1.44
6798,1.25,1.08,1.28,1.43
6813,1.62,1.08,1.28,1.43
6828,1.37,1.08,1.29,1.44
6843,1.23,1.08,1.29,1.44
6858,1.22,1.08,1.28,1.43
6873,1.33,1.08,1.29,1.43
6888,1.37,1.08,1.29,1.43
6903,1.47,1.08,1.29,1.43
6918,1.32,1.08,1.29,1.43
6933,1.33,1.08,1.30,1.43
6948,1.35,1.08,1.29,1.43
6963,1.27,1.08,1.30,1.43
6978,1.37,1.08,1.30,1.43
6993,1.13,1.08,1.29,1.42
7008,1.25,1.08,1.29,1.41
7023,1.55,1.08,1.29,1.42
7038,1.27,1.07,1.29,1.41
7053,1.46,1.07,1.29,1.42
7068,1.50,1.07,1.29,1.42
7083,1.19,1.07,1.29,1.41
7098,1.16,1.07,1.28,1.40
7113,1.40,1.07,1.29,1.41
7128,1.41,1.06,1.29,1.41
7143,1.32,1.07,1.29,1.41
7158,1.37,1.07,1.29,1.41
7173,1.34,1.06,1.29,1.41
7188,1.31,1.07,1.29,1.41
7203,1.37,1.06,1.29,1.40
7218,1.27,1.06,1.29,1.40
7233,1.34,1.06,1.29,1.40
7248,1.37,1.06,1.29,1.40
7263,1.36,1.06,1.29,1.40
7278,1.48,1.07,1.30,1.41
7293,1.21,1.07,1.30,1.40
7308,1.46,1.07,1.31,1.41
7323,1.16,1.07,1.31,1.41
7338,1.57,1.07,1.31,1.42
7353,1.34,1.07,1.32,1.42
7368,1.21,1.07,1.31,1.41
7383,1.35,1.07,1.31,1.41
7398,1.45,1.07,1.31,1.41
7413,1.33,1.07,1.31,1.41
7428,1.19,1.07,1.31,1.40
7443,1.36,1.07,1.31,1.40
7458,1.57,1.06,1.31,1.40
7473,1.31,1.07,1.31,1.40
7488,1.30,1.07,1.31,1.40
7503,1.28,1.06,1.31,1.39
7518,1.25,1.06,1.31,1.39
7533,1.37,1.06,1.31,1.39
7548,1.58,1.06,1.31,1.40
7563,1.14,1.06,1.30,1.38
7578,1.33,1.05,1.30,1.38
7593,1.28,1.05,1.30,1.38
7608,1.23,1.05,1.30,1.37
7623,1.35,1.05,1.30,1.37
7638,1.36,1.05,1.30,1.37
7653,1.54,1.05,1.31,1.38
7668,1.13,1.05,1.30,1.37
7683,1.17,1.05,1.30,1.36
7698,1.33,1.05,1.30,1.36
7713,1.34,1.05,1.30,1.36
7728,1.22,1.05,1.29,1.35
7743,1.15,1.05,1.29,1.35
7758,1.24,1.05,1.29,1.35
7773,1.37,1.05,1.29,1.35
7788,1.42,1.05,1.29,1.35
7803,1.31,1.05,1.29,1.35
7818,1.20,1.05,1.29,1.34
7833,1.32,1.05,1.29,1.34
7848,1.24,1.05,1.29,1.34
7863,1.26,1.05,1.30,1.34
7878,1.24,1.05,1.29,1.34
7893,1.31,1.05,1.29,1.34
7908,1.31,1.05,1.29,1.33
7923,1.13,1.05,1.29,1.33
7938,1.41,1.05,1.29,1.33
7953,1.23,1.05,1.29,1.33
7968,1.25,1.05,1.29,1.32
7983,1.28,1.05,1.29,1.32
7998,1.29,1.05,1.29,1.32
8013,1.32,1.05,1.29,1.33
8028,1.41,1.05,1.29,1.33
8043,1.17,1.05,1.29,1.32
8058,1.33,1.05,1.30,1.33
8073,1.21,1.05,1.30,1.32
8088,1.37,1.05,1.30,1.32
8103,1.23,1.05,1.29,1.32
8118,1.27,1.05,1.29,1.31
8133,1.13,1.05,1.29,1.31
8148,1.15,1.05,1.28,1.30
8163,1.50,1.04,1.28,1.30
8178,1.33,1.05,1.29,1.31
8193,1.13,1.04,1.28,1.30
8208,1.35,1.04,1.28,1.30
8223,1.40,1.05,1.29,1.31
8238,1.38,1.05,1.29,1.31
8253,1.27,1.05,1.29,1.31
8268,0.96,1.05,1.28,1.29
8283,1.15,1.05,1.28,1.29
8298,1.44,1.04,1.28,1.29
8313,1.46,1.04,1.28,1.30
8328,1.29,1.05,1.29,1.30
8343,1.30,1.05,1.29,1.30
8358,1.34,1.05,1.29,1.30
8373,1.35,1.05,1.29,1.30
8388,1.28,1.05,1.29,1.30
8403,1.20,1.05,1.29,1.30
8418,1.30,1.05,1.29,1.30
8433,1.14,1.05,1.29,1.29
8448,1.25,1.05,1.28,1.29
8463,1.24,1.05,1.28,1.29
8478,1.40,1.04,1.28,1.29
8493,1.28,1.04,1.28,1.29
8508,1.34,1.04,1.28,1.29
8523,1.30,1.05,1.29,1.29
8538,1.30,1.05,1.29,1.30
8553,1.14,1.05,1.29,1.29
8568,1.37,1.06,1.29,1.30
8583,1.14,1.05,1.29,1.29
8598,1.40,1.06,1.29,1.30
8613,1.50,1.06,1.30,1.31
8628,1.15,1.06,1.30,1.30
8643,1.30,1.06,1.30,1.30
8658,1.37,1.06,1.30,1.30
8673,1.44,1.06,1.30,1.31
8688,1.25,1.06,1.30,1.31
8703,1.28,1.06,1.30,1.31
8718,1.05,1.06,1.30,1.30
8733,0.79,1.06,1.28,1.27
8748,1.12,1.06,1.28,1.27
8763,0.75,1.06,1.27,1.25
8778,1.25,1.06,1.27,1.25
8793,1.77,1.06,1.29,1.27
8808,1.19,1.06,1.28,1.27
8823,1.42,1.06,1.29,1.27
8838,1.23,1.06,1.28,1.27
8853,1.16,1.06,1.27,1.26
8868,1.46,1.06,1.28,1.26
8883,1.17,1.05,1.27,1.25
8898,1.23,1.04,1.26,1.24
8913,1.14,1.03,1.25,1.23
8928,-0.65,0.97,1.15,1.10
8943,0.59,0.91,1.08,1.02
8958,1.09,0.90,1.07,1.01
8973,1.18,0.89,1.07,1.01
8988,0.44,0.88,1.04,0.97
9003,0.27,0.85,1.00,0.91
9018,0.77,0.82,0.97,0.88
9033,0.71,0.80,0.94,0.84
9048,1.00,0.77,0.91,0.82
9063,0.44,0.75,0.88,0.78
9078,0.34,0.73,0.85,0.75
9093,-0.36,0.70,0.80,0.67
9108,-0.63,0.67,0.74,0.59
9123,-0.19,0.63,0.68,0.51
9138,0.28,0.59,0.63,0.46
9153,1.98,0.53,0.60,0.46
9168,1.28,0.44,0.53,0.40
9183,1.15,0.33,0.43,0.32
9198,1.30,0.19,0.31,0.22
9213,0.55,0.01,0.14,0.06
9228,0.52,-0.21,-0.07,-0.13
9244,0.19,-0.46,-0.31,-0.37
9260,-0.08,-0.74,-0.58,-0.62
9276,-0.61,-1.04,-0.87,-0.90
9292,-1.32,-1.33,-1.17,-1.21
9308,-1.85,-1.63,-1.47,-1.52
9324,-1.83,-1.90,-1.74,-1.79
9340,-2.92,-2.15,-2.01,-2.07
9356,-2.54,-2.38,-2.25,-2.32
9372,-2.71,-2.63,-2.50,-2.57
9388,-2.51,-2.88,-2.75,-2.81
9404,-1.41,-3.11,-2.95,-2.98
9420,-2.18,-3.37,-3.19,-3.20
9436,-2.48,-3.66,-3.45,-3.44
9452,1.63,-4.03,-3.72,-3.60
9468,-2.79,-4.44,-4.11,-3.95
9484,-3.81,-4.94,-4.58,-4.42
9500,-4.07,-5.51,-5.13,-4.94
9516,-5.15,-6.14,-5.75,-5.55
9532,-5.22,-6.81,-6.40,-6.18
9548,-6.24,-7.51,-7.08,-6.84
9564,-7.64,-8.20,-7.76,-7.53
9580,-8.61,-8.85,-8.42,-8.19
9596,-9.73,-9.48,-9.07,-8.85
9612,-11.04,-10.11,-9.72,-9.54
9628,-11.48,-10.73,-10.36,-10.21
9644,-12.26,-11.34,-11.00,-10.87
9660,-10.46,-11.94,-11.58,-11.43
9676,-11.52,-12.51,-12.13,-11.98
9692,-14.14,-13.06,-12.71,-12.59
9708,-14.25,-13.62,-13.29,-13.19
9724,-14.24,-14.21,-13.89,-13.79
9740,-13.57,-14.80,-14.46,-14.35
9756,-12.48,-15.39,-15.00,-14.84
9772,-13.99,-16.02,-15.60,-15.40
9788,-14.97,-16.69,-16.24,-16.02
9804,-13.75,-17.36,-16.85,-16.57
9820,-16.49,-18.03,-17.50,-17.19
9836,-17.63,-18.72,-18.17,-17.86
9852,-17.64,-19.40,-18.83,-18.50
9868,-19.01,-20.08,-19.50,-19.17
9884,-20.08,-20.74,-20.16,-19.83
9900,-19.65,-21.36,-20.76,-20.41
9916,-20.92,-21.93,-21.32,-20.96
9932,-21.49,-22.47,-21.85,-21.49
9948,-20.58,-22.98,-22.33,-21.94
9964,-21.78,-23.43,-22.76,-22.35
9980,-24.71,-23.87,-23.23,-22.86
9996,-23.17,-24.30,-23.65,-23.28
10012,-23.79,-24.74,-24.08,-23.71
10028,-26.36,-25.24,-24.62,-24.29
10044,-22.36,-25.79,-25.11,-24.73
10060,-23.08,-26.39,-25.66,-25.23
10076,-25.39,-27.06,-26.31,-25.87
10092,-26.06,-27.74,-26.97,-26.51
10108,-27.02,-28.40,-27.62,-27.16
10124,-27.69,-29.06,-28.27,-27.80
10140,-27.64,-29.68,-28.87,-28.38
10156,-27.12,-30.22,-29.36,-28.83
10172,-29.41,-30.69,-29.81,-29.29
10188,-29.21,-31.11,-30.21,-29.67
10204,-30.25,-31.49,-30.59,-30.05
10220,-30.47,-31.85,-30.95,-30.41
10236,-30.23,-32.25,-31.31,-30.76
10252,-30.70,-32.67,-31.72,-31.15
10268,-31.33,-33.12,-32.15,-31.58
10284,-31.76,-33.59,-32.60,-32.02
10300,-32.76,-34.07,-33.08,-32.50
10316,-33.97,-34.60,-33.62,-33.06
10332,-35.12,-35.17,-34.21,-33.68
10348,-34.77,-35.75,-34.79,-34.26
10364,-34.40,-36.32,-35.33,-34.80
10380,-33.97,-36.89,-35.86,-35.30
10396,-35.68,-37.44,-36.40,-35.83
10412,-38.54,-37.94,-36.94,-36.41
10428,-36.94,-38.41,-37.40,-36.87
10444,-38.21,-38.91,-37.90,-37.39
10460,-36.55,-39.37,-38.32,-37.79
10476,-39.96,-39.84,-38.82,-38.32
10492,-37.76,-40.31,-39.25,-38.73
10508,-38.50,-40.78,-39.70,-39.16
10524,-39.84,-41.27,-40.19,-39.65
10540,-43.30,-41.82,-40.79,-40.32
10556,-38.97,-42.39,-41.30,-40.79
10572,-41.12,-42.97,-41.87,-41.35
10588,-42.06,-43.56,-42.45,-41.93
10604,-41.81,-44.14,-43.01,-42.48
10620,-40.73,-44.70,-43.51,-42.92
10636,-43.71,-45.24,-44.05,-43.47
10652,-45.52,-45.77,-44.60,-44.05
10668,-45.44,-46.30,-45.13,-44.60
10684,-45.61,-46.84,-45.67,-45.15
10700,-46.67,-47.40,-46.24,-45.73
10716,-45.12,-47.93,-46.74,-46.21
10732,-46.06,-48.43,-47.22,-46.67
10748,-45.75,-48.90,-47.65,-47.07
10764,-44.98,-49.32,-48.00,-47.37
10780,-44.40,-49.67,-48.27,-47.57
10796,-47.33,-49.97,-48.54,-47.83
10812,-48.92,-50.22,-48.80,-48.11
10828,-49.68,-50.48,-49.08,-48.40
10844,-50.85,-50.76,-49.39,-48.76
10860,-46.32,-50.98,-49.54,-48.85
10876,-48.27,-51.17,-49.70,-48.99
10892,-48.47,-51.35,-49.85,-49.13
10908,-51.37,-51.54,-50.07,-49.39
10924,-52.04,-51.78,-50.34,-49.71
10940,-49.67,-52.05,-50.60,-49.96
10956,-49.49,-52.34,-50.86,-50.20
10972,-49.88,-52.64,-51.13,-50.46
10988,-50.14,-52.92,-51.39,-50.71
11004,-49.41,-53.18,-51.60,-50.89
11020,-49.28,-53.40,-51.77,-51.02
11036,-50.55,-53.61,-51.95,-51.18
11052,-51.39,-53.84,-52.17,-51.39
11068,-52.27,-54.06,-52.38,-51.62
11084,-51.09,-54.27,-52.56,-51.78
11100,-52.22,-54.49,-52.77,-51.99
11116,-46.85,-54.54,-52.70,-51.81
11132,-50.09,-54.62,-52.73,-51.80
11148,-52.91,-54.73,-52.84,-51.92
11164,-53.04,-54.86,-52.97,-52.08
11180,-52.73,-55.00,-53.11,-52.22
11196,-52.68,-55.14,-53.23,-52.35
11212,-52.99,-55.30,-53.39,-52.52
11228,-51.89,-55.53,-53.58,-52.69
11244,-53.18,-55.86,-53.89,-53.00
11260,-54.37,-56.25,-54.29,-53.42
11276,-54.10,-56.70,-54.72,-53.85
11292,-52.82,-57.10,-55.08,-54.18
11308,-55.82,-57.53,-55.51,-54.64
11324,-55.89,-57.96,-55.94,-55.08
11340,-56.34,-58.36,-56.34,-55.50
11356,-57.12,-58.74,-56.73,-55.92
11372,-56.79,-59.08,-57.07,-56.27
11388,-57.78,-59.45,-57.44,-56.66
11404,-57.59,-59.83,-57.82,-57.05
11420,-57.57,-60.23,-58.20,-57.44
11436,-59.30,-60.68,-58.66,-57.93
11452,-58.52,-61.13,-59.11,-58.38
11468,-60.06,-61.61,-59.60,-58.89
11484,-63.48,-62.11,-60.16,-59.54
11500,-58.43,-62.62,-60.63,-59.98
11516,-59.31,-63.12,-61.09,-60.41
11532,-58.57,-63.60,-61.51,-60.78
11548,-61.60,-64.03,-61.94,-61.22
11564,-64.32,-64.47,-62.41,-61.75
11580,-62.37,-64.90,-62.84,-62.18
11596,-61.57,-65.35,-63.25,-62.57
11612,-60.50,-65.75,-63.58,-62.85
11628,-61.92,-66.14,-63.94,-63.18
11644,-64.20,-66.54,-64.33,-63.58
11660,-64.02,-66.95,-64.72,-63.98
11676,-66.08,-67.34,-65.14,-64.43
11692,-65.64,-67.71,-65.51,-64.81
11708,-66.47,-68.05,-65.86,-65.20
11724,-65.53,-68.39,-66.19,-65.52
11740,-67.66,-68.74,-66.57,-65.94
11756,-65.64,-69.07,-66.87,-66.23
11772,-66.94,-69.41,-67.20,-66.57
11788,-66.65,-69.76,-67.53,-66.90
11804,-70.04,-70.11,-67.93,-67.36
11820,-72.14,-70.46,-68.36,-67.88
11836,-67.38,-70.85,-68.71,-68.22
11852,-67.48,-71.21,-69.04,-68.53
11868,-65.47,-71.57,-69.32,-68.74
11884,-70.20,-71.93,-69.69,-69.13
11900,-69.04,-72.30,-70.05,-69.48
11916,-71.66,-72.63,-70.40,-69.87
11932,-71.00,-72.94,-70.72,-70.21
11948,-69.03,-73.23,-70.97,-70.43
11964,-71.25,-73.52,-71.26,-70.73
11980,-71.88,-73.80,-71.54,-71.03
11996,-71.78,-74.06,-71.80,-71.31
12012,-72.45,-74.32,-72.07,-71.59
12028,-72.63,-74.57,-72.32,-71.87
12044,-72.71,-74.81,-72.57,-72.13
12060,-73.18,-75.02,-72.79,-72.37
12076,-72.89,-75.24,-73.01,-72.59
12092,-73.17,-75.45,-73.22,-72.81
12108,-73.66,-75.65,-73.42,-73.03
12124,-73.88,-75.87,-73.65,-73.28
12140,-74.36,-76.10,-73.89,-73.53
12156,-74.70,-76.36,-74.16,-73.83
12172,-75.42,-76.60,-74.41,-74.12
12188,-74.58,-76.85,-74.67,-74.38
12204,-74.48,-77.10,-74.90,-74.61
12220,-73.56,-77.36,-75.14,-74.82
12236,-75.02,-77.64,-75.40,-75.09
12252,-75.82,-77.94,-75.71,-75.40
12268,-75.64,-78.23,-75.99,-75.69
12284,-75.64,-78.54,-76.28,-75.97
12300,-75.77,-78.86,-76.59,-76.27
12316,-76.86,-79.23,-76.95,-76.64
12332,-76.81,-79.59,-77.31,-76.99
12348,-76.89,-79.96,-77.66,-77.34
12364,-78.49,-80.31,-78.02,-77.72
12380,-78.67,-80.65,-78.37,-78.07
12396,-78.96,-80.96,-78.68,-78.41
12412,-79.59,-81.25,-78.99,-78.73
12428,-79.08,-81.51,-79.25,-78.99
12444,-79.76,-81.76,-79.50,-79.26
12460,-78.68,-82.00,-79.71,-79.46
12476,-80.05,-82.24,-79.96,-79.71
12492,-80.42,-82.47,-80.20,-79.96
12508,-80.82,-82.69,-80.43,-80.21
12524,-81.12,-82.92,-80.67,-80.46
12540,-80.60,-83.15,-80.89,-80.69
12556,-80.80,-83.38,-81.11,-80.91
12572,-81.63,-83.60,-81.34,-81.15
12588,-82.10,-83.81,-81.56,-81.39
12604,-81.60,-84.01,-81.75,-81.58
12620,-82.16,-84.20,-81.95,-81.79
12636,-82.73,-84.36,-82.12,-81.99
12652,-82.55,-84.51,-82.28,-82.15
12668,-82.28,-84.66,-82.42,-82.30
12684,-82.71,-84.82,-82.58,-82.46
12700,-82.98,-84.94,-82.71,-82.60
12716,-83.06,-85.06,-82.83,-82.73
12732,-83.68,-85.17,-82.96,-82.88
12748,-83.27,-85.27,-83.07,-83.00
12764,-83.36,-85.36,-83.15,-83.09
12780,-82.40,-85.44,-83.22,-83.14
12796,-83.07,-85.51,-83.29,-83.21
12812,-83.86,-85.58,-83.37,-83.30
12828,-83.93,-85.63,-83.43,-83.38
12844,-83.69,-85.67,-83.47,-83.43
12860,-83.76,-85.71,-83.52,-83.48
12876,-84.20,-85.75,-83.57,-83.56
12892,-83.89,-85.78,-83.60,-83.60
12908,-83.58,-85.80,-83.62,-83.62
12924,-84.07,-85.82,-83.66,-83.66
12940,-84.07,-85.86,-83.70,-83.71
12956,-84.03,-85.89,-83.74,-83.76
12972,-84.45,-85.91,-83.77,-83.81
12988,-83.99,-85.92,-83.78,-83.83
13004,-84.15,-85.93,-83.80,-83.86
13020,-83.96,-85.94,-83.82,-83.88
13036,-84.08,-85.95,-83.83,-83.89
13052,-83.79,-85.95,-83.83,-83.90
13068,-84.77,-85.95,-83.85,-83.94
13084,-83.62,-85.94,-83.83,-83.92
13100,-84.10,-85.93,-83.83,-83.92
13116,-84.00,-85.93,-83.84,-83.93
13132,-84.21,-85.94,-83.85,-83.95
13148,-84.61,-85.95,-83.87,-83.99
13164,-85.02,-85.96,-83.91,-84.05
13180,-84.12,-85.96,-83.91,-84.06
13196,-84.81,-85.93,-83.90,-84.07
13212,-84.87,-85.91,-83.90,-84.09
13228,-84.62,-85.90,-83.91,-84.11
13244,-84.01,-85.89,-83.90,-84.10
13260,-84.27,-85.87,-83.89,-84.09
13276,-84.21,-85.85,-83.88,-84.09
13292,-83.92,-85.83,-83.85,-84.06
13308,-83.74,-85.80,-83.82,-84.02
13324,-83.84,-85.77,-83.79,-84.00
13340,-82.75,-85.75,-83.75,-83.93
13356,-83.91,-85.73,-83.74,-83.92
13372,-83.25,-85.69,-83.69,-83.86
13388,-84.78,-85.66,-83.68,-83.88
13404,-83.77,-85.64,-83.66,-83.86
13420,-83.55,-85.63,-83.65,-83.83
13436,-83.91,-85.59,-83.61,-83.80
13452,-85.24,-85.55,-83.61,-83.84
13468,-83.30,-85.53,-83.59,-83.80
13484,-83.75,-85.53,-83.58,-83.80
13500,-83.65,-85.55,-83.61,-83.82
13516,-81.77,-85.57,-83.59,-83.76
13532,-83.09,-85.56,-83.57,-83.73
13548,-84.67,-85.54,-83.57,-83.75
13564,-85.31,-85.53,-83.59,-83.81
13580,-84.66,-85.52,-83.61,-83.85
13596,-82.81,-85.51,-83.59,-83.80
13612,-81.50,-85.48,-83.51,-83.68
13628,-84.69,-85.44,-83.50,-83.69
13644,-83.64,-85.41,-83.47,-83.67
13660,-80.72,-85.35,-83.35,-83.48
13676,-83.95,-85.26,-83.28,-83.42
13692,-84.33,-85.16,-83.20,-83.37
13708,-84.45,-85.08,-83.15,-83.34
13724,-82.37,-84.95,-83.01,-83.18
13740,-84.53,-84.82,-82.91,-83.12
13756,-84.24,-84.67,-82.79,-83.02
13772,-83.41,-84.50,-82.63,-82.88
13788,-81.86,-84.28,-82.40,-82.63
13804,-82.24,-84.00,-82.12,-82.35
13820,-81.98,-83.69,-81.82,-82.05
13836,-83.77,-83.34,-81.51,-81.79
13852,-80.27,-82.93,-81.08,-81.34
13868,-81.31,-82.49,-80.66,-80.92
13884,-82.15,-82.01,-80.22,-80.52
13900,-80.55,-81.48,-79.70,-80.02
13916,-77.37,-80.85,-79.04,-79.32
13932,-82.04,-80.18,-78.44,-78.79
13948,-82.57,-79.53,-77.89,-78.34
13964,-78.87,-78.88,-77.27,-77.75
13980,-77.33,-78.21,-76.62,-77.10
13996,-75.32,-77.51,-75.91,-76.37
14012,-74.19,-76.75,-75.13,-75.57
14028,-74.20,-75.98,-74.36,-74.78
14044,-73.57,-75.19,-73.57,-73.98
14060,-73.34,-74.38,-72.77,-73.19
14076,-70.25,-73.57,-71.93,-72.30
14092,-68.03,-72.70,-71.00,-71.30
14108,-67.46,-71.73,-69.97,-70.21
14124,-68.08,-70.68,-68.90,-69.12
14140,-68.83,-69.58,-67.83,-68.06
14156,-67.41,-68.50,-66.75,-67.00
14172,-65.85,-67.44,-65.70,-65.94
14188,-63.12,-66.36,-64.59,-64.79
14204,-60.79,-65.22,-63.40,-63.54
14220,-57.53,-64.05,-62.13,-62.17
14236,-57.68,-62.78,-60.80,-60.76
14252,-59.08,-61.44,-59.45,-59.41
14268,-62.18,-60.15,-58.24,-58.29
14284,-61.37,-58.93,-57.11,-57.25
14300,-61.11,-57.76,-56.04,-56.28
14316,-61.98,-56.66,-55.08,-55.47
14332,-59.67,-55.67,-54.20,-54.71
14348,-54.95,-54.78,-53.35,-53.88
14364,-50.66,-53.93,-52.46,-52.94
14380,-49.14,-53.07,-51.55,-51.97
14396,-49.10,-52.20,-50.65,-51.03
14412,-50.33,-51.33,-49.79,-50.17
14428,-52.18,-50.52,-49.05,-49.50
14444,-52.45,-49.82,-48.43,-48.96
14460,-51.10,-49.22,-47.89,-48.48
14476,-51.08,-48.72,-47.47,-48.13
14492,-49.45,-48.34,-47.14,-47.84
14508,-47.32,-48.07,-46.88,-47.57
14524,-45.29,-47.83,-46.61,-47.26
14540,-43.61,-47.56,-46.28,-46.86
14556,-42.17,-47.24,-45.88,-46.38
14572,-41.95,-46.89,-45.46,-45.87
14588,-38.11,-46.02,-44.47,-44.72
14604,-32.52,-45.08,-43.30,-43.31
14620,-45.24,-44.61,-42.88,-42.94
14636,-39.74,-44.28,-42.50,-42.50
14652,-39.04,-43.79,-41.95,-41.88
14668,-40.52,-43.15,-41.30,-41.21
14684,-43.00,-42.48,-40.67,-40.63
14700,-44.61,-41.86,-40.14,-40.19
14716,-44.09,-41.31,-39.68,-39.83
14732,-40.85,-40.82,-39.22,-39.41
14748,-34.63,-40.06,-38.39,-38.49
14764,-42.06,-39.37,-37.79,-37.97
14780,-39.49,-38.68,-37.14,-37.38
14796,-38.57,-37.94,-36.45,-36.73
14812,-50.53,-37.25,-36.05,-36.64
14828,-34.34,-36.55,-35.33,-35.89
14844,-33.19,-35.92,-34.67,-35.18
14860,-33.33,-35.38,-34.11,-34.60
14876,-32.93,-34.90,-33.62,-34.09
14892,-32.67,-34.48,-33.19,-33.63
14908,-32.07,-34.07,-32.77,-33.19
14924,-32.12,-33.70,-32.39,-32.80
14940,-32.48,-33.32,-32.02,-32.43
14956,-33.63,-32.90,-31.64,-32.09
14972,-43.79,-32.39,-31.39,-32.10
14988,-35.74,-31.80,-30.90,-31.70
15004,-31.49,-31.17,-30.28,-31.10
15020,-29.88,-30.55,-29.68,-30.49
15036,-24.41,-29.92,-28.95,-29.64
15052,-21.81,-29.13,-28.03,-28.57
15068,-25.89,-28.29,-27.17,-27.67
15084,-26.08,-27.44,-26.31,-26.81
15100,-25.28,-26.54,-25.41,-25.89
15116,-25.06,-25.57,-24.45,-24.94
15132,-23.75,-24.52,-23.41,-23.89
15148,-22.25,-23.43,-22.31,-22.78
15164,-20.99,-22.32,-21.20,-21.65
15180,-20.03,-21.22,-20.10,-20.54
15196,-18.90,-20.14,-19.02,-19.45
15212,-17.76,-19.06,-17.94,-18.35
15228,-16.10,-17.98,-16.84,-17.23
15244,-14.46,-16.93,-15.77,-16.12
15260,-12.43,-15.89,-14.68,-14.97
15276,-12.57,-14.91,-13.67,-13.94
15292,-11.75,-13.97,-12.72,-12.96
15308,-12.93,-13.16,-11.93,-12.18
15324,-12.59,-12.47,-11.26,-11.54
15340,-9.65,-11.87,-10.65,-10.89
15356,-9.47,-11.36,-10.12,-10.35
15372,-7.66,-10.94,-9.65,-9.83
15388,-5.10,-10.56,-9.19,-9.27
15404,-6.41,-10.23,-8.82,-8.84
15420,-13.02,-9.82,-8.50,-8.62
15436,0.79,-9.50,-8.00,-7.92
15452,-11.19,-9.14,-7.71,-7.70
15468,-4.97,-8.78,-7.30,-7.24
15484,-9.32,-8.38,-6.95,-6.94
15500,-10.36,-7.96,-6.61,-6.68
15516,-8.92,-7.48,-6.19,-6.32
15532,-10.21,-7.00,-5.79,-6.02
15548,-6.81,-6.51,-5.33,-5.58
15564,-6.38,-5.99,-4.85,-5.13
15580,-5.72,-5.46,-4.34,-4.65
15596,-3.72,-4.90,-3.79,-4.08
15612,-2.48,-4.38,-3.25,-3.52
15628,-2.62,-3.90,-2.76,-3.02
15644,-2.10,-3.43,-2.29,-2.54
15660,-3.36,-2.95,-1.84,-2.12
15676,-2.86,-2.44,-1.36,-1.67
15692,-1.05,-1.91,-0.84,-1.14
15708,-0.28,-1.38,-0.30,-0.60
15724,0.83,-0.85,0.24,-0.04
15740,5.44,-0.37,0.81,0.64
15755,1.64,-0.01,1.18,1.03
15770,-1.67,0.30,1.43,1.21
15785,2.80,0.33,1.48,1.30
15800,1.52,0.34,1.50,1.32
15815,2.45,0.34,1.51,1.36
15830,1.45,0.30,1.47,1.32
15845,0.40,0.30,1.46,1.29
15860,-0.16,0.37,1.48,1.29
15875,0.51,0.45,1.55,1.33
15890,0.67,0.43,1.51,1.28
15905,-0.18,0.42,1.47,1.21
15920,1.12,0.42,1.46,1.20
15935,1.09,0.43,1.46,1.20
15950,1.46,0.44,1.48,1.22
15965,1.24,0.45,1.48,1.22
15980,1.40,0.45,1.48,1.23
15995,0.64,0.47,1.48,1.21
16010,1.60,0.46,1.47,1.21
16025,1.52,0.46,1.47,1.22
16040,1.29,0.46,1.47,1.22
16055,1.21,0.46,1.46,1.21
16070,1.27,0.46,1.46,1.21
16085,1.27,0.46,1.46,1.21
16100,1.55,0.46,1.46,1.22
16115,1.41,0.46,1.46,1.23
16130,1.47,0.46,1.46,1.23
16145,1.37,0.46,1.46,1.23
16160,1.33,0.46,1.45,1.23
16175,1.26,0.46,1.45,1.23
16190,1.43,0.46,1.45,1.23
16205,1.37,0.46,1.45,1.23
16220,1.24,0.46,1.45,1.23
16235,1.37,0.46,1.44,1.24
16250,1.43,0.46,1.44,1.24
16265,1.39,0.46,1.44,1.24
16280,1.40,0.46,1.44,1.24
16295,1.41,0.46,1.44,1.24
16310,1.41,0.46,1.44,1.25
16325,1.38,0.46,1.44,1.25
16340,1.26,0.46,1.43,1.25
16355,1.51,0.46,1.44,1.26
16370,1.14,0.47,1.44,1.25
16385,1.44,0.47,1.44,1.26
16400,1.10,0.47,1.43,1.25
16415,1.32,0.47,1.43,1.25
16430,1.28,0.46,1.42,1.24
16445,1.26,0.46,1.42,1.24
16460,1.28,0.46,1.41,1.24
16475,1.23,0.46,1.41,1.23
16490,1.33,0.45,1.40,1.23
16505,1.17,0.45,1.39,1.22
16520,1.27,0.45,1.39,1.22
16535,1.53,0.46,1.40,1.23
16550,1.47,0.46,1.40,1.24
16565,1.28,0.46,1.40,1.24
16580,1.44,0.46,1.40,1.24
16595,1.10,0.46,1.39,1.24
16610,1.50,0.46,1.40,1.25
16625,1.30,0.46,1.39,1.25
16640,1.49,0.46,1.40,1.25
16655,1.43,0.46,1.40,1.26
16670,1.11,0.46,1.39,1.25
16685,1.21,0.46,1.39,1.25
16700,1.18,0.46,1.38,1.24
16715,1.22,0.46,1.38,1.24
16730,1.29,0.45,1.37,1.23
16745,1.17,0.45,1.37,1.23
16760,1.23,0.45,1.37,1.23
16775,1.52,0.45,1.37,1.23
16790,1.26,0.46,1.37,1.24
16805,1.22,0.45,1.37,1.23
16820,1.13,0.46,1.37,1.23
16835,1.43,0.46,1.37,1.24
16850,1.29,0.46,1.36,1.24
16865,1.16,0.45,1.36,1.23
16880,1.26,0.46,1.36,1.23
16895,1.39,0.46,1.36,1.24
16910,1.28,0.46,1.36,1.23
16925,1.40,0.46,1.36,1.24
16940,1.24,0.45,1.35,1.23
16955,1.26,0.45,1.35,1.23
16970,1.43,0.45,1.35,1.24
16985,1.32,0.45,1.35,1.24
17000,1.36,0.45,1.35,1.24
17015,1.31,0.45,1.35,1.24
17030,1.29,0.45,1.34,1.24
17045,1.28,0.45,1.34,1.24
17060,1.33,0.45,1.35,1.25
17075,1.41,0.45,1.35,1.25
17090,1.14,0.45,1.35,1.25
17105,1.52,0.45,1.35,1.25
17120,1.93,0.45,1.35,1.28
17135,1.74,0.45,1.37,1.30
17150,1.70,0.45,1.37,1.31
17165,1.49,0.45,1.37,1.32
17180,0.53,0.45,1.36,1.29
17195,1.41,0.45,1.36,1.29
17210,1.21,0.45,1.36,1.29
17225,1.28,0.45,1.35,1.28
17240,3.11,0.45,1.38,1.35
17255,2.19,0.45,1.40,1.39
17270,2.93,0.44,1.43,1.45
17285,1.80,0.44,1.43,1.46
17300,2.12,0.43,1.44,1.48
17315,1.66,0.43,1.44,1.49
17330,-1.20,0.42,1.38,1.37
17345,0.56,0.42,1.36,1.34
17360,1.23,0.41,1.35,1.33
17375,1.89,0.41,1.36,1.35
17390,0.85,0.41,1.35,1.33
17405,0.30,0.42,1.34,1.30
17420,0.00,0.43,1.32,1.25
17435,-0.03,0.44,1.30,1.21
17450,-0.87,0.44,1.27,1.13
17465,1.91,0.44,1.28,1.16
17480,2.42,0.42,1.28,1.19
17495,2.27,0.32,1.20,1.13
17510,-2.22,0.31,1.13,0.99
17525,1.43,0.32,1.14,1.01
17540,1.19,0.31,1.13,1.01
17555,1.07,0.31,1.13,1.01
17570,1.15,0.30,1.12,1.00
17585,1.28,0.30,1.12,1.01
17600,1.21,0.29,1.12,1.01
17615,1.25,0.29,1.11,1.01
17630,1.26,0.27,1.09,1.00
17645,1.39,0.25,1.08,0.99
17660,2.01,0.21,1.07,1.00
17675,1.67,0.17,1.03,0.98
17690,0.16,0.09,0.94,0.88
17705,0.41,0.01,0.85,0.77
17720,0.23,0.04,0.87,0.79
17735,0.68,0.02,0.84,0.75
17750,0.04,0.02,0.83,0.73
17765,0.60,0.00,0.81,0.70
17780,0.82,0.00,0.81,0.71
17795,1.47,-0.01,0.81,0.73
17810,1.83,-0.01,0.83,0.76
17825,0.99,-0.03,0.82,0.76
17840,0.67,-0.04,0.80,0.74
17855,1.18,-0.07,0.78,0.73
17870,2.45,-0.11,0.78,0.76
17885,2.69,-0.16,0.76,0.79
17900,1.41,-0.23,0.71,0.75
17915,0.69,-0.30,0.63,0.67
17930,1.89,-0.42,0.55,0.61
17945,1.40,-0.57,0.42,0.50
17960,0.33,-0.73,0.25,0.34
17975,0.88,-0.92,0.08,0.18
17990,0.00,-1.11,-0.11,-0.00
18005,0.16,-1.31,-0.29,-0.18
18021,-0.27,-1.49,-0.47,-0.35
18037,-0.09,-1.70,-0.67,-0.54
18053,0.31,-2.02,-0.97,-0.81
18069,1.43,-2.36,-1.25,-1.04
18085,2.75,-2.76,-1.56,-1.27
18101,0.85,-3.14,-1.89,-1.54
18117,0.95,-3.53,-2.21,-1.80
18133,0.55,-3.84,-2.46,-1.99
18149,2.63,-4.18,-2.69,-2.11
18165,0.54,-4.50,-2.94,-2.30
18181,-0.84,-4.83,-3.22,-2.53
18197,-2.13,-5.13,-3.49,-2.78
18213,-1.15,-5.40,-3.71,-2.96
18229,0.99,-5.62,-3.83,-2.98
18245,1.14,-5.81,-3.92,-2.98
18261,0.65,-5.94,-3.96,-2.93
18277,1.59,-6.04,-3.95,-2.81
18293,2.03,-6.19,-3.97,-2.72
18309,1.55,-6.37,-4.03,-2.68
18325,1.53,-6.60,-4.15,-2.69
18341,0.04,-6.86,-4.32,-2.80
18357,1.91,-7.12,-4.45,-2.81
18373,2.02,-7.39,-4.58,-2.82
18389,0.50,-7.58,-4.68,-2.82
18405,0.20,-7.74,-4.73,-2.80
18421,0.30,-7.86,-4.74,-2.73
18437,1.34,-7.97,-4.73,-2.62
18453,0.23,-8.08,-4.74,-2.55
18469,0.57,-8.18,-4.74,-2.46
18485,0.65,-8.29,-4.73,-2.38
18501,-0.02,-8.41,-4.75,-2.33
18517,1.57,-8.55,-4.76,-2.24
18533,0.78,-8.69,-4.79,-2.19
18549,0.28,-8.78,-4.78,-2.11
18565,0.71,-8.87,-4.76,-2.01
18581,0.22,-8.95,-4.74,-1.93
18597,1.37,-9.05,-4.71,-1.81
18613,0.88,-9.19,-4.73,-1.76
18629,1.06,-9.31,-4.74,-1.69
18645,-0.19,-9.40,-4.74,-1.63
18661,0.34,-9.45,-4.69,-1.52
18677,1.16,-9.52,-4.63,-1.40
18693,1.65,-9.62,-4.61,-1.28
18709,0.35,-9.80,-4.68,-1.31
18725,1.05,-10.02,-4.78,-1.34
18741,1.77,-10.25,-4.89,-1.35
18757,0.45,-10.45,-4.97,-1.38
18773,0.77,-10.63,-5.03,-1.37
18789,-0.21,-10.75,-5.06,-1.35
18805,1.15,-10.82,-4.99,-1.22
18821,0.44,-10.90,-4.96,-1.14
18837,1.57,-11.01,-4.95,-1.04
18853,1.37,-11.15,-4.96,-0.98
18869,0.48,-11.29,-4.99,-0.96
18885,3.08,-11.44,-4.97,-0.84
18901,0.05,-11.58,-5.01,-0.84
18917,0.84,-11.72,-5.02,-0.80
18933,1.28,-11.85,-5.03,-0.74
18949,1.34,-11.99,-5.03,-0.68
18965,0.58,-12.11,-5.05,-0.65
18981,1.19,-12.24,-5.05,-0.59
18997,0.45,-12.36,-5.06,-0.56
19013,1.84,-12.52,-5.08,-0.51
19029,1.87,-12.73,-5.14,-0.50
19045,0.65,-12.92,-5.21,-0.53
19061,0.83,-13.03,-5.20,-0.47
19077,0.56,-13.09,-5.14,-0.37
19093,1.12,-13.11,-5.04,-0.22
19109,1.37,-13.15,-4.95,-0.08
19125,0.58,-13.20,-4.88,0.01
19141,1.43,-13.26,-4.82,0.12
19157,-1.91,-13.34,-4.84,0.07
19173,0.76,-13.41,-4.79,0.15
19189,1.84,-13.41,-4.66,0.33
19205,1.18,-13.42,-4.55,0.47
19221,3.34,-13.48,-4.45,0.65
19237,1.02,-13.50,-4.36,0.76
19253,1.18,-13.50,-4.25,0.89
19269,1.71,-13.49,-4.13,1.05
19285,1.55,-13.49,-4.01,1.18
19301,1.69,-13.49,-3.90,1.32
19317,1.55,-13.49,-3.79,1.45
19333,1.80,-13.49,-3.68,1.58
19349,0.92,-13.49,-3.58,1.67
19365,1.72,-13.49,-3.48,1.79
19381,1.75,-13.49,-3.37,1.90
19397,1.10,-13.49,-3.29,1.98
19413,1.48,-13.49,-3.19,2.08
19429,1.30,-13.49,-3.10,2.16
19445,2.02,-13.49,-3.00,2.27
19461,1.28,-13.49,-2.92,2.34
19477,1.61,-13.50,-2.83,2.42
19493,1.60,-13.50,-2.74,2.49
19509,1.88,-13.50,-2.65,2.58
19525,1.22,-13.50,-2.57,2.64
19541,1.11,-13.50,-2.49,2.69
19557,1.12,-13.50,-2.42,2.73
19573,2.15,-13.50,-2.33,2.82
19589,1.72,-13.49,-2.25,2.89
19605,2.06,-13.49,-2.16,2.96
19621,1.62,-13.50,-2.09,3.01
19637,2.19,-13.50,-2.00,3.08
19653,1.70,-13.50,-1.93,3.13
19669,1.48,-13.50,-1.86,3.17
19685,0.88,-13.50,-1.81,3.17
19701,1.99,-13.50,-1.73,3.22
19717,1.65,-13.49,-1.66,3.27
19733,1.18,-13.49,-1.60,3.28
19749,1.70,-13.49,-1.53,3.32
19765,1.80,-13.49,-1.47,3.36
19781,1.72,-13.49,-1.40,3.39
19797,1.86,-13.49,-1.34,3.42
19813,1.24,-13.49,-1.28,3.43
19829,1.77,-13.48,-1.22,3.46
19845,1.04,-13.48,-1.17,3.45
19861,1.38,-13.48,-1.12,3.45
19877,1.50,-13.48,-1.07,3.46
19893,1.44,-13.47,-1.01,3.48
19909,1.75,-13.43,-0.92,3.53
19925,1.50,-13.37,-0.81,3.59
19941,1.75,-13.28,-0.67,3.68
19957,1.88,-13.17,-0.50,3.80
19973,1.28,-13.05,-0.35,3.90
19989,1.99,-12.94,-0.19,4.01
20005,0.63,-12.82,-0.06,4.06
20021,3.10,-12.69,0.12,4.22
20037,3.55,-12.46,0.42,4.49
20053,1.92,-12.10,0.81,4.81
20069,0.28,-11.64,1.24,5.13
20085,-1.65,-11.08,1.73,5.46
20101,-0.37,-10.42,2.34,5.92
20117,2.06,-9.80,2.94,6.41
20132,1.54,-9.24,3.46,6.80
20147,2.26,-8.76,3.91,7.13
20162,1.09,-8.32,4.28,7.35
20177,2.06,-7.92,4.63,7.57
20192,1.23,-7.57,4.91,7.68
20207,0.57,-7.23,5.16,7.76
20222,2.70,-6.89,5.44,7.91
20237,0.53,-6.51,5.71,8.01
20252,0.63,-6.06,6.04,8.16
20267,0.70,-5.58,6.41,8.34
20282,0.67,-5.07,6.80,8.55
20297,0.00,-4.54,7.18,8.72
20312,0.99,-4.06,7.53,8.87
20327,0.78,-3.62,7.83,8.98
20342,-0.21,-3.19,8.08,9.01
20358,0.68,-2.80,8.32,9.05
20373,1.03,-2.48,8.49,9.02
20388,1.40,-2.22,8.60,8.95
20403,1.22,-1.99,8.68,8.84
20418,0.53,-1.77,8.73,8.69
20433,0.85,-1.58,8.76,8.53
20448,0.66,-1.43,8.75,8.32
20463,1.21,-1.29,8.73,8.14
20478,0.73,-1.17,8.69,7.91
20493,0.48,-1.08,8.61,7.65
20508,0.61,-1.00,8.53,7.41
20523,1.00,-0.94,8.44,7.15
20538,0.74,-0.89,8.34,6.89
20553,0.98,-0.84,8.23,6.63
20568,1.02,-0.82,8.11,6.37
20583,1.24,-0.80,7.99,6.11
20598,1.79,-0.82,7.85,5.86
20613,-0.96,-0.58,7.91,5.74
20629,0.35,-0.44,7.89,5.58
20644,2.46,-0.42,7.81,5.40
20659,1.18,-0.47,7.62,5.10
20674,-0.12,-0.46,7.47,4.82
20690,1.17,-0.45,7.36,4.60
20705,0.93,-0.42,7.26,4.39
20720,1.38,-0.40,7.17,4.20
20735,1.25,-0.39,7.05,4.00
20750,1.12,-0.38,6.94,3.80
20765,1.01,-0.37,6.84,3.62
20780,1.22,-0.34,6.76,3.45
20795,1.39,-0.31,6.68,3.30
20810,1.45,-0.30,6.58,3.14
20825,1.35,-0.30,6.48,2.98
20840,1.41,-0.29,6.39,2.82
20855,1.17,-0.29,6.29,2.66
20870,1.36,-0.28,6.19,2.51
20885,1.40,-0.28,6.10,2.37
20900,1.30,-0.28,6.00,2.23
20915,1.45,-0.29,5.91,2.09
20930,1.31,-0.28,5.81,1.96
20945,1.43,-0.29,5.72,1.83
20960,1.37,-0.29,5.64,1.71
20975,1.15,-0.29,5.55,1.59
20990,1.34,-0.29,5.46,1.47
21005,1.28,-0.29,5.38,1.36
21020,1.22,-0.29,5.29,1.25
21035,1.39,-0.30,5.21,1.15
21050,1.15,-0.30,5.13,1.05
21065,1.44,-0.30,5.05,0.96
21080,1.46,-0.30,4.98,0.88
21095,1.04,-0.30,4.90,0.78
21110,1.62,-0.31,4.82,0.70
21125,1.62,-0.33,4.74,0.62
21140,1.67,-0.33,4.68,0.56
21155,1.35,-0.32,4.62,0.50
21170,1.10,-0.31,4.56,0.44
21185,0.94,-0.28,4.52,0.38
21200,-0.59,-0.22,4.47,0.30
21216,-0.52,-0.17,4.43,0.22
21232,3.30,-0.15,4.42,0.25
21247,2.50,-0.16,4.38,0.23
21262,1.02,-0.16,4.31,0.17
21277,1.07,-0.16,4.24,0.11
21292,1.46,-0.16,4.19,0.07
21307,1.20,-0.17,4.12,0.01
21322,1.30,-0.16,4.07,-0.03
21338,1.50,-0.16,4.02,-0.07
21354,-0.04,-0.17,3.93,-0.17
21370,-0.50,-0.18,3.83,-0.29
21386,0.66,-0.18,3.76,-0.36
21402,0.28,-0.16,3.71,-0.41
21418,1.77,-0.15,3.69,-0.40
21434,1.79,-0.13,3.67,-0.40
21450,1.37,-0.12,3.64,-0.40
21466,2.23,-0.07,3.66,-0.34
21482,1.62,0.01,3.69,-0.28
21497,2.26,0.07,3.72,-0.20
21512,2.38,0.07,3.69,-0.18
21527,1.45,0.11,3.69,-0.16
21542,1.40,0.15,3.68,-0.14
21557,0.87,0.18,3.66,-0.15
21572,1.08,0.22,3.64,-0.14
21587,0.77,0.29,3.65,-0.12
21602,1.17,0.32,3.63,-0.12
21617,2.22,0.37,3.65,-0.05
21632,3.13,0.43,3.70,0.06
21647,2.29,0.48,3.72,0.12
21662,2.14,0.53,3.74,0.18
21677,2.13,0.58,3.76,0.23
21692,1.37,0.64,3.77,0.26
21707,2.02,0.67,3.76,0.29
21722,3.27,0.66,3.75,0.33
21737,3.89,0.59,3.68,0.34
21752,3.10,0.48,3.56,0.28
21767,0.15,0.46,3.47,0.19
21782,4.06,0.57,3.59,0.39
21797,1.81,0.65,3.64,0.46
21812,3.46,0.73,3.71,0.59
21827,3.43,0.82,3.79,0.73
21842,3.53,0.91,3.87,0.87
21857,3.07,1.00,3.94,0.99
21872,3.04,1.08,4.01,1.09
21887,3.14,1.17,4.07,1.20
21902,3.81,1.25,4.15,1.34
21917,2.92,1.34,4.22,1.44
21932,2.56,1.42,4.26,1.51
21947,2.09,1.50,4.29,1.55
21962,3.61,1.59,4.37,1.67
21977,4.20,1.68,4.46,1.81
21992,4.70,1.77,4.54,1.96
22007,4.18,1.85,4.62,2.09
22022,3.80,1.94,4.69,2.19
22037,3.11,2.02,4.74,2.26
22052,4.78,2.12,4.83,2.41
22067,6.08,2.21,4.95,2.61
22082,7.71,2.32,5.11,2.87
22097,6.93,2.42,5.25,3.09
22112,5.99,2.52,5.36,3.27
22127,6.89,2.61,5.48,3.47
22142,6.91,2.70,5.59,3.65
22157,7.89,2.78,5.72,3.88
22172,7.77,2.87,5.85,4.09
22187,7.61,2.97,5.98,4.30
22202,9.52,3.08,6.16,4.59
22217,11.54,3.18,6.37,4.95
22232,11.14,3.28,6.56,5.27
22248,11.79,3.37,6.75,5.60
22264,12.05,3.43,6.91,5.90
22279,10.36,3.46,7.02,6.11
22295,9.13,3.52,7.12,6.28
22310,13.20,3.58,7.30,6.62
22325,15.60,3.63,7.51,7.02
22340,16.36,3.66,7.71,7.43
22355,12.90,3.69,7.85,7.70
22371,13.18,3.75,8.02,7.99
22386,16.43,3.81,8.24,8.40
22402,18.96,3.85,8.49,8.88
22418,15.74,3.84,8.64,9.19
22434,19.21,3.82,8.82,9.60
22449,18.43,3.79,8.99,9.97
22465,17.84,3.80,9.17,10.34
22481,19.89,3.86,9.44,10.83
22497,21.98,3.93,9.77,11.41
22513,19.04,3.99,10.01,11.84
22529,23.68,3.98,10.28,12.38
22545,27.07,3.91,10.54,12.98
22561,24.50,3.83,10.74,13.46
22577,24.86,3.76,10.95,13.95
22593,28.43,3.67,11.22,14.55
22609,29.47,3.57,11.49,15.17
22625,29.49,3.47,11.75,15.78
22641,31.53,3.37,12.04,16.45
22657,49.03,3.27,12.68,17.82
22673,65.58,3.18,13.65,19.85
22689,61.70,3.11,14.54,21.69
22705,58.54,3.08,15.40,23.39
22721,63.06,3.09,16.36,25.26
22737,86.79,3.09,17.77,28.05
22753,63.99,3.11,18.71,29.84
22769,86.98,3.14,20.11,32.54
22785,61.52,3.27,21.06,34.21
22801,87.95,3.50,22.63,37.01
22817,99.33,3.77,24.42,40.24
22833,135.57,4.02,26.89,44.86
22849,146.44,4.18,29.44,49.71
22865,139.81,4.30,31.77,54.11
22881,155.66,4.40,34.34,59.02
22897,139.19,4.51,36.55,63.11
22913,119.31,4.63,38.32,66.27
22929,152.43,4.76,40.73,70.71
22945,153.02,4.86,43.08,75.02
22961,138.67,4.94,45.07,78.58
22977,141.21,5.01,47.05,82.12
22993,149.58,5.03,49.13,85.87
23009,144.49,5.03,51.03,89.26
23025,152.03,5.02,53.04,92.84
23041,155.19,4.99,55.06,96.44
23057,153.97,4.98,57.02,99.88
23073,151.43,4.99,58.92,103.13
23089,143.31,5.00,60.62,105.94
23105,146.69,5.00,62.34,108.79
23121,151.11,4.99,64.11,111.71
23137,148.59,4.99,65.79,114.44
23153,155.50,4.99,67.59,117.37
23169,148.20,4.99,69.21,119.91
23185,143.99,5.02,70.72,122.19
23201,145.85,5.03,72.24,124.47
23217,148.76,5.05,73.79,126.78
23233,149.01,5.05,75.30,129.01
23249,157.38,5.05,76.94,131.51
23265,168.17,5.07,78.78,134.38
23281,164.48,5.07,80.50,136.99
23297,152.91,5.07,81.94,139.02
23313,147.74,5.07,83.26,140.76
23329,154.82,5.09,84.71,142.75
23345,154.37,5.10,86.12,144.63
23361,166.79,5.11,87.73,146.96
23377,154.31,5.12,89.07,148.68
23393,152.40,5.12,90.35,150.25
23409,151.81,5.11,91.56,151.71
23425,151.42,5.09,92.74,153.10
23441,152.75,5.08,93.93,154.48
23457,153.24,5.07,95.11,155.83
23473,153.08,5.08,96.28,157.13
23489,158.10,5.09,97.52,158.59
23505,159.59,5.10,98.78,160.05
23521,158.79,5.11,99.98,161.41
23537,152.01,5.11,101.02,162.42
23553,151.88,5.11,102.04,163.38
23569,159.75,5.11,103.19,164.62
23585,166.94,5.11,104.47,166.10
23601,166.17,5.12,105.71,167.51
23617,158.65,5.13,106.79,168.53
23633,150.31,5.13,107.65,169.15
23649,145.98,5.13,108.42,169.56
23665,154.93,5.14,109.36,170.31
23681,146.22,5.15,110.10,170.66
23697,91.89,5.15,109.74,168.71
23713,32.82,5.09,108.15,164.27
23729,16.51,5.01,106.24,159.24
23745,12.28,5.13,104.48,154.34
23761,0.74,5.22,102.49,149.04
23777,31.87,5.34,101.19,145.19
23793,18.90,5.46,99.66,140.90
23809,0.12,5.48,97.69,135.83
23825,0.94,5.48,95.76,130.91
23841,4.23,5.47,93.92,126.24
23857,13.61,5.47,92.31,122.08
23873,19.43,5.47,90.85,118.27
23889,18.31,5.45,89.38,114.49
23905,17.27,5.44,87.93,110.77
23921,31.19,5.41,86.77,107.72
23937,12.94,5.38,85.27,103.99
23953,3.21,5.37,83.61,99.96
23969,-1.70,5.35,81.89,95.83
23985,2.29,5.35,80.29,91.99
24001,4.33,5.34,78.76,88.33
24017,2.24,5.33,77.23,84.69
24033,1.60,5.33,75.71,81.13
24049,1.81,5.33,74.23,77.68
24065,2.71,5.33,72.80,74.36
24081,1.57,5.34,71.38,71.09
24097,1.89,5.35,70.00,67.93
24113,1.47,5.36,68.64,64.85
24129,-0.50,5.37,67.28,61.77
24145,1.27,5.39,65.97,58.86
24161,0.43,5.40,64.67,56.00
24177,2.17,5.42,63.44,53.30
24193,0.78,5.44,62.21,50.63
24209,-1.67,5.46,60.95,47.93
24225,-1.42,5.49,59.73,45.33
24241,-1.18,5.52,58.54,42.82
24257,-0.59,5.56,57.39,40.42
24273,0.00,5.58,56.27,38.11
24288,1.00,5.59,55.18,35.95
24304,1.43,5.62,54.13,33.84
24320,0.76,5.66,53.11,31.79
24336,-0.58,5.71,52.08,29.75
24352,-0.23,5.78,51.10,27.81
24368,1.20,5.83,50.15,25.99
24384,-0.97,5.89,49.18,24.13
24400,-0.78,5.93,48.22,22.32
24416,0.52,5.96,47.30,20.63
24432,2.12,6.00,46.44,19.07
24448,2.26,6.05,45.61,17.58
24464,-0.08,6.10,44.74,16.03
24480,-1.39,6.15,43.87,14.50
24496,-1.11,6.23,43.04,13.05
24512,-0.44,6.28,42.22,11.66
24528,0.91,6.35,41.47,10.39
24544,1.18,6.40,40.71,9.16
24559,0.35,6.45,39.95,8.00
24575,-1.88,6.52,39.18,6.75
24591,-0.83,6.58,38.44,5.58
24607,0.27,6.65,37.74,4.52
24622,1.18,6.70,37.06,3.57
24637,1.26,6.75,36.40,2.66
24652,0.22,6.81,35.73,1.76
24667,-0.65,6.85,35.04,0.84
24683,0.07,6.88,34.37,-0.09
24699,1.02,6.88,33.71,-0.96
24715,0.43,6.91,33.07,-1.80
24731,-0.99,6.96,32.44,-2.63
24747,-0.16,7.01,31.84,-3.39
24763,0.61,7.01,31.21,-4.14
24779,1.34,7.00,30.60,-4.84
24795,1.66,6.99,30.01,-5.49
24811,1.54,7.03,29.48,-6.06
24827,1.24,7.05,28.94,-6.63
24843,0.82,7.07,28.40,-7.20
24859,1.01,7.10,27.88,-7.72
24875,0.95,7.12,27.36,-8.22
24891,0.80,7.13,26.84,-8.72
24907,0.37,7.15,26.32,-9.20
24923,0.39,7.16,25.82,-9.65
24939,0.60,7.20,25.35,-10.05
24955,0.78,7.24,24.90,-10.42
24971,0.50,7.28,24.45,-10.77
24987,1.14,7.32,24.03,-11.07
25003,0.84,7.37,23.61,-11.36
25019,1.00,7.41,23.20,-11.63
25035,0.29,7.45,22.78,-11.91
25051,0.63,7.48,22.37,-12.17
25067,0.27,7.53,21.97,-12.41
25083,1.04,7.62,21.64,-12.55
25099,1.50,7.74,21.36,-12.63
25115,3.98,7.80,21.07,-12.65
25131,2.10,7.77,20.66,-12.84
25147,-0.46,7.77,20.23,-13.08
25163,1.24,7.77,19.85,-13.23
25179,1.89,7.76,19.49,-13.34
25195,1.01,7.76,19.11,-13.48
25211,1.01,7.75,18.75,-13.60
25227,1.34,7.75,18.40,-13.68
25243,1.46,7.76,18.07,-13.75
25259,1.50,7.76,17.74,-13.80
25275,1.15,7.76,17.41,-13.86
25291,1.25,7.76,17.08,-13.90
25307,1.39,7.75,16.76,-13.94
25323,1.60,7.74,16.45,-13.95
25339,1.36,7.74,16.15,-13.95
25355,1.70,7.74,15.85,-13.94
25371,1.27,7.73,15.55,-13.94
25387,0.75,7.72,15.25,-13.94
25403,1.33,7.72,14.97,-13.91
25419,1.38,7.72,14.70,-13.87
25435,0.97,7.72,14.42,-13.84
25451,1.15,7.72,14.16,-13.79
25467,1.26,7.72,13.90,-13.73
25483,1.41,7.73,13.66,-13.65
25499,1.59,7.73,13.42,-13.56
25515,2.28,7.72,13.19,-13.45
25531,0.33,7.76,12.97,-13.36
25547,2.34,7.75,12.75,-13.24
25563,1.45,7.74,12.51,-13.15
25579,1.89,7.74,12.30,-13.02
25595,0.44,7.74,12.06,-12.95
25611,1.23,7.74,11.84,-12.84
25627,1.53,7.74,11.64,-12.72
25643,1.41,7.74,11.43,-12.60
25659,1.27,7.74,11.23,-12.48
25675,1.44,7.73,11.03,-12.35
25691,1.42,7.73,10.83,-12.22
25707,1.15,7.72,10.63,-12.10
25723,1.11,7.73,10.44,-11.97
25739,0.13,7.73,10.25,-11.87
25755,-0.84,7.75,10.04,-11.80
25771,-0.62,7.76,9.84,-11.73
25787,1.66,7.75,9.67,-11.57
25803,2.29,7.73,9.50,-11.39
25819,1.86,7.73,9.34,-11.22
25835,2.83,7.76,9.24,-10.97
25851,1.57,7.89,9.22,-10.69
25867,3.54,8.14,9.35,-10.20
25883,5.81,8.47,9.60,-9.56
25898,2.74,8.61,9.60,-9.23
25913,1.78,8.81,9.64,-8.89
25928,4.30,9.06,9.78,-8.40
25943,4.83,9.35,9.96,-7.87
25958,4.80,9.63,10.13,-7.37
25974,3.52,9.92,10.29,-6.93
25990,3.57,10.26,10.48,-6.47
26006,5.46,10.61,10.73,-5.92
26022,1.61,11.01,10.93,-5.51
26038,2.48,11.44,11.19,-5.03
26054,3.56,11.90,11.49,-4.50
26070,6.52,12.42,11.90,-3.82
26086,6.40,12.97,12.33,-3.12
26102,5.96,13.55,12.77,-2.43
26118,6.57,14.14,13.23,-1.74
26134,7.31,14.70,13.66,-1.07
26150,7.96,15.24,14.07,-0.41
26166,9.33,15.77,14.49,0.27
26182,10.48,16.26,14.89,0.94
26198,10.66,16.72,15.26,1.56
26214,10.09,17.13,15.56,2.11
26230,11.30,17.51,15.85,2.64
26246,11.86,17.84,16.09,3.14
26262,12.37,18.13,16.30,3.61
26278,10.91,18.38,16.44,3.96
26294,10.80,18.59,16.53,4.26
26310,12.40,18.77,16.63,4.59
26326,13.22,18.94,16.73,4.94
26342,12.57,19.11,16.80,5.23
26358,11.58,19.27,16.86,5.49
26374,12.03,19.40,16.89,5.73
26390,13.19,19.52,16.93,5.98
26406,12.78,19.65,16.97,6.24
26422,12.92,19.84,17.08,6.55
26438,9.60,20.34,17.43,7.01
26454,10.39,21.58,18.49,8.19
26470,15.63,22.87,19.70,9.59
26486,18.12,23.91,20.69,10.80
26502,20.10,24.69,21.44,11.80
26518,18.12,25.35,22.03,12.57
26534,17.71,26.08,22.65,13.36
26550,18.53,27.00,23.47,14.32
26566,16.93,28.15,24.47,15.42
26582,18.41,29.44,25.61,16.66
26598,21.57,30.72,26.78,17.97
26614,24.05,31.87,27.86,19.21
26630,26.04,32.87,28.80,20.34
26646,27.39,33.74,29.63,21.35
26662,25.76,34.55,30.35,22.21
26678,26.18,35.35,31.04,23.03
26694,27.77,36.13,31.74,23.88
26710,29.32,36.96,32.50,24.80
26726,30.05,37.85,33.33,25.77
26742,30.15,38.79,34.19,26.76
26758,31.06,39.79,35.10,27.80
26774,31.39,40.81,36.03,28.84
26790,34.06,41.81,36.97,29.93
26806,35.18,42.77,37.87,30.98
26822,35.38,43.69,38.72,31.96
26838,36.91,44.60,39.58,32.96
26854,38.71,45.54,40.48,34.02
26870,37.65,46.56,41.43,35.08
26886,40.24,47.65,42.47,36.26
26902,40.54,48.72,43.48,37.39
26918,40.15,49.73,44.41,38.41
26934,41.78,50.77,45.37,39.47
26950,45.22,51.80,46.38,40.63
26966,46.66,52.77,47.34,41.75
26982,44.34,53.72,48.21,42.70
26998,44.94,54.73,49.13,43.70
27014,47.98,55.77,50.13,44.82
27030,47.74,56.87,51.15,45.93
27046,53.71,57.88,52.20,47.17
27062,52.78,58.67,52.98,48.11
27078,53.58,59.29,53.60,48.88
27094,52.28,59.87,54.14,49.53
27110,52.62,60.44,54.67,50.16
27126,52.85,61.03,55.22,50.80
27142,53.30,61.67,55.81,51.48
27158,55.83,62.28,56.40,52.20
27174,56.13,62.81,56.91,52.83
27190,56.08,63.28,57.36,53.38
27206,57.97,63.69,57.77,53.93
27222,58.44,64.00,58.09,54.38
27238,55.87,64.23,58.28,54.64
27254,56.02,64.46,58.45,54.88
27270,55.71,64.81,58.74,55.22
27286,57.06,65.31,59.19,55.75
27302,58.26,65.80,59.66,56.30
27318,58.67,66.23,60.07,56.79
27334,57.61,66.69,60.46,57.23
27350,60.59,67.15,60.91,57.79
27366,59.34,67.56,61.29,58.23
27382,63.22,67.90,61.66,58.74
27398,59.47,68.24,61.95,59.07
27414,59.36,68.63,62.28,59.44
27430,60.17,69.09,62.69,59.90
27446,61.10,69.60,63.16,60.41
27462,60.81,70.19,63.68,60.97
27478,64.70,70.73,64.24,61.63
27494,66.27,71.15,64.69,62.21
27510,65.50,71.48,65.03,62.65
27526,81.40,71.58,65.45,63.51
27542,64.61,71.62,65.48,63.60
27558,60.84,71.76,65.52,63.61
27574,61.49,71.97,65.64,63.72
27590,64.62,72.19,65.84,63.97
27606,63.19,72.46,66.06,64.20
27622,66.96,72.67,66.28,64.50
27638,64.13,72.86,66.42,64.67
27654,66.49,73.10,66.65,64.97
27670,68.47,73.24,66.83,65.25
27686,66.35,73.37,66.94,65.42
27702,68.17,73.46,67.06,65.62
27718,68.38,73.48,67.11,65.76
27734,65.78,73.50,67.10,65.78
27750,67.98,73.51,67.12,65.89
27766,67.52,73.49,67.11,65.94
27782,65.77,73.49,67.08,65.94
27798,67.53,73.49,67.09,66.01
27814,67.07,73.47,67.08,66.04
27830,67.56,73.42,67.04,66.07
27846,64.75,73.41,66.98,66.01
27862,66.79,73.42,66.98,66.06
27878,66.38,73.40,66.95,66.06
27894,64.84,73.41,66.93,66.03
27910,65.85,73.46,66.95,66.08
27926,66.45,73.48,66.96,66.12
27942,66.08,73.50,66.96,66.15
27958,67.10,73.52,66.99,66.21
27974,67.36,73.51,66.98,66.26
27990,65.69,73.50,66.95,66.24
28006,65.26,73.54,66.96,66.25
28022,67.37,73.59,67.01,66.35
28038,68.32,73.59,67.04,66.44
28054,67.34,73.55,67.01,66.45
28070,65.70,73.54,66.96,66.41
28086,67.04,73.51,66.94,66.43
28102,66.66,73.48,66.90,66.41
28118,66.47,73.45,66.87,66.40
28134,66.39,73.44,66.85,66.40
28150,67.06,73.41,66.82,66.41
28166,66.64,73.37,66.78,66.39
28182,66.85,73.33,66.74,66.38
28198,66.13,73.29,66.69,66.35
28214,66.33,73.27,66.66,66.33
28230,66.69,73.25,66.64,66.34
28246,67.08,73.21,66.61,66.34
28262,66.57,73.14,66.54,66.30
28278,66.11,73.09,66.48,66.26
28294,66.09,73.04,66.43,66.22
28310,66.43,73.00,66.39,66.19
28326,67.23,72.91,66.32,66.17
28342,66.78,72.78,66.20,66.08
28358,66.30,72.61,66.03,65.94
28374,64.63,72.44,65.84,65.73
28390,66.32,72.26,65.67,65.60
28406,65.51,72.06,65.48,65.42
28422,65.93,71.81,65.24,65.21
28438,66.55,71.44,64.91,64.93
28454,64.37,71.04,64.50,64.54
28470,63.90,70.63,64.08,64.13
28486,63.28,70.19,63.64,63.69
28502,62.78,69.74,63.19,63.24
28518,62.15,69.30,62.73,62.78
28534,63.94,68.78,62.25,62.35
28550,66.17,68.07,61.62,61.84
28566,66.26,67.09,60.76,61.10
28582,63.26,65.86,59.60,60.03
28598,54.10,64.76,58.41,58.75
28614,50.11,64.05,57.55,57.73
28630,53.10,63.64,57.06,57.16
28646,56.33,63.30,56.72,56.82
28662,54.64,62.93,56.31,56.38
28678,54.65,62.54,55.89,55.95
28694,54.90,62.25,55.59,55.64
28710,55.21,62.03,55.37,55.42
28726,55.30,61.81,55.15,55.21
28742,54.57,61.58,54.91,54.97
28758,54.36,61.32,54.65,54.71
28774,54.89,61.05,54.39,54.47
28790,53.61,60.72,54.05,54.12
28806,53.52,60.35,53.67,53.75
28822,50.94,60.07,53.35,53.38
28838,54.00,59.83,53.12,53.18
28854,53.80,59.50,52.82,52.90
28870,52.99,59.08,52.40,52.50
28886,53.20,58.58,51.93,52.06
28902,51.36,58.04,51.40,51.53
28918,50.38,57.50,50.85,50.97
28934,49.23,56.98,50.30,50.41
28950,49.91,56.44,49.76,49.88
28966,49.28,55.83,49.15,49.27
28982,49.54,55.07,48.42,48.57
28998,50.41,54.14,47.55,47.77
29014,47.21,53.12,46.54,46.78
29030,43.47,52.18,45.56,45.75
29046,41.45,51.39,44.71,44.82
29062,43.29,50.74,44.03,44.14
29078,43.10,50.15,43.44,43.54
29094,41.78,49.57,42.84,42.91
29110,42.65,48.91,42.19,42.28
29126,42.50,48.19,41.49,41.60
29142,41.04,47.39,40.70,40.82
29158,39.95,46.55,39.86,39.98
29174,37.02,45.70,38.96,39.05
29190,36.25,44.81,38.04,38.09
29206,37.62,43.82,37.07,37.13
29222,36.61,42.69,35.94,36.02
29238,34.03,41.47,34.71,34.77
29254,34.38,40.20,33.46,33.55
29270,32.41,38.92,32.19,32.28
29286,31.27,37.61,30.88,30.98
29302,28.71,36.25,29.51,29.59
29318,26.86,34.93,28.16,28.22
29334,25.84,33.79,27.00,27.03
29350,24.76,32.91,26.09,26.09
29366,24.28,32.22,25.38,25.36
29382,23.88,31.64,24.78,24.75
29398,24.68,31.03,24.17,24.16
29414,24.19,30.28,23.44,23.44
29430,23.46,29.42,22.60,22.62
29446,21.68,28.57,21.75,21.77
29462,20.10,27.82,20.98,20.98
29478,18.59,27.12,20.25,20.22
29494,39.43,26.63,20.15,20.55
29510,21.44,26.09,19.64,20.08
29526,21.06,25.59,19.18,19.65
29542,17.88,25.26,18.83,19.28
29558,15.13,24.90,18.41,18.77
29574,16.41,24.62,18.09,18.42
29590,18.89,24.49,17.98,18.32
29606,21.33,24.35,17.92,18.33
29622,20.61,24.11,17.73,18.20
29638,15.07,23.80,17.37,17.78
29654,19.12,23.42,17.04,17.49
29670,16.60,23.01,16.63,17.08
29686,16.50,22.75,16.37,16.81
29702,18.96,22.53,16.21,16.71
29718,15.76,22.19,15.86,16.35
29734,13.99,21.85,15.49,15.94
29750,14.22,21.52,15.15,15.57
29766,14.72,21.21,14.84,15.25
29782,16.45,20.88,14.54,14.99
29798,15.88,20.53,14.23,14.71
29814,12.16,20.15,13.81,14.24
29830,10.57,19.71,13.31,13.68
29846,7.99,19.26,12.77,13.02
29862,12.25,18.75,12.26,12.51
29878,12.22,18.14,11.66,11.92
29894,11.32,17.56,11.09,11.35
29910,9.51,17.07,10.57,10.80
29926,9.41,16.63,10.12,10.33
29942,9.23,16.17,9.65,9.85
29957,8.77,15.72,9.20,9.38
29973,8.77,15.26,8.73,8.92
29989,9.33,14.84,8.34,8.54
30005,8.48,14.46,7.96,8.17
30021,7.30,14.13,7.63,7.82
30036,5.74,13.83,7.30,7.46
30051,6.31,13.53,6.98,7.13
30067,7.71,13.21,6.68,6.84
30082,7.69,12.91,6.41,6.60
30098,7.60,12.59,6.12,6.33
30113,6.15,12.30,5.83,6.05
30128,6.12,12.04,5.58,5.80
30144,5.39,11.81,5.36,5.58
30159,5.43,11.63,5.18,5.40
30174,6.11,11.46,5.03,5.27
30189,5.25,11.27,4.85,5.09
30204,5.04,11.06,4.65,4.89
30219,4.82,10.85,4.45,4.70
30234,4.59,10.65,4.25,4.50
30249,4.33,10.45,4.05,4.31
30264,4.20,10.27,3.88,4.14
30280,4.89,10.12,3.76,4.04
30295,4.43,10.01,3.66,3.95
30310,2.26,9.91,3.54,3.79
30325,2.83,9.79,3.41,3.64
30340,2.93,9.62,3.23,3.46
30355,2.00,9.44,3.03,3.23
30370,2.20,9.27,2.85,3.03
30385,2.32,9.10,2.67,2.84
30400,3.12,8.92,2.50,2.68
30415,3.70,8.73,2.34,2.55
30430,2.87,8.59,2.22,2.43
30445,1.04,8.52,2.12,2.31
30460,1.75,8.48,2.07,2.25
30475,1.85,8.42,2.01,2.18
30490,2.28,8.33,1.92,2.10
30505,2.20,8.24,1.84,2.02
30520,2.38,8.18,1.79,1.98
30535,0.84,8.14,1.74,1.91
30550,1.01,8.10,1.68,1.83
30565,1.81,8.02,1.61,1.75
30580,2.04,7.92,1.52,1.67
30595,1.66,7.84,1.44,1.60
30610,2.00,7.78,1.40,1.56
30625,1.84,7.75,1.38,1.54
30640,1.73,7.70,1.33,1.51
30655,5.19,7.68,1.39,1.64
30670,-0.26,7.70,1.38,1.59
30685,-1.92,7.72,1.33,1.47
30700,2.73,7.72,1.36,1.52
30715,2.37,7.70,1.36,1.55
30730,1.21,7.70,1.36,1.54
30745,0.97,7.72,1.37,1.53
30760,1.64,7.74,1.39,1.56
30775,1.53,7.74,1.40,1.56
30790,1.41,7.74,1.39,1.55
30805,1.17,7.72,1.38,1.53
30820,1.24,7.71,1.36,1.50
30835,1.68,7.65,1.31,1.46
30850,1.34,7.58,1.24,1.39
30865,1.05,7.52,1.18,1.32
30880,1.97,7.50,1.18,1.33
30895,1.11,7.49,1.16,1.32
30910,1.44,7.46,1.14,1.30
30925,1.35,7.41,1.09,1.25
30940,2.14,7.33,1.04,1.21
30955,0.30,7.24,0.93,1.09
30970,3.69,7.13,0.88,1.10
30985,-1.55,7.15,0.85,1.01
31000,1.26,7.11,0.83,0.99
31015,1.54,7.09,0.82,0.99
31030,-3.00,7.07,0.72,0.82
31045,0.63,7.07,0.72,0.81
31060,0.59,7.05,0.70,0.79
31075,0.27,7.05,0.69,0.76
31090,0.95,7.04,0.68,0.76
31105,1.48,7.04,0.70,0.80
31120,0.89,7.05,0.71,0.81
31135,-0.15,7.06,0.71,0.78
31150,0.26,7.07,0.70,0.77
31165,0.65,7.05,0.69,0.75
31180,1.11,7.00,0.64,0.71
31195,0.10,6.96,0.60,0.66
31210,0.52,6.94,0.57,0.63
31225,1.43,6.90,0.55,0.62
31240,1.53,6.83,0.51,0.60
31255,0.87,6.78,0.46,0.56
31270,1.04,6.75,0.44,0.55
31285,0.93,6.73,0.44,0.55
31300,0.91,6.73,0.44,0.56
31315,0.98,6.68,0.40,0.53
31330,1.09,6.63,0.37,0.51
31345,1.29,6.60,0.36,0.52
31360,1.58,6.56,0.35,0.52
31375,0.44,6.54,0.32,0.50
31390,0.80,6.53,0.32,0.51
31405,0.91,6.50,0.31,0.50
31420,0.98,6.47,0.29,0.50
31435,0.77,6.44,0.28,0.49
31450,0.71,6.39,0.23,0.45
31465,1.11,6.33,0.19,0.42
31480,0.60,6.28,0.15,0.39
31495,1.13,6.24,0.13,0.38
31510,1.64,6.18,0.10,0.38
31525,1.33,6.10,0.05,0.35
31540,1.13,5.99,-0.04,0.28
31555,0.59,5.90,-0.12,0.21
31570,0.80,5.83,-0.17,0.18
31585,1.48,5.76,-0.20,0.17
31600,1.50,5.70,-0.22,0.18
31615,1.44,5.61,-0.28,0.14
31630,2.10,5.51,-0.33,0.14
31645,1.56,5.39,-0.42,0.09
31660,0.47,5.22,-0.56,-0.04
31676,1.05,5.07,-0.68,-0.13
31692,0.46,4.91,-0.80,-0.24
31708,1.23,4.78,-0.89,-0.29
31724,-1.01,4.67,-1.01,-0.42
31740,3.35,4.44,-1.14,-0.46
31756,1.88,4.22,-1.30,-0.57
31772,0.87,3.95,-1.52,-0.74
31788,-0.15,3.74,-1.70,-0.90
31804,0.28,3.59,-1.81,-0.98
31820,0.96,3.49,-1.85,-0.98
31836,1.07,3.45,-1.83,-0.91
31852,0.96,3.45,-1.77,-0.80
31868,1.18,3.46,-1.71,-0.70
31884,1.30,3.47,-1.64,-0.58
31900,1.73,3.50,-1.54,-0.43
31916,2.32,3.57,-1.39,-0.22
31932,2.01,3.65,-1.25,-0.02
31948,1.91,3.72,-1.11,0.16
31963,0.02,3.79,-1.02,0.25
31978,0.69,3.89,-0.89,0.39
31993,-0.08,4.04,-0.73,0.55
32009,0.72,4.16,-0.58,0.70
32024,1.52,4.19,-0.51,0.79
32039,1.40,4.18,-0.48,0.85
32054,1.31,4.20,-0.43,0.91
32069,2.03,4.24,-0.34,1.02
32084,1.06,4.32,-0.23,1.14
32099,0.54,4.41,-0.12,1.23
32114,0.97,4.49,-0.03,1.32
32129,0.34,4.46,-0.05,1.28
32144,1.63,4.39,-0.09,1.26
32159,2.77,4.27,-0.14,1.24
32174,5.03,4.07,-0.24,1.24
32189,3.56,3.89,-0.34,1.19
32204,-0.39,3.78,-0.45,1.05
32220,-1.48,3.74,-0.50,0.95
32236,0.39,3.70,-0.53,0.92
32251,2.22,3.58,-0.59,0.90
32266,3.91,3.31,-0.76,0.79
32281,1.63,2.82,-1.20,0.39
32296,-1.68,2.13,-1.89,-0.32
32312,-3.59,1.27,-2.76,-1.24
32328,-4.69,0.45,-3.61,-2.14
32344,-5.99,-0.27,-4.35,-2.94
32360,-6.79,-0.86,-4.98,-3.63
32376,-7.28,-1.39,-5.55,-4.27
32392,-8.68,-2.01,-6.22,-5.01
32408,-7.46,-2.82,-7.04,-5.86
32424,-7.98,-3.84,-8.05,-6.90
32440,-10.81,-4.94,-9.19,-8.09
32456,-12.12,-6.12,-10.41,-9.37
32472,-13.89,-7.36,-11.69,-10.72
32488,-9.45,-8.47,-12.73,-11.71
32504,-14.56,-9.23,-13.51,-12.54
32520,-16.84,-9.85,-14.19,-13.29
32536,-20.43,-10.61,-15.06,-14.30
32552,-23.98,-11.61,-16.21,-15.63
32568,-23.08,-12.79,-17.51,-17.07
32584,-18.95,-13.92,-18.64,-18.23
32600,-19.93,-14.75,-19.49,-19.09
32616,-19.46,-15.22,-19.95,-19.55
32632,-18.71,-15.51,-20.20,-19.79
32648,-20.41,-15.82,-20.51,-20.11
32664,-22.56,-16.32,-21.04,-20.69
32680,-24.75,-17.04,-21.82,-21.54
32696,-31.46,-17.89,-22.85,-22.77
32712,-36.97,-18.82,-24.05,-24.26
32728,-36.84,-19.85,-25.31,-25.77
32744,-32.07,-20.89,-26.46,-27.05
32760,-26.76,-21.92,-27.47,-28.05
32776,-24.52,-22.96,-28.44,-28.92
32792,-24.77,-23.99,-29.37,-29.76
32808,-27.03,-24.90,-30.22,-30.53
32824,-28.77,-25.64,-30.92,-31.18
32840,-28.23,-26.31,-31.52,-31.71
32856,-28.72,-27.00,-32.13,-32.25
32872,-32.25,-27.66,-32.78,-32.89
32888,-33.75,-28.31,-33.44,-33.56
32904,-34.74,-29.04,-34.18,-34.32
32920,-37.69,-29.86,-35.06,-35.25
32936,-37.92,-30.71,-35.95,-36.19
32952,-37.70,-31.50,-36.76,-37.02
32968,-36.28,-32.15,-37.38,-37.62
32984,-42.89,-32.69,-38.02,-38.37
33000,-35.30,-33.33,-38.59,-38.87
33016,-37.42,-34.00,-39.23,-39.46
33032,-36.26,-34.47,-39.63,-39.79
33048,-38.46,-34.66,-39.79,-39.92
33064,-37.06,-34.65,-39.73,-39.80
33080,-44.05,-34.80,-39.96,-40.13
33096,-40.87,-35.21,-40.38,-40.55
33112,-40.82,-35.79,-40.96,-41.13
33128,-40.66,-36.44,-41.59,-41.73
33144,-39.82,-37.01,-42.11,-42.21
33160,-40.36,-37.39,-42.45,-42.51
33176,-42.03,-37.65,-42.70,-42.74
33192,-42.96,-37.89,-42.94,-42.98
33208,-41.77,-38.14,-43.16,-43.17
33224,-40.17,-38.33,-43.28,-43.23
33240,-40.57,-38.43,-43.33,-43.21
33256,-43.06,-38.55,-43.44,-43.32
33272,-45.11,-38.80,-43.72,-43.63
33288,-45.72,-39.14,-44.10,-44.05
33304,-44.27,-39.48,-44.43,-44.38
33320,-41.39,-39.66,-44.55,-44.43
33336,-42.80,-39.67,-44.52,-44.37
33352,-45.55,-39.60,-44.48,-44.35
33368,-45.43,-39.56,-44.46,-44.36
33384,-45.43,-39.67,-44.58,-44.51
33400,-42.91,-39.92,-44.79,-44.67
33416,-44.43,-40.25,-45.11,-44.98
33432,-52.11,-40.73,-45.71,-45.73
33448,-48.09,-41.41,-46.43,-46.49
33464,-43.93,-42.12,-47.08,-47.06
33480,-44.26,-42.64,-47.53,-47.44
33496,-45.25,-42.85,-47.69,-47.56
33512,-45.37,-42.75,-47.54,-47.36
33528,-46.35,-42.42,-47.20,-47.00
33544,-50.39,-42.12,-46.97,-46.86
33560,-54.69,-42.09,-47.09,-47.15
33576,-51.47,-42.27,-47.36,-47.51
33592,-46.92,-42.52,-47.60,-47.73
33608,-44.30,-42.73,-47.74,-47.79
33624,-45.34,-42.91,-47.86,-47.86
33640,-48.94,-43.09,-48.06,-48.08
33656,-55.33,-43.38,-48.49,-48.66
33672,-58.02,-43.89,-49.18,-49.55
33688,-51.28,-44.55,-49.87,-50.26
33704,-44.64,-45.22,-50.42,-50.68
33720,-44.75,-45.83,-50.90,-51.02
33736,-48.41,-46.39,-51.41,-51.46
33752,-51.81,-46.98,-51.99,-52.04
33768,-52.29,-47.60,-52.60,-52.65
33784,-50.60,-48.24,-53.19,-53.18
33800,-50.02,-48.89,-53.77,-53.67
33816,-51.60,-49.57,-54.38,-54.23
33832,-53.00,-50.23,-55.00,-54.81
33848,-53.32,-50.86,-55.59,-55.34
33864,-53.26,-51.44,-56.11,-55.81
33880,-55.17,-51.97,-56.62,-56.29
33896,-56.41,-52.48,-57.11,-56.77
33912,-54.42,-52.95,-57.52,-57.12
33928,-52.05,-53.34,-57.79,-57.26
33944,-51.87,-53.60,-57.93,-57.28
33960,-55.01,-53.80,-58.06,-57.35
33976,-61.39,-54.02,-58.34,-57.72
33992,-59.43,-54.31,-58.65,-58.05
34008,-55.20,-54.62,-58.89,-58.21
34024,-53.30,-54.90,-59.05,-58.26
34040,-57.46,-55.17,-59.28,-58.46
34056,-59.86,-55.43,-59.55,-58.75
34072,-61.47,-55.67,-59.82,-59.07
34088,-59.74,-55.89,-60.04,-59.29
34104,-58.38,-56.14,-60.25,-59.48
34120,-59.88,-56.45,-60.54,-59.77
34136,-61.71,-56.78,-60.89,-60.15
34152,-60.86,-57.05,-61.16,-60.42
34168,-59.35,-57.24,-61.30,-60.53
34184,-57.96,-57.40,-61.39,-60.56
34200,-62.06,-57.59,-61.59,-60.79
34216,-66.66,-57.82,-61.92,-61.24
34232,-63.17,-58.03,-62.15,-61.50
34248,-61.29,-58.18,-62.28,-61.62
34264,-61.34,-58.34,-62.42,-61.75
34280,-62.29,-58.56,-62.63,-61.96
34296,-61.54,-58.80,-62.85,-62.16
34312,-61.82,-59.02,-63.04,-62.34
34328,-63.19,-59.18,-63.20,-62.52
34344,-66.93,-59.31,-63.40,-62.81
34360,-66.87,-59.44,-63.60,-63.09
34376,-63.46,-59.59,-63.74,-63.23
34392,-61.82,-59.74,-63.85,-63.31
34408,-63.12,-59.88,-63.98,-63.43
34424,-63.86,-59.99,-64.08,-63.54
34440,-65.02,-60.05,-64.16,-63.65
34456,-64.49,-60.13,-64.24,-63.74
34472,-62.32,-60.18,-64.25,-63.72
34488,-61.94,-60.14,-64.17,-63.60
34504,-66.64,-60.06,-64.14,-63.64
34520,-68.61,-60.05,-64.22,-63.83
34536,-65.55,-60.10,-64.29,-63.94
34552,-60.88,-60.16,-64.28,-63.86
34568,-60.43,-60.17,-64.21,-63.72
34584,-63.89,-60.16,-64.20,-63.71
34600,-66.47,-60.17,-64.25,-63.82
34616,-66.85,-60.22,-64.35,-63.99
34632,-65.23,-60.34,-64.49,-64.15
34648,-63.14,-60.49,-64.61,-64.25
34664,-62.59,-60.59,-64.67,-64.27
34680,-63.48,-60.65,-64.71,-64.29
34696,-64.20,-60.74,-64.78,-64.36
34712,-63.64,-60.88,-64.89,-64.45
34728,-62.12,-61.03,-64.99,-64.49
34744,-63.77,-61.14,-65.08,-64.56
34760,-63.41,-61.19,-65.09,-64.55
34776,-63.47,-61.14,-65.01,-64.44
34792,-65.78,-61.07,-64.96,-64.42
34808,-65.77,-61.06,-64.96,-64.46
34824,-64.59,-61.09,-64.99,-64.48
34840,-64.52,-61.12,-65.01,-64.50
34856,-64.90,-61.14,-65.02,-64.52
34872,-64.47,-61.13,-65.00,-64.50
34888,-64.60,-61.15,-65.01,-64.51
34904,-65.10,-61.18,-65.04,-64.56
34920,-65.53,-61.19,-65.06,-64.60
34936,-64.98,-61.10,-64.97,-64.52
34952,-66.20,-61.02,-64.91,-64.50
34968,-66.92,-60.99,-64.93,-64.57
34984,-66.66,-60.99,-64.97,-64.65
35000,-65.80,-60.95,-64.94,-64.66
35016,-64.92,-60.86,-64.85,-64.58
35032,-64.18,-60.75,-64.73,-64.45
35048,-64.49,-60.68,-64.66,-64.38
35064,-65.71,-60.62,-64.62,-64.37
35080,-65.42,-60.51,-64.53,-64.31
35096,-65.27,-60.32,-64.36,-64.17
35112,-64.65,-60.07,-64.11,-63.94
35128,-65.12,-59.77,-63.84,-63.70
35144,-64.54,-59.46,-63.55,-63.44
35160,-62.06,-59.07,-63.14,-63.01
35176,-61.06,-58.59,-62.63,-62.46
35192,-60.65,-58.03,-62.04,-61.86
35208,-57.54,-57.35,-61.29,-61.02
35224,-57.09,-56.43,-60.30,-59.97
35240,-55.31,-55.13,-58.93,-58.52
35256,-54.25,-53.41,-57.15,-56.69
35272,-53.87,-51.41,-55.12,-54.65
35288,-57.22,-49.38,-53.17,-52.79
35304,-62.77,-47.45,-51.47,-51.35
35320,-57.69,-45.68,-49.87,-49.93
35336,-42.57,-43.93,-48.00,-47.94
35352,-35.89,-41.99,-45.86,-45.59
35368,-36.88,-39.87,-43.60,-43.18
35384,-38.98,-37.63,-41.32,-40.86
35400,-38.12,-35.36,-39.02,-38.55
35416,-37.45,-33.13,-36.81,-36.36
35432,-34.87,-30.94,-34.62,-34.19
35448,-33.48,-28.78,-32.48,-32.08
35464,-32.42,-26.76,-30.50,-30.15
35480,-29.17,-24.96,-28.72,-28.38
35496,-26.60,-23.31,-27.05,-26.72
35512,-24.84,-21.66,-25.39,-25.05
35528,-23.40,-19.98,-23.71,-23.37
35544,-20.34,-18.34,-22.03,-21.66
35560,-18.11,-16.72,-20.37,-19.96
35576,-15.19,-15.11,-18.68,-18.21
35592,-13.50,-13.52,-17.03,-16.48
35608,-10.91,-11.97,-15.38,-14.74
35624,-10.38,-10.44,-13.78,-13.08
35640,-9.53,-9.07,-12.35,-11.60
35656,-8.06,-7.92,-11.14,-10.34
35672,-6.13,-6.98,-10.12,-9.25
35688,-3.61,-6.11,-9.14,-8.16
35704,-7.54,-5.20,-8.21,-7.23
35720,-2.33,-4.21,-7.12,-6.05
35736,-1.86,-3.18,-6.01,-4.86
35752,-1.66,-2.26,-5.02,-3.82
35768,-0.93,-1.52,-4.22,-2.97
35784,-0.43,-1.01,-3.64,-2.34
35800,2.42,-0.69,-3.20,-1.80
35816,4.69,-0.57,-2.93,-1.38
35832,1.93,-0.54,-2.80,-1.18
35848,-3.77,-0.44,-2.73,-1.15
35864,-6.69,-0.15,-2.52,-1.06
35880,-4.11,0.22,-2.19,-0.80
35896,-5.17,0.56,-1.91,-0.62
35912,0.75,0.80,-1.62,-0.30
35928,6.24,0.93,-1.34,0.12
35943,7.28,1.02,-1.08,0.54
35958,5.08,1.18,-0.80,0.92
35973,9.00,1.42,-0.37,1.51
35988,11.42,1.67,0.11,2.21
36003,14.32,1.95,0.67,3.03
36018,14.28,2.25,1.24,3.83
36034,9.70,2.61,1.76,4.49
36049,7.33,3.00,2.25,5.04
36064,5.00,3.48,2.78,5.56
36079,4.38,4.09,3.41,6.17
36094,2.20,4.84,4.12,6.79
36109,-0.15,5.66,4.84,7.35
36124,-3.03,6.53,5.53,7.82
36139,1.98,7.37,6.28,8.44
36154,3.28,8.07,6.91,8.95
36169,-3.38,8.65,7.27,9.05
36184,-12.97,9.21,7.42,8.73
36200,23.52,9.65,8.17,9.78
36216,20.07,9.98,8.73,10.54
36232,16.32,10.24,9.14,11.07
36248,13.33,10.47,9.45,11.43
36264,6.89,10.66,9.58,11.47
36280,8.90,10.81,9.71,11.55
36296,8.10,10.98,9.85,11.61
36312,7.13,11.14,9.95,11.62
36328,9.34,11.24,10.03,11.65
36344,13.01,11.29,10.15,11.79
36360,15.85,11.32,10.29,12.03
36376,18.48,11.33,10.46,12.33
36392,19.60,11.18,10.50,12.53
36408,19.31,10.75,10.25,12.44
36424,11.62,10.13,9.67,11.86
36440,1.43,9.95,9.33,11.31
36455,1.09,10.41,9.61,11.37
36471,6.88,11.32,10.46,12.10
36487,13.82,12.21,11.39,13.05
36503,17.48,12.84,12.14,13.88
36519,17.81,13.31,12.71,14.52
36535,16.80,13.77,13.24,15.10
36551,16.28,14.34,13.86,15.73
36567,15.83,15.10,14.64,16.50
36583,16.22,15.95,15.50,17.34
36599,15.59,16.77,16.31,18.10
36615,17.09,17.59,17.13,18.88
36631,20.68,18.35,17.94,19.71
36647,22.22,18.90,18.58,20.39
36663,19.92,19.29,18.98,20.78
36679,19.07,19.64,19.33,21.08
36695,19.22,19.97,19.65,21.35
36711,20.77,20.31,20.00,21.69
36727,24.03,20.66,20.43,22.16
36743,25.16,20.94,20.80,22.59
36759,24.82,21.08,21.01,22.85
36775,18.01,21.13,21.00,22.73
36791,20.38,21.23,21.09,22.76
36807,20.18,21.06,20.91,22.53
36823,17.48,20.95,20.72,22.24
36839,19.14,20.88,20.63,22.08
36855,23.36,20.72,20.53,22.01
36871,17.95,20.55,20.31,21.70
36887,17.37,20.50,20.20,21.50
36903,22.42,20.45,20.20,21.51
36919,24.04,20.17,20.00,21.37
36935,20.79,19.70,19.56,20.93
36951,15.54,19.29,19.07,20.33
36967,16.00,19.11,18.83,20.00
36983,22.87,18.98,18.79,20.02
36999,24.88,18.68,18.61,19.95
37015,19.87,18.32,18.29,19.63
37031,21.32,18.03,18.07,19.45
37047,23.60,17.72,17.87,19.35
37063,19.60,17.39,17.58,19.07
37079,12.37,17.12,17.21,18.56
37095,8.87,17.14,17.07,18.20
37111,16.15,17.37,17.27,18.36
37127,24.33,17.53,17.57,18.78
37143,23.92,17.60,17.76,19.08
37159,27.12,17.67,18.02,19.50
37175,26.40,17.69,18.21,19.84
37191,22.60,17.68,18.29,19.98
37207,17.70,17.67,18.26,19.91
37223,14.46,17.66,18.18,19.71
37239,12.95,17.71,18.12,19.50
37255,18.54,17.82,18.24,19.60
37271,31.54,17.94,18.63,20.23
37287,40.12,17.97,19.08,21.12
37303,27.52,17.96,19.24,21.42
37319,17.91,18.05,19.30,21.41
37335,17.57,18.19,19.40,21.43
37351,22.51,18.36,19.64,21.68
37367,37.85,18.57,20.20,22.60
37383,74.61,18.78,21.50,25.02
37399,7.07,18.79,21.22,24.37
37415,75.18,18.82,22.33,26.60
37431,31.64,19.09,22.78,27.16
37447,77.67,19.47,24.25,29.74
37463,45.97,19.84,25.04,30.91
37479,76.82,20.18,26.41,33.29
37495,69.63,20.54,27.63,35.33
37511,95.26,20.89,29.33,38.36
37527,121.94,21.21,31.49,42.38
37543,133.99,21.49,33.82,46.75
37559,128.01,21.76,35.97,50.74
37575,102.01,22.09,37.61,53.57
37591,102.96,22.38,39.20,56.32
37607,110.25,22.53,40.77,59.15
37623,126.52,22.57,42.53,62.48
37639,132.39,22.55,44.30,65.89
37655,134.77,22.52,46.08,69.29
37671,137.97,22.57,47.97,72.80
37687,137.82,22.79,49.98,76.36
37703,144.02,23.05,52.12,80.11
37719,143.06,23.28,54.16,83.67
37735,146.30,23.56,56.28,87.30
37751,141.16,23.89,58.30,90.65
37767,133.35,24.19,60.10,93.55
37783,141.17,24.55,62.07,96.72
37799,145.76,25.00,64.18,100.07
37815,153.27,25.52,66.47,103.70
37831,158.15,25.96,68.74,107.33
37847,160.15,26.39,70.99,110.91
37863,157.19,26.83,73.15,114.26
37879,155.71,27.21,75.17,117.37
37895,151.85,27.59,77.07,120.22
37911,151.99,27.96,78.94,122.97
37927,157.31,28.29,80.83,125.81
37943,164.26,28.66,82.86,128.87
37959,167.87,29.11,85.00,132.06
37975,166.14,29.55,87.05,135.05
37991,164.01,29.88,88.91,137.74
38007,166.88,30.17,90.76,140.42
38023,170.71,30.51,92.69,143.22
38039,172.91,30.97,94.74,146.12
38055,173.64,31.50,96.84,149.01
38071,171.81,32.01,98.84,151.70
38087,171.17,32.43,100.70,154.18
38103,169.70,32.80,102.45,156.47
38119,170.14,33.11,104.10,158.62
38135,170.66,33.39,105.70,160.67
38151,172.29,33.66,107.30,162.72
38167,172.75,33.88,108.83,164.66
38183,172.89,34.01,110.24,166.43
38199,170.89,34.07,111.51,167.99
38215,171.40,34.14,112.77,169.51
38231,171.74,34.25,114.06,171.03
38247,172.66,34.38,115.36,172.54
38263,175.49,34.48,116.66,174.07
38279,177.49,34.59,117.98,175.64
38295,176.97,34.70,119.27,177.12
38311,175.22,34.79,120.48,178.45
38327,172.95,34.91,121.65,179.65
38343,172.90,34.96,122.72,180.73
38359,174.96,34.92,123.73,181.76
38375,176.24,34.92,124.78,182.83
38391,176.85,34.96,125.86,183.92
38407,176.66,34.97,126.89,184.93
38423,176.82,34.99,127.90,185.90
38439,177.09,35.06,128.95,186.88
38455,175.75,35.15,129.98,187.78
38471,174.28,35.18,130.90,188.52
38487,175.29,35.25,131.85,189.29
38503,176.34,35.37,132.86,190.12
38519,175.65,35.42,133.76,190.81
38535,176.45,35.45,134.64,191.47
38551,175.65,35.49,135.50,192.08
38567,174.92,35.55,136.36,192.64
38583,174.19,35.61,137.17,193.13
38599,175.27,35.62,137.94,193.59
38615,176.11,35.67,138.75,194.09
38631,176.46,35.70,139.53,194.55
38647,177.49,35.69,140.28,194.99
38663,175.72,35.71,141.01,195.35
38679,173.62,35.73,141.69,195.60
38695,174.61,35.72,142.33,195.83
38711,177.94,35.71,143.03,196.18
38727,179.79,35.73,143.79,196.62
38743,178.29,35.77,144.52,196.98
38759,175.21,35.79,145.15,197.16
38775,175.50,35.79,145.76,197.32
38791,175.67,35.82,146.39,197.50
38807,176.24,35.84,147.01,197.66
38823,176.36,35.82,147.58,197.78
38839,177.38,35.81,148.15,197.92
38855,177.44,35.81,148.75,198.06
38871,176.61,35.81,149.30,198.15
38887,174.87,35.80,149.80,198.13
38903,176.16,35.80,150.33,198.17
38919,177.31,35.82,150.89,198.26
38935,177.86,35.80,151.41,198.32
38951,178.47,35.79,151.94,198.39
38967,177.80,35.83,152.49,198.47
38983,176.08,35.85,152.99,198.44
38999,174.77,35.85,153.43,198.33
39015,175.42,35.86,153.87,198.24
39031,177.08,35.83,154.31,198.17
39047,178.61,35.80,154.76,198.16
39063,177.80,35.77,155.20,198.11
39079,177.23,35.76,155.63,198.03
39095,177.09,35.76,156.06,197.95
39111,175.60,35.75,156.44,197.79
39127,174.57,35.72,156.77,197.56
39143,176.74,35.69,157.14,197.42
39159,177.12,35.68,157.53,197.29
39175,177.91,35.65,157.91,197.19
39191,177.20,35.66,158.30,197.07
39207,174.42,35.69,158.65,196.86
39223,176.74,35.68,159.00,196.69
39239,178.22,35.67,159.39,196.60
39255,176.74,35.68,159.74,196.44
39271,176.64,35.66,160.05,196.24
39287,176.53,35.65,160.37,196.05
39303,177.34,35.65,160.71,195.90
39319,177.09,35.64,161.03,195.72
39335,176.53,35.62,161.32,195.51
39351,176.12,35.60,161.60,195.27
39367,176.34,35.56,161.85,195.02
39383,177.07,35.52,162.12,194.80
39399,176.51,35.46,162.35,194.54
39415,177.23,35.39,162.58,194.29
39431,177.42,35.35,162.84,194.09
39447,176.55,35.35,163.11,193.88
39463,175.31,35.32,163.32,193.59
39479,176.15,35.29,163.55,193.34
39495,177.28,35.28,163.82,193.15
39511,175.83,35.24,164.02,192.87
39527,175.29,35.13,164.14,192.50
39543,177.06,35.04,164.31,192.23
39559,178.00,35.03,164.57,192.08
39575,178.28,34.98,164.79,191.90
39591,177.83,34.84,164.92,191.61
39607,175.55,34.70,165.00,191.23
39623,172.42,34.58,165.02,190.74
39639,172.25,34.47,165.07,190.27
39655,173.50,34.45,165.21,189.94
39671,175.43,34.46,165.42,189.73
39687,175.27,34.32,165.49,189.37
39703,175.80,34.05,165.42,188.90
39719,176.97,33.79,165.40,188.51
39735,177.85,33.62,165.48,188.25
39751,177.80,33.44,165.56,187.99
39767,176.86,33.21,165.56,187.64
39783,174.40,33.01,165.53,187.22
39799,172.06,32.86,165.52,186.76
39815,168.66,32.71,165.43,186.18
39831,167.92,32.49,165.27,185.51
39847,173.20,32.22,165.17,185.03
39863,178.64,31.96,165.18,184.79
39879,-179.76,31.71,158.03,169.63
39895,177.88,31.44,158.16,169.77
39911,173.62,31.13,158.18,169.70
39927,170.53,30.80,158.09,169.49
39943,168.08,30.38,157.89,169.10
39959,170.16,29.98,157.73,168.82
39975,179.43,29.59,157.79,168.96
39991,-176.06,29.24,150.77,154.31
40007,-171.76,28.94,144.02,140.30
40023,157.59,28.67,144.04,140.44
40039,148.68,28.38,143.84,140.17
40055,159.16,28.02,143.80,140.31
40071,167.54,27.71,143.96,140.85
40087,176.64,27.45,144.36,141.81
40103,-171.80,27.24,137.84,128.28
40119,168.11,27.00,138.20,129.25
40135,68.03,26.62,136.43,125.91
40151,39.30,26.24,134.12,121.47
40167,77.00,25.94,132.68,118.82
40183,135.62,25.61,132.41,118.66
40199,147.31,25.15,132.26,118.88
40215,145.67,24.70,132.09,119.06
40231,143.33,24.37,131.98,119.26
40247,138.11,24.07,131.82,119.28
40263,112.30,23.76,131.12,118.22
40279,80.47,23.38,129.74,115.82
40295,41.14,22.94,127.53,111.78
40311,17.67,22.49,124.89,106.89
40327,10.84,22.06,122.19,101.88
40343,10.80,21.64,119.55,97.03
40359,18.88,21.21,117.12,92.66
40375,18.09,20.81,114.75,88.41
40391,16.77,20.44,112.42,84.28
40407,16.34,20.06,110.13,80.24
40423,4.56,19.71,107.67,75.87
40439,2.05,19.44,105.30,71.61
40455,5.90,19.21,103.08,67.69
40471,11.30,19.01,101.05,64.14
40487,14.22,18.77,99.08,60.79
40503,10.62,18.44,96.98,57.32
40519,2.08,18.13,94.79,53.62
40535,-0.39,17.96,92.72,50.08
40551,4.70,17.87,90.87,46.94
40567,8.06,17.74,89.08,44.01
40583,5.79,17.54,87.23,41.02
40599,3.45,17.41,85.42,38.09
40615,1.10,17.26,83.59,35.16
40631,-0.14,17.00,81.66,32.16
40647,0.33,16.69,79.73,29.25
40663,2.45,16.43,77.93,26.57
40679,5.45,16.21,76.27,24.15
40695,5.77,15.98,74.63,21.82
40711,3.18,15.75,72.97,19.47
40727,0.28,15.55,71.32,17.12
40743,-2.02,15.43,69.74,14.84
40759,-2.12,15.36,68.23,12.69
40775,-0.99,15.33,66.82,10.70
40791,-1.00,15.39,65.52,8.87
40807,1.11,15.54,64.38,7.29
40823,1.67,15.68,63.26,5.78
40839,-0.61,15.75,62.05,4.17
40855,-2.82,15.91,60.91,2.62
40871,-1.59,16.16,59.91,1.27
40887,0.53,16.27,58.82,-0.08
40903,0.30,16.22,57.60,-1.53
40919,1.91,16.10,56.38,-2.91
40935,2.43,15.99,55.19,-4.21
40951,1.47,15.87,54.00,-5.50
40967,-2.42,15.72,52.72,-6.92
40983,-4.97,15.64,51.49,-8.32
40999,-4.25,15.66,50.40,-9.52
41015,-1.43,15.68,49.38,-10.56
41031,-1.11,15.68,48.37,-11.56
41047,-1.58,15.76,47.45,-12.45
41063,0.71,15.98,46.73,-13.07
41079,1.56,16.27,46.11,-13.56
41095,1.51,16.57,45.51,-14.00
41111,2.61,16.80,44.88,-14.44
41127,2.27,16.93,44.15,-14.95
41143,1.87,16.94,43.32,-15.57
41159,0.04,16.88,42.39,-16.30
41175,-3.07,16.87,41.48,-17.06
41191,-5.15,16.91,40.58,-17.82
41207,-3.30,16.95,39.74,-18.48
41223,-0.26,16.94,38.93,-19.00
41239,2.00,16.91,38.16,-19.43
41255,1.87,16.88,37.41,-19.82
41271,1.77,16.90,36.72,-20.14
41287,0.83,16.93,36.03,-20.47
41303,-0.94,16.93,35.29,-20.87
41319,-2.07,16.93,34.54,-21.29
41335,-2.46,16.96,33.83,-21.66
41351,-0.53,17.07,33.26,-21.85
41367,1.09,17.26,32.80,-21.88
41383,8.15,17.68,32.71,-21.38
41399,-0.18,17.96,32.33,-21.37
41415,-0.58,18.05,31.76,-21.52
41431,-0.64,18.00,31.07,-21.81
41447,0.89,17.97,30.43,-21.99
41463,2.34,17.92,29.82,-22.09
41479,1.27,17.84,29.17,-22.27
41495,0.30,17.82,28.57,-22.39
41511,1.00,17.89,28.09,-22.38
41527,-0.04,17.98,27.61,-22.39
41543,1.50,18.04,27.15,-22.34
41559,0.74,18.09,26.67,-22.32
41575,-0.23,18.19,26.23,-22.27
41591,1.30,18.34,25.88,-22.11
41607,0.13,18.45,25.48,-22.02
41623,0.18,18.57,25.08,-21.92
41639,-1.07,18.70,24.69,-21.84
41655,-0.73,18.84,24.31,-21.74
41671,-0.54,18.95,23.93,-21.64
41687,2.26,19.05,23.59,-21.43
41703,2.25,19.18,23.29,-21.19
41719,1.49,19.27,22.94,-21.01
41735,0.88,19.34,22.57,-20.86
41751,0.58,19.35,22.14,-20.78
41767,1.27,19.31,21.69,-20.71
41783,1.36,19.24,21.21,-20.66
41799,1.68,19.16,20.74,-20.58
41815,1.35,19.08,20.28,-20.51
41831,-0.11,19.08,19.87,-20.42
41847,0.88,19.09,19.49,-20.26
41863,0.77,19.10,19.13,-20.10
41879,1.26,19.08,18.76,-19.94
41895,1.11,19.06,18.38,-19.79
41911,0.06,19.06,18.02,-19.65
41927,1.40,19.05,17.67,-19.46
41943,-0.23,19.08,17.35,-19.29
41959,0.20,19.06,16.98,-19.15
41975,0.71,19.06,16.66,-18.96
41991,1.09,19.04,16.33,-18.77
42007,1.12,19.02,16.01,-18.57
42023,0.87,19.01,15.70,-18.38
42039,0.88,19.02,15.40,-18.16
42055,1.28,19.04,15.14,-17.91
42071,1.03,19.08,14.90,-17.65
42087,0.75,19.13,14.66,-17.39
42103,0.56,19.21,14.46,-17.11
42119,1.83,19.26,14.25,-16.80
42135,-0.18,19.28,13.99,-16.61
42151,0.94,19.25,13.70,-16.41
42167,1.67,19.26,13.47,-16.15
42183,1.20,19.28,13.24,-15.90
42199,0.90,19.30,13.01,-15.66
42215,1.08,19.29,12.77,-15.43
42231,0.89,19.29,12.53,-15.21
42247,0.67,19.28,12.28,-15.01
42263,0.99,19.22,12.00,-14.83
42279,0.51,19.17,11.71,-14.67
42295,0.83,19.08,11.42,-14.52
42311,1.66,19.01,11.15,-14.33
42327,1.19,18.93,10.88,-14.15
42343,1.14,18.87,10.62,-13.97
42359,1.28,18.81,10.37,-13.76
42375,0.72,18.78,10.15,-13.56
42391,1.90,18.76,9.96,-13.30
42407,1.47,18.73,9.77,-13.06
42423,1.01,18.71,9.57,-12.83
42439,1.09,18.69,9.38,-12.60
42455,1.98,18.69,9.23,-12.32
42471,-0.24,18.69,9.05,-12.13
42487,1.24,18.69,8.88,-11.89
42503,0.60,18.68,8.71,-11.67
42519,0.28,18.67,8.54,-11.48
42535,-0.05,18.67,8.36,-11.28
42551,-4.07,18.82,8.26,-11.12
42567,81.85,19.69,10.58,-6.69
42583,3.92,19.39,10.15,-6.75
42599,-4.05,19.40,9.89,-6.83
42615,2.32,19.36,9.69,-6.71
42631,1.17,19.38,9.54,-6.56
42647,1.80,19.38,9.38,-6.41
42663,1.38,19.38,9.23,-6.28
42679,1.46,19.38,9.07,-6.15
42695,1.57,19.38,8.93,-6.00
42711,1.18,19.38,8.77,-5.89
42727,1.38,19.38,8.62,-5.76
42743,1.23,19.38,8.47,-5.64
42759,1.19,19.37,8.32,-5.53
42775,1.11,19.37,8.17,-5.42
42791,1.17,19.37,8.03,-5.30
42807,1.28,19.36,7.89,-5.18
42823,1.07,19.37,7.76,-5.07
42839,1.31,19.37,7.63,-4.95
42855,1.39,19.38,7.52,-4.82
42871,1.47,19.38,7.40,-4.69
42887,1.28,19.38,7.27,-4.58
42903,1.37,19.38,7.16,-4.46
42919,1.26,19.38,7.04,-4.35
42935,1.06,19.39,6.92,-4.24
42951,1.37,19.39,6.81,-4.13
42967,1.15,19.39,6.70,-4.03
42983,1.15,19.39,6.59,-3.92
42999,1.34,19.39,6.49,-3.81
43015,0.97,19.39,6.38,-3.72
43031,1.20,19.39,6.27,-3.62
43047,1.37,19.39,6.17,-3.52
43063,1.33,19.38,6.07,-3.41
43079,1.21,19.38,5.98,-3.32
43095,1.11,19.38,5.88,-3.22
43111,1.42,19.38,5.79,-3.12
43127,1.18,19.38,5.69,-3.03
43143,1.23,19.37,5.60,-2.95
43159,1.07,19.37,5.50,-2.86
43175,1.22,19.37,5.42,-2.77
43191,1.25,19.38,5.34,-2.67
43207,1.19,19.38,5.26,-2.59
43223,1.18,19.38,5.18,-2.50
43239,1.18,19.38,5.10,-2.42
43255,1.26,19.37,5.02,-2.33
43271,1.38,19.37,4.94,-2.25
43287,1.29,19.37,4.87,-2.16
43303,1.19,19.37,4.79,-2.09
43319,1.09,19.37,4.72,-2.01
43335,1.28,19.37,4.65,-1.93
43351,0.91,19.37,4.57,-1.87
43367,1.38,19.37,4.51,-1.79
43383,1.28,19.37,4.44,-1.71
43399,1.28,19.36,4.38,-1.64
43415,1.15,19.36,4.31,-1.57
43431,1.30,19.36,4.26,-1.49
43447,1.07,19.36,4.19,-1.43
43463,1.10,19.37,4.13,-1.36
43479,1.06,19.37,4.07,-1.30
43495,1.24,19.37,4.01,-1.24
43511,1.36,19.37,3.96,-1.17
43527,1.41,19.36,3.91,-1.10
43543,1.17,19.37,3.86,-1.03
43559,1.19,19.36,3.80,-0.98
43575,0.17,19.41,3.77,-0.92
43591,2.58,19.67,4.00,-0.55
43607,3.99,19.69,4.02,-0.37
43623,1.25,19.75,4.03,-0.27
43639,2.89,19.74,3.99,-0.18
43655,-2.21,19.75,3.88,-0.28
43671,1.59,19.74,3.83,-0.23
43687,0.95,19.74,3.76,-0.21
43703,1.56,19.74,3.72,-0.16
43719,1.25,19.74,3.67,-0.12
43735,1.88,19.75,3.65,-0.04
